[{"رقم المقرر":1,"رمز المقرر":"101 كيم","اسم المقرر":"كيمياء عامة (1)","الشعبة":"23269","النشاط":"محاضرة","الساعات":"4","الجنس":"ذكر","الحالة":"مغلقة"},{"رقم المقرر":2,"رمز المقرر":"101 كيم","اسم المقرر":"كيمياء عامة (1)","الشعبة":"23270","النشاط":"عملي","الساعات":"","الجنس":"ذكر","الحالة":"مغلقة"},{"رقم المقرر":3,"رمز المقرر":"101 كيم","اسم المقرر":"كيمياء عامة (1)","الشعبة":"23275","النشاط":"محاضرة","الساعات":"4","الجنس":"ذكر","الحالة":"مغلقة"},{"رقم المقرر":4,"رمز المقرر":"101 كيم","اسم المقرر":"كيمياء عامة (1)","الشعبة":"23276","النشاط":"عملي","الساعات":"","الجنس":"ذكر","الحالة":"مغلقة"},{"رقم المقرر":5,"رمز المقرر":"101 كيم","اسم المقرر":"كيمياء عامة (1)","الشعبة":"23279","النشاط":"محاضرة","الساعات":"4","الجنس":"ذكر","الحالة":"مفتوحة"},{"رقم المقرر":6,"رمز المقرر":"101 كيم","اسم المقرر":"كيمياء عامة (1)","الشعبة":"23280","النشاط":"عملي","الساعات":"","الجنس":"ذكر","الحالة":"مفتوحة"},{"رقم المقرر":7,"رمز المقرر":"101 كيم","اسم المقرر":"كيمياء عامة (1)","الشعبة":"23283","النشاط":"محاضرة","الساعات":"4","الجنس":"ذكر","الحالة":"مغلقة"},{"رقم المقرر":8,"رمز المقرر":"101 كيم","اسم المقرر":"كيمياء عامة (1)","الشعبة":"23284","النشاط":"عملي","الساعات":"","الجنس":"ذكر","الحالة":"مغلقة"},{"رقم المقرر":9,"رمز المقرر":"101 كيم","اسم المقرر":"كيمياء عامة (1)","الشعبة":"23289","النشاط":"محاضرة","الساعات":"4","الجنس":"ذكر","الحالة":"مغلقة"},{"رقم المقرر":10,"رمز المقرر":"101 كيم","اسم المقرر":"كيمياء عامة (1)","الشعبة":"23290","النشاط":"عملي","الساعات":"","الجنس":"ذكر","الحالة":"مغلقة"},{"رقم المقرر":11,"رمز المقرر":"101 كيم","اسم المقرر":"كيمياء عامة (1)","الشعبة":"24133","النشاط":"محاضرة","الساعات":"4","الجنس":"ذكر","الحالة":"مغلقة"},{"رقم المقرر":12,"رمز المقرر":"101 كيم","اسم المقرر":"كيمياء عامة (1)","الشعبة":"24134","النشاط":"عملي","الساعات":"","الجنس":"ذكر","الحالة":"مغلقة"},{"رقم المقرر":13,"رمز المقرر":"101 كيم","اسم المقرر":"كيمياء عامة (1)","الشعبة":"33386","النشاط":"محاضرة","الساعات":"4","الجنس":"ذكر","الحالة":"مفتوحة"},{"رقم المقرر":14,"رمز المقرر":"101 كيم","اسم المقرر":"كيمياء عامة (1)","الشعبة":"33387","النشاط":"عملي","الساعات":"","الجنس":"ذكر","الحالة":"مفتوحة"},{"رقم المقرر":15,"رمز المقرر":"101 كيم","اسم المقرر":"كيمياء عامة (1)","الشعبة":"37254","النشاط":"محاضرة","الساعات":"4","الجنس":"ذكر","الحالة":"مفتوحة"},{"رقم المقرر":16,"رمز المقرر":"101 كيم","اسم المقرر":"كيمياء عامة (1)","الشعبة":"37255","النشاط":"عملي","الساعات":"","الجنس":"ذكر","الحالة":"مفتوحة"},{"رقم المقرر":17,"رمز المقرر":"101 كيم","اسم المقرر":"كيمياء عامة (1)","الشعبة":"39912","النشاط":"محاضرة","الساعات":"4","الجنس":"ذكر","الحالة":"مفتوحة"},{"رقم المقرر":18,"رمز المقرر":"101 كيم","اسم المقرر":"كيمياء عامة (1)","الشعبة":"39913","النشاط":"عملي","الساعات":"","الجنس":"ذكر","الحالة":"مفتوحة"},{"رقم المقرر":19,"رمز المقرر":"101 كيم","اسم المقرر":"كيمياء عامة (1)","الشعبة":"42166","النشاط":"محاضرة","الساعات":"4","الجنس":"ذكر","الحالة":"مغلقة"},{"رقم المقرر":20,"رمز المقرر":"101 كيم","اسم المقرر":"كيمياء عامة (1)","الشعبة":"42167","النشاط":"عملي","الساعات":"","الجنس":"ذكر","الحالة":"مغلقة"},{"رقم المقرر":21,"رمز المقرر":"101 كيم","اسم المقرر":"كيمياء عامة (1)","الشعبة":"42789","النشاط":"محاضرة","الساعات":"4","الجنس":"ذكر","الحالة":"مفتوحة"},{"رقم المقرر":22,"رمز المقرر":"101 كيم","اسم المقرر":"كيمياء عامة (1)","الشعبة":"42790","النشاط":"عملي","الساعات":"","الجنس":"ذكر","الحالة":"مفتوحة"},{"رقم المقرر":23,"رمز المقرر":"101 كيم","اسم المقرر":"كيمياء عامة (1)","الشعبة":"42791","النشاط":"محاضرة","الساعات":"4","الجنس":"ذكر","الحالة":"مفتوحة"},{"رقم المقرر":24,"رمز المقرر":"101 كيم","اسم المقرر":"كيمياء عامة (1)","الشعبة":"42792","النشاط":"عملي","الساعات":"","الجنس":"ذكر","الحالة":"مفتوحة"},{"رقم المقرر":25,"رمز المقرر":"101 كيم","اسم المقرر":"كيمياء عامة (1)","الشعبة":"42793","النشاط":"محاضرة","الساعات":"4","الجنس":"ذكر","الحالة":"مغلقة"},{"رقم المقرر":26,"رمز المقرر":"101 كيم","اسم المقرر":"كيمياء عامة (1)","الشعبة":"42794","النشاط":"عملي","الساعات":"","الجنس":"ذكر","الحالة":"مغلقة"},{"رقم المقرر":27,"رمز المقرر":"101 كيم","اسم المقرر":"كيمياء عامة (1)","الشعبة":"43870","النشاط":"محاضرة","الساعات":"4","الجنس":"ذكر","الحالة":"مفتوحة"},{"رقم المقرر":28,"رمز المقرر":"101 كيم","اسم المقرر":"كيمياء عامة (1)","الشعبة":"43871","النشاط":"عملي","الساعات":"","الجنس":"ذكر","الحالة":"مفتوحة"},{"رقم المقرر":29,"رمز المقرر":"101 كيم","اسم المقرر":"كيمياء عامة (1)","الشعبة":"51735","النشاط":"محاضرة","الساعات":"4","الجنس":"ذكر","الحالة":"مغلقة"},{"رقم المقرر":30,"رمز المقرر":"101 كيم","اسم المقرر":"كيمياء عامة (1)","الشعبة":"51736","النشاط":"عملي","الساعات":"","الجنس":"ذكر","الحالة":"مغلقة"},{"رقم المقرر":31,"رمز المقرر":"101 كيم","اسم المقرر":"كيمياء عامة (1)","الشعبة":"55803","النشاط":"محاضرة","الساعات":"4","الجنس":"ذكر","الحالة":"مغلقة"},{"رقم المقرر":32,"رمز المقرر":"101 كيم","اسم المقرر":"كيمياء عامة (1)","الشعبة":"55804","النشاط":"عملي","الساعات":"","الجنس":"ذكر","الحالة":"مغلقة"},{"رقم المقرر":33,"رمز المقرر":"101 كيم","اسم المقرر":"كيمياء عامة (1)","الشعبة":"57035","النشاط":"محاضرة","الساعات":"4","الجنس":"ذكر","الحالة":"مفتوحة"},{"رقم المقرر":34,"رمز المقرر":"101 كيم","اسم المقرر":"كيمياء عامة (1)","الشعبة":"57036","النشاط":"عملي","الساعات":"","الجنس":"ذكر","الحالة":"مفتوحة"},{"رقم المقرر":35,"رمز المقرر":"101 كيم","اسم المقرر":"كيمياء عامة (1)","الشعبة":"60195","النشاط":"محاضرة","الساعات":"4","الجنس":"ذكر","الحالة":"مفتوحة"},{"رقم المقرر":36,"رمز المقرر":"101 كيم","اسم المقرر":"كيمياء عامة (1)","الشعبة":"60196","النشاط":"عملي","الساعات":"","الجنس":"ذكر","الحالة":"مفتوحة"},{"رقم المقرر":37,"رمز المقرر":"101 كيح","اسم المقرر":"كيمياء حيوية عامة","الشعبة":"3620","النشاط":"محاضرة","الساعات":"4","الجنس":"ذكر","الحالة":"مفتوحة"},{"رقم المقرر":38,"رمز المقرر":"101 كيح","اسم المقرر":"كيمياء حيوية عامة","الشعبة":"3621","النشاط":"عملي","الساعات":"","الجنس":"ذكر","الحالة":"مفتوحة"},{"رقم المقرر":39,"رمز المقرر":"101 كيح","اسم المقرر":"كيمياء حيوية عامة","الشعبة":"3622","النشاط":"محاضرة","الساعات":"4","الجنس":"ذكر","الحالة":"مغلقة"},{"رقم المقرر":40,"رمز المقرر":"101 كيح","اسم المقرر":"كيمياء حيوية عامة","الشعبة":"3623","النشاط":"عملي","الساعات":"","الجنس":"ذكر","الحالة":"مغلقة"},{"رقم المقرر":41,"رمز المقرر":"101 كيح","اسم المقرر":"كيمياء حيوية عامة","الشعبة":"29125","النشاط":"محاضرة","الساعات":"4","الجنس":"ذكر","الحالة":"مفتوحة"},{"رقم المقرر":42,"رمز المقرر":"101 كيح","اسم المقرر":"كيمياء حيوية عامة","الشعبة":"29126","النشاط":"عملي","الساعات":"","الجنس":"ذكر","الحالة":"مفتوحة"},{"رقم المقرر":43,"رمز المقرر":"101 كيح","اسم المقرر":"كيمياء حيوية عامة","الشعبة":"52175","النشاط":"محاضرة","الساعات":"4","الجنس":"ذكر","الحالة":"مفتوحة"},{"رقم المقرر":44,"رمز المقرر":"101 كيح","اسم المقرر":"كيمياء حيوية عامة","الشعبة":"52176","النشاط":"عملي","الساعات":"","الجنس":"ذكر","الحالة":"مفتوحة"},{"رقم المقرر":45,"رمز المقرر":"101 كيح","اسم المقرر":"كيمياء حيوية عامة","الشعبة":"52177","النشاط":"محاضرة","الساعات":"4","الجنس":"ذكر","الحالة":"مفتوحة"},{"رقم المقرر":46,"رمز المقرر":"101 كيح","اسم المقرر":"كيمياء حيوية عامة","الشعبة":"52178","النشاط":"عملي","الساعات":"","الجنس":"ذكر","الحالة":"مفتوحة"},{"رقم المقرر":47,"رمز المقرر":"101 كيح","اسم المقرر":"كيمياء حيوية عامة","الشعبة":"52179","النشاط":"محاضرة","الساعات":"4","الجنس":"ذكر","الحالة":"مغلقة"},{"رقم المقرر":48,"رمز المقرر":"101 كيح","اسم المقرر":"كيمياء حيوية عامة","الشعبة":"52180","النشاط":"عملي","الساعات":"","الجنس":"ذكر","الحالة":"مغلقة"},{"رقم المقرر":49,"رمز المقرر":"101 كيح","اسم المقرر":"كيمياء حيوية عامة","الشعبة":"71328","النشاط":"محاضرة","الساعات":"4","الجنس":"ذكر","الحالة":"مغلقة"},{"رقم المقرر":50,"رمز المقرر":"101 كيح","اسم المقرر":"كيمياء حيوية عامة","الشعبة":"71329","النشاط":"عملي","الساعات":"","الجنس":"ذكر","الحالة":"مغلقة"},{"رقم المقرر":51,"رمز المقرر":"101 كيح","اسم المقرر":"كيمياء حيوية عامة","الشعبة":"71392","النشاط":"محاضرة","الساعات":"4","الجنس":"ذكر","الحالة":"مفتوحة"},{"رقم المقرر":52,"رمز المقرر":"101 كيح","اسم المقرر":"كيمياء حيوية عامة","الشعبة":"71393","النشاط":"عملي","الساعات":"","الجنس":"ذكر","الحالة":"مفتوحة"},{"رقم المقرر":53,"رمز المقرر":"225 وقن","اسم المقرر":"امراض المحاصيل الحقليه والبستانيه","الشعبة":"4983","النشاط":"محاضرة","الساعات":"3","الجنس":"ذكر","الحالة":"مفتوحة"},{"رقم المقرر":54,"رمز المقرر":"225 وقن","اسم المقرر":"امراض المحاصيل الحقليه والبستانيه","الشعبة":"4995","النشاط":"عملي","الساعات":"","الجنس":"ذكر","الحالة":"مفتوحة"},{"رقم المقرر":55,"رمز المقرر":"211 وقن","اسم المقرر":"ميكروبيولوجيا زراعية","الشعبة":"9410","النشاط":"محاضرة","الساعات":"3","الجنس":"ذكر","الحالة":"مفتوحة"},{"رقم المقرر":56,"رمز المقرر":"211 وقن","اسم المقرر":"ميكروبيولوجيا زراعية","الشعبة":"9411","النشاط":"عملي","الساعات":"","الجنس":"ذكر","الحالة":"مفتوحة"},{"رقم المقرر":57,"رمز المقرر":"211 وقن","اسم المقرر":"ميكروبيولوجيا زراعية","الشعبة":"33397","النشاط":"محاضرة","الساعات":"3","الجنس":"ذكر","الحالة":"مفتوحة"},{"رقم المقرر":58,"رمز المقرر":"211 وقن","اسم المقرر":"ميكروبيولوجيا زراعية","الشعبة":"33398","النشاط":"عملي","الساعات":"","الجنس":"ذكر","الحالة":"مفتوحة"},{"رقم المقرر":59,"رمز المقرر":"211 وقن","اسم المقرر":"ميكروبيولوجيا زراعية","الشعبة":"53267","النشاط":"محاضرة","الساعات":"3","الجنس":"ذكر","الحالة":"مفتوحة"},{"رقم المقرر":60,"رمز المقرر":"211 وقن","اسم المقرر":"ميكروبيولوجيا زراعية","الشعبة":"53268","النشاط":"عملي","الساعات":"","الجنس":"ذكر","الحالة":"مفتوحة"},{"رقم المقرر":61,"رمز المقرر":"242 وقن","اسم المقرر":"الافات الحشريه للمحاصيل الحقليه والبستانية","الشعبة":"37605","النشاط":"محاضرة","الساعات":"3","الجنس":"ذكر","الحالة":"مفتوحة"},{"رقم المقرر":62,"رمز المقرر":"242 وقن","اسم المقرر":"الافات الحشريه للمحاصيل الحقليه والبستانية","الشعبة":"37606","النشاط":"عملي","الساعات":"","الجنس":"ذكر","الحالة":"مفتوحة"},{"رقم المقرر":63,"رمز المقرر":"301 رشد","اسم المقرر":"تطبيقات ارشادية","الشعبة":"18034","النشاط":"محاضرة","الساعات":"2","الجنس":"ذكر","الحالة":"مفتوحة"},{"رقم المقرر":64,"رمز المقرر":"301 رشد","اسم المقرر":"تطبيقات ارشادية","الشعبة":"18035","النشاط":"عملي","الساعات":"","الجنس":"ذكر","الحالة":"مفتوحة"},{"رقم المقرر":65,"رمز المقرر":"301 رشد","اسم المقرر":"تطبيقات ارشادية","الشعبة":"32088","النشاط":"محاضرة","الساعات":"2","الجنس":"ذكر","الحالة":"مفتوحة"},{"رقم المقرر":66,"رمز المقرر":"301 رشد","اسم المقرر":"تطبيقات ارشادية","الشعبة":"32089","النشاط":"عملي","الساعات":"","الجنس":"ذكر","الحالة":"مفتوحة"},{"رقم المقرر":67,"رمز المقرر":"230 هزر","اسم المقرر":"نظم المياه والري","الشعبة":"18026","النشاط":"محاضرة","الساعات":"2","الجنس":"ذكر","الحالة":"مفتوحة"},{"رقم المقرر":68,"رمز المقرر":"230 هزر","اسم المقرر":"نظم المياه والري","الشعبة":"18027","النشاط":"عملي","الساعات":"","الجنس":"ذكر","الحالة":"مفتوحة"},{"رقم المقرر":69,"رمز المقرر":"100 احص","اسم المقرر":"مقدمة في الإحصاء","الشعبة":"29086","النشاط":"محاضرة","الساعات":"3","الجنس":"ذكر","الحالة":"مفتوحة"},{"رقم المقرر":70,"رمز المقرر":"100 احص","اسم المقرر":"مقدمة في الإحصاء","الشعبة":"71350","النشاط":"تمارين","الساعات":"","الجنس":"ذكر","الحالة":"مفتوحة"},{"رقم المقرر":71,"رمز المقرر":"100 احص","اسم المقرر":"مقدمة في الإحصاء","الشعبة":"29087","النشاط":"تمارين","الساعات":"","الجنس":"ذكر","الحالة":"مفتوحة"},{"رقم المقرر":72,"رمز المقرر":"100 احص","اسم المقرر":"مقدمة في الإحصاء","الشعبة":"70079","النشاط":"تمارين","الساعات":"","الجنس":"ذكر","الحالة":"مفتوحة"},{"رقم المقرر":73,"رمز المقرر":"100 احص","اسم المقرر":"مقدمة في الإحصاء","الشعبة":"36009","النشاط":"محاضرة","الساعات":"3","الجنس":"ذكر","الحالة":"مغلقة"},{"رقم المقرر":74,"رمز المقرر":"100 احص","اسم المقرر":"مقدمة في الإحصاء","الشعبة":"36010","النشاط":"تمارين","الساعات":"","الجنس":"ذكر","الحالة":"مغلقة"},{"رقم المقرر":75,"رمز المقرر":"100 احص","اسم المقرر":"مقدمة في الإحصاء","الشعبة":"72113","النشاط":"تمارين","الساعات":"","الجنس":"ذكر","الحالة":"مفتوحة"},{"رقم المقرر":76,"رمز المقرر":"102 نبت","اسم المقرر":"علم النبات","الشعبة":"29123","النشاط":"محاضرة","الساعات":"3","الجنس":"ذكر","الحالة":"مغلقة"},{"رقم المقرر":77,"رمز المقرر":"102 نبت","اسم المقرر":"علم النبات","الشعبة":"29124","النشاط":"عملي","الساعات":"","الجنس":"ذكر","الحالة":"مغلقة"},{"رقم المقرر":78,"رمز المقرر":"102 نبت","اسم المقرر":"علم النبات","الشعبة":"33715","النشاط":"محاضرة","الساعات":"3","الجنس":"ذكر","الحالة":"مفتوحة"},{"رقم المقرر":79,"رمز المقرر":"102 نبت","اسم المقرر":"علم النبات","الشعبة":"33716","النشاط":"عملي","الساعات":"","الجنس":"ذكر","الحالة":"مفتوحة"},{"رقم المقرر":80,"رمز المقرر":"102 نبت","اسم المقرر":"علم النبات","الشعبة":"36146","النشاط":"محاضرة","الساعات":"3","الجنس":"ذكر","الحالة":"مفتوحة"},{"رقم المقرر":81,"رمز المقرر":"102 نبت","اسم المقرر":"علم النبات","الشعبة":"36147","النشاط":"عملي","الساعات":"","الجنس":"ذكر","الحالة":"مفتوحة"},{"رقم المقرر":82,"رمز المقرر":"102 نبت","اسم المقرر":"علم النبات","الشعبة":"36148","النشاط":"محاضرة","الساعات":"3","الجنس":"ذكر","الحالة":"مفتوحة"},{"رقم المقرر":83,"رمز المقرر":"102 نبت","اسم المقرر":"علم النبات","الشعبة":"36149","النشاط":"عملي","الساعات":"","الجنس":"ذكر","الحالة":"مفتوحة"},{"رقم المقرر":84,"رمز المقرر":"102 نبت","اسم المقرر":"علم النبات","الشعبة":"36150","النشاط":"محاضرة","الساعات":"3","الجنس":"ذكر","الحالة":"مفتوحة"},{"رقم المقرر":85,"رمز المقرر":"102 نبت","اسم المقرر":"علم النبات","الشعبة":"36151","النشاط":"عملي","الساعات":"","الجنس":"ذكر","الحالة":"مفتوحة"},{"رقم المقرر":86,"رمز المقرر":"102 نبت","اسم المقرر":"علم النبات","الشعبة":"44111","النشاط":"محاضرة","الساعات":"3","الجنس":"ذكر","الحالة":"مفتوحة"},{"رقم المقرر":87,"رمز المقرر":"102 نبت","اسم المقرر":"علم النبات","الشعبة":"44112","النشاط":"عملي","الساعات":"","الجنس":"ذكر","الحالة":"مفتوحة"},{"رقم المقرر":88,"رمز المقرر":"102 نبت","اسم المقرر":"علم النبات","الشعبة":"44113","النشاط":"محاضرة","الساعات":"3","الجنس":"ذكر","الحالة":"مفتوحة"},{"رقم المقرر":89,"رمز المقرر":"102 نبت","اسم المقرر":"علم النبات","الشعبة":"44114","النشاط":"عملي","الساعات":"","الجنس":"ذكر","الحالة":"مفتوحة"},{"رقم المقرر":90,"رمز المقرر":"102 نبت","اسم المقرر":"علم النبات","الشعبة":"44121","النشاط":"محاضرة","الساعات":"3","الجنس":"ذكر","الحالة":"مفتوحة"},{"رقم المقرر":91,"رمز المقرر":"102 نبت","اسم المقرر":"علم النبات","الشعبة":"44122","النشاط":"عملي","الساعات":"","الجنس":"ذكر","الحالة":"مفتوحة"},{"رقم المقرر":92,"رمز المقرر":"102 نبت","اسم المقرر":"علم النبات","الشعبة":"51749","النشاط":"محاضرة","الساعات":"3","الجنس":"ذكر","الحالة":"مفتوحة"},{"رقم المقرر":93,"رمز المقرر":"102 نبت","اسم المقرر":"علم النبات","الشعبة":"51750","النشاط":"عملي","الساعات":"","الجنس":"ذكر","الحالة":"مفتوحة"},{"رقم المقرر":94,"رمز المقرر":"102 نبت","اسم المقرر":"علم النبات","الشعبة":"51751","النشاط":"محاضرة","الساعات":"3","الجنس":"ذكر","الحالة":"مفتوحة"},{"رقم المقرر":95,"رمز المقرر":"102 نبت","اسم المقرر":"علم النبات","الشعبة":"51752","النشاط":"عملي","الساعات":"","الجنس":"ذكر","الحالة":"مفتوحة"},{"رقم المقرر":96,"رمز المقرر":"102 نبت","اسم المقرر":"علم النبات","الشعبة":"52152","النشاط":"محاضرة","الساعات":"3","الجنس":"ذكر","الحالة":"مفتوحة"},{"رقم المقرر":97,"رمز المقرر":"102 نبت","اسم المقرر":"علم النبات","الشعبة":"52153","النشاط":"عملي","الساعات":"","الجنس":"ذكر","الحالة":"مفتوحة"},{"رقم المقرر":98,"رمز المقرر":"102 نبت","اسم المقرر":"علم النبات","الشعبة":"52157","النشاط":"محاضرة","الساعات":"3","الجنس":"ذكر","الحالة":"مغلقة"},{"رقم المقرر":99,"رمز المقرر":"102 نبت","اسم المقرر":"علم النبات","الشعبة":"52158","النشاط":"عملي","الساعات":"","الجنس":"ذكر","الحالة":"مغلقة"},{"رقم المقرر":100,"رمز المقرر":"102 نبت","اسم المقرر":"علم النبات","الشعبة":"59040","النشاط":"محاضرة","الساعات":"3","الجنس":"ذكر","الحالة":"مفتوحة"},{"رقم المقرر":101,"رمز المقرر":"102 نبت","اسم المقرر":"علم النبات","الشعبة":"59041","النشاط":"عملي","الساعات":"","الجنس":"ذكر","الحالة":"مفتوحة"},{"رقم المقرر":102,"رمز المقرر":"102 نبت","اسم المقرر":"علم النبات","الشعبة":"59042","النشاط":"محاضرة","الساعات":"3","الجنس":"ذكر","الحالة":"مفتوحة"},{"رقم المقرر":103,"رمز المقرر":"102 نبت","اسم المقرر":"علم النبات","الشعبة":"59043","النشاط":"عملي","الساعات":"","الجنس":"ذكر","الحالة":"مفتوحة"},{"رقم المقرر":104,"رمز المقرر":"106 نجح","اسم المقرر":"مقدمة في نظم الانتاج الحيواني","الشعبة":"32262","النشاط":"محاضرة","الساعات":"2","الجنس":"ذكر","الحالة":"مفتوحة"},{"رقم المقرر":105,"رمز المقرر":"106 نجح","اسم المقرر":"مقدمة في نظم الانتاج الحيواني","الشعبة":"44240","النشاط":"محاضرة","الساعات":"2","الجنس":"ذكر","الحالة":"مفتوحة"},{"رقم المقرر":106,"رمز المقرر":"106 نجح","اسم المقرر":"مقدمة في نظم الانتاج الحيواني","الشعبة":"44241","النشاط":"محاضرة","الساعات":"2","الجنس":"ذكر","الحالة":"مفتوحة"},{"رقم المقرر":107,"رمز المقرر":"201 نتج","اسم المقرر":"أسس الإنتاج النباتي","الشعبة":"43816","النشاط":"محاضرة","الساعات":"3","الجنس":"ذكر","الحالة":"مفتوحة"},{"رقم المقرر":108,"رمز المقرر":"201 نتج","اسم المقرر":"أسس الإنتاج النباتي","الشعبة":"43817","النشاط":"عملي","الساعات":"","الجنس":"ذكر","الحالة":"مفتوحة"},{"رقم المقرر":109,"رمز المقرر":"201 نتج","اسم المقرر":"أسس الإنتاج النباتي","الشعبة":"43818","النشاط":"محاضرة","الساعات":"3","الجنس":"ذكر","الحالة":"مغلقة"},{"رقم المقرر":110,"رمز المقرر":"201 نتج","اسم المقرر":"أسس الإنتاج النباتي","الشعبة":"43819","النشاط":"عملي","الساعات":"","الجنس":"ذكر","الحالة":"مغلقة"},{"رقم المقرر":111,"رمز المقرر":"201 نتج","اسم المقرر":"أسس الإنتاج النباتي","الشعبة":"43822","النشاط":"محاضرة","الساعات":"3","الجنس":"ذكر","الحالة":"مفتوحة"},{"رقم المقرر":112,"رمز المقرر":"201 نتج","اسم المقرر":"أسس الإنتاج النباتي","الشعبة":"43823","النشاط":"عملي","الساعات":"","الجنس":"ذكر","الحالة":"مفتوحة"},{"رقم المقرر":113,"رمز المقرر":"201 نتج","اسم المقرر":"أسس الإنتاج النباتي","الشعبة":"56113","النشاط":"محاضرة","الساعات":"3","الجنس":"ذكر","الحالة":"مفتوحة"},{"رقم المقرر":114,"رمز المقرر":"201 نتج","اسم المقرر":"أسس الإنتاج النباتي","الشعبة":"56114","النشاط":"عملي","الساعات":"","الجنس":"ذكر","الحالة":"مفتوحة"},{"رقم المقرر":115,"رمز المقرر":"203 نتج","اسم المقرر":"بيئة المحاصيل","الشعبة":"36938","النشاط":"محاضرة","الساعات":"2","الجنس":"ذكر","الحالة":"مفتوحة"},{"رقم المقرر":116,"رمز المقرر":"205 قصر","اسم المقرر":"مبادىء الاقتصاد الزراعي","الشعبة":"29224","النشاط":"محاضرة","الساعات":"3","الجنس":"ذكر","الحالة":"مفتوحة"},{"رقم المقرر":117,"رمز المقرر":"205 قصر","اسم المقرر":"مبادىء الاقتصاد الزراعي","الشعبة":"36960","النشاط":"محاضرة","الساعات":"3","الجنس":"ذكر","الحالة":"مفتوحة"},{"رقم المقرر":118,"رمز المقرر":"205 قصر","اسم المقرر":"مبادىء الاقتصاد الزراعي","الشعبة":"43384","النشاط":"محاضرة","الساعات":"3","الجنس":"ذكر","الحالة":"مفتوحة"},{"رقم المقرر":119,"رمز المقرر":"205 قصر","اسم المقرر":"مبادىء الاقتصاد الزراعي","الشعبة":"52435","النشاط":"محاضرة","الساعات":"3","الجنس":"ذكر","الحالة":"مفتوحة"},{"رقم المقرر":120,"رمز المقرر":"205 نتج","اسم المقرر":"المشاتل وطرق تكاثر النباتات","الشعبة":"44654","النشاط":"محاضرة","الساعات":"2","الجنس":"ذكر","الحالة":"مفتوحة"},{"رقم المقرر":121,"رمز المقرر":"205 نتج","اسم المقرر":"المشاتل وطرق تكاثر النباتات","الشعبة":"44655","النشاط":"عملي","الساعات":"","الجنس":"ذكر","الحالة":"مفتوحة"},{"رقم المقرر":122,"رمز المقرر":"206 نتج","اسم المقرر":"الوراثة الزراعية التطبيقية","الشعبة":"44656","النشاط":"محاضرة","الساعات":"3","الجنس":"ذكر","الحالة":"مفتوحة"},{"رقم المقرر":123,"رمز المقرر":"206 نتج","اسم المقرر":"الوراثة الزراعية التطبيقية","الشعبة":"44657","النشاط":"عملي","الساعات":"","الجنس":"ذكر","الحالة":"مفتوحة"},{"رقم المقرر":124,"رمز المقرر":"231 نتج","اسم المقرر":"علم الغابات","الشعبة":"44944","النشاط":"محاضرة","الساعات":"2","الجنس":"ذكر","الحالة":"مفتوحة"},{"رقم المقرر":125,"رمز المقرر":"231 نتج","اسم المقرر":"علم الغابات","الشعبة":"44945","النشاط":"عملي","الساعات":"","الجنس":"ذكر","الحالة":"مفتوحة"},{"رقم المقرر":126,"رمز المقرر":"241 نتج","اسم المقرر":"علم المراعي","الشعبة":"44947","النشاط":"محاضرة","الساعات":"2","الجنس":"ذكر","الحالة":"مفتوحة"},{"رقم المقرر":127,"رمز المقرر":"241 نتج","اسم المقرر":"علم المراعي","الشعبة":"44948","النشاط":"عملي","الساعات":"","الجنس":"ذكر","الحالة":"مفتوحة"},{"رقم المقرر":128,"رمز المقرر":"308 نتج","اسم المقرر":"زراعة الأنسجة النباتية","الشعبة":"44664","النشاط":"محاضرة","الساعات":"2","الجنس":"ذكر","الحالة":"مفتوحة"},{"رقم المقرر":129,"رمز المقرر":"308 نتج","اسم المقرر":"زراعة الأنسجة النباتية","الشعبة":"44665","النشاط":"عملي","الساعات":"","الجنس":"ذكر","الحالة":"مفتوحة"},{"رقم المقرر":130,"رمز المقرر":"309 نتج","اسم المقرر":"فسيولوجيا المحاصيل","الشعبة":"44660","النشاط":"محاضرة","الساعات":"3","الجنس":"ذكر","الحالة":"مفتوحة"},{"رقم المقرر":131,"رمز المقرر":"309 نتج","اسم المقرر":"فسيولوجيا المحاصيل","الشعبة":"44661","النشاط":"عملي","الساعات":"","الجنس":"ذكر","الحالة":"مفتوحة"},{"رقم المقرر":132,"رمز المقرر":"310 نتج","اسم المقرر":"أسس تربية النبات","الشعبة":"37600","النشاط":"محاضرة","الساعات":"2","الجنس":"ذكر","الحالة":"مفتوحة"},{"رقم المقرر":133,"رمز المقرر":"321 نتج","اسم المقرر":"إنتاج الفاكهة","الشعبة":"37602","النشاط":"محاضرة","الساعات":"2","الجنس":"ذكر","الحالة":"مفتوحة"},{"رقم المقرر":134,"رمز المقرر":"324 نتج","اسم المقرر":"إنتاج النخيل والتمور","الشعبة":"44666","النشاط":"محاضرة","الساعات":"2","الجنس":"ذكر","الحالة":"مفتوحة"},{"رقم المقرر":135,"رمز المقرر":"324 نتج","اسم المقرر":"إنتاج النخيل والتمور","الشعبة":"44667","النشاط":"عملي","الساعات":"","الجنس":"ذكر","الحالة":"مفتوحة"},{"رقم المقرر":136,"رمز المقرر":"331 نتج","اسم المقرر":"إنتاج الخضار","الشعبة":"43882","النشاط":"محاضرة","الساعات":"2","الجنس":"ذكر","الحالة":"مفتوحة"},{"رقم المقرر":137,"رمز المقرر":"342 نتج","اسم المقرر":"محاصيل الحقل","الشعبة":"37597","النشاط":"محاضرة","الساعات":"2","الجنس":"ذكر","الحالة":"مفتوحة"},{"رقم المقرر":138,"رمز المقرر":"347 نتج","اسم المقرر":"الحشائش ومكافحتها","الشعبة":"43878","النشاط":"محاضرة","الساعات":"2","الجنس":"ذكر","الحالة":"مفتوحة"},{"رقم المقرر":139,"رمز المقرر":"347 نتج","اسم المقرر":"الحشائش ومكافحتها","الشعبة":"43879","النشاط":"عملي","الساعات":"","الجنس":"ذكر","الحالة":"مفتوحة"},{"رقم المقرر":140,"رمز المقرر":"348 نتج","اسم المقرر":"إنتاج محاصيل الأعلاف","الشعبة":"44949","النشاط":"محاضرة","الساعات":"2","الجنس":"ذكر","الحالة":"مفتوحة"},{"رقم المقرر":141,"رمز المقرر":"348 نتج","اسم المقرر":"إنتاج محاصيل الأعلاف","الشعبة":"44950","النشاط":"عملي","الساعات":"","الجنس":"ذكر","الحالة":"مفتوحة"},{"رقم المقرر":142,"رمز المقرر":"352 نتج","اسم المقرر":"التشجير في المناطق الجافة","الشعبة":"44951","النشاط":"محاضرة","الساعات":"2","الجنس":"ذكر","الحالة":"مفتوحة"},{"رقم المقرر":143,"رمز المقرر":"352 نتج","اسم المقرر":"التشجير في المناطق الجافة","الشعبة":"44952","النشاط":"عملي","الساعات":"","الجنس":"ذكر","الحالة":"مفتوحة"},{"رقم المقرر":144,"رمز المقرر":"372 نتج","اسم المقرر":"إنتاج نباتات الزينة والزهور","الشعبة":"37599","النشاط":"محاضرة","الساعات":"2","الجنس":"ذكر","الحالة":"مفتوحة"},{"رقم المقرر":145,"رمز المقرر":"373 نتج","اسم المقرر":"المسطحات الخضراء","الشعبة":"43876","النشاط":"محاضرة","الساعات":"2","الجنس":"ذكر","الحالة":"مفتوحة"},{"رقم المقرر":146,"رمز المقرر":"373 نتج","اسم المقرر":"المسطحات الخضراء","الشعبة":"43877","النشاط":"عملي","الساعات":"","الجنس":"ذكر","الحالة":"مفتوحة"},{"رقم المقرر":147,"رمز المقرر":"374 نتج","اسم المقرر":"نباتات التنسيق الداخلي","الشعبة":"56918","النشاط":"محاضرة","الساعات":"2","الجنس":"ذكر","الحالة":"مفتوحة"},{"رقم المقرر":148,"رمز المقرر":"374 نتج","اسم المقرر":"نباتات التنسيق الداخلي","الشعبة":"56919","النشاط":"عملي","الساعات":"","الجنس":"ذكر","الحالة":"مفتوحة"},{"رقم المقرر":149,"رمز المقرر":"380 نتج","اسم المقرر":"تطبيقات عملية للمحاصيل الحقلية","الشعبة":"37601","النشاط":"محاضرة","الساعات":"2","الجنس":"ذكر","الحالة":"مفتوحة"},{"رقم المقرر":150,"رمز المقرر":"381 نتج","اسم المقرر":"تطبيقات عملية للمحاصيل البستانية","الشعبة":"37603","النشاط":"محاضرة","الساعات":"2","الجنس":"ذكر","الحالة":"مفتوحة"},{"رقم المقرر":151,"رمز المقرر":"401 نتج","اسم المقرر":"فسيولوجيا ما بعد الحصاد","الشعبة":"37611","النشاط":"محاضرة","الساعات":"2","الجنس":"ذكر","الحالة":"مفتوحة"},{"رقم المقرر":152,"رمز المقرر":"401 نتج","اسم المقرر":"فسيولوجيا ما بعد الحصاد","الشعبة":"45221","النشاط":"عملي","الساعات":"","الجنس":"ذكر","الحالة":"مفتوحة"},{"رقم المقرر":153,"رمز المقرر":"402 نتج","اسم المقرر":"الزراعة العضوية","الشعبة":"45016","النشاط":"محاضرة","الساعات":"2","الجنس":"ذكر","الحالة":"مفتوحة"},{"رقم المقرر":154,"رمز المقرر":"404 نتج","اسم المقرر":"أسس التجارب الحقلية","الشعبة":"44668","النشاط":"محاضرة","الساعات":"2","الجنس":"ذكر","الحالة":"مفتوحة"},{"رقم المقرر":155,"رمز المقرر":"404 نتج","اسم المقرر":"أسس التجارب الحقلية","الشعبة":"44669","النشاط":"عملي","الساعات":"","الجنس":"ذكر","الحالة":"مفتوحة"},{"رقم المقرر":156,"رمز المقرر":"409 نتج","اسم المقرر":"إنتاج وفحص التقاوي","الشعبة":"45013","النشاط":"محاضرة","الساعات":"2","الجنس":"ذكر","الحالة":"مفتوحة"},{"رقم المقرر":157,"رمز المقرر":"409 نتج","اسم المقرر":"إنتاج وفحص التقاوي","الشعبة":"45014","النشاط":"عملي","الساعات":"","الجنس":"ذكر","الحالة":"مفتوحة"},{"رقم المقرر":158,"رمز المقرر":"410 نتج","اسم المقرر":"تربية المحاصيل","الشعبة":"45010","النشاط":"محاضرة","الساعات":"2","الجنس":"ذكر","الحالة":"مفتوحة"},{"رقم المقرر":159,"رمز المقرر":"421 نتج","اسم المقرر":"فسيولوجيا أشجار الفاكهة","الشعبة":"45004","النشاط":"محاضرة","الساعات":"2","الجنس":"ذكر","الحالة":"مفتوحة"},{"رقم المقرر":160,"رمز المقرر":"421 نتج","اسم المقرر":"فسيولوجيا أشجار الفاكهة","الشعبة":"45005","النشاط":"عملي","الساعات":"","الجنس":"ذكر","الحالة":"مفتوحة"},{"رقم المقرر":161,"رمز المقرر":"446 نتج","اسم المقرر":"زراعة المحاصيل الحقلية تحت الإجهاد","الشعبة":"44998","النشاط":"محاضرة","الساعات":"2","الجنس":"ذكر","الحالة":"مفتوحة"},{"رقم المقرر":162,"رمز المقرر":"476 نتج","اسم المقرر":"تنسيق الحدائق والمنتزهات","الشعبة":"44993","النشاط":"محاضرة","الساعات":"2","الجنس":"ذكر","الحالة":"مفتوحة"},{"رقم المقرر":163,"رمز المقرر":"476 نتج","اسم المقرر":"تنسيق الحدائق والمنتزهات","الشعبة":"44994","النشاط":"عملي","الساعات":"","الجنس":"ذكر","الحالة":"مفتوحة"},{"رقم المقرر":164,"رمز المقرر":"498 نتج","اسم المقرر":"مشروع تخرج","الشعبة":"37613","النشاط":"محاضرة","الساعات":"2","الجنس":"ذكر","الحالة":"مفتوحة"},{"رقم المقرر":165,"رمز المقرر":"201 عتم","اسم المقرر":"أسس علوم التربة","الشعبة":"36167","النشاط":"محاضرة","الساعات":"3","الجنس":"ذكر","الحالة":"مفتوحة"},{"رقم المقرر":166,"رمز المقرر":"201 عتم","اسم المقرر":"أسس علوم التربة","الشعبة":"36168","النشاط":"تمارين","الساعات":"","الجنس":"ذكر","الحالة":"مفتوحة"},{"رقم المقرر":167,"رمز المقرر":"201 عتم","اسم المقرر":"أسس علوم التربة","الشعبة":"63133","النشاط":"محاضرة","الساعات":"3","الجنس":"ذكر","الحالة":"مفتوحة"},{"رقم المقرر":168,"رمز المقرر":"201 عتم","اسم المقرر":"أسس علوم التربة","الشعبة":"63134","النشاط":"تمارين","الساعات":"","الجنس":"ذكر","الحالة":"مفتوحة"},{"رقم المقرر":169,"رمز المقرر":"201 وقن","اسم المقرر":"اسس وقاية المزروعات","الشعبة":"42801","النشاط":"محاضرة","الساعات":"3","الجنس":"ذكر","الحالة":"مفتوحة"},{"رقم المقرر":170,"رمز المقرر":"201 وقن","اسم المقرر":"اسس وقاية المزروعات","الشعبة":"44652","النشاط":"عملي","الساعات":"","الجنس":"ذكر","الحالة":"مفتوحة"},{"رقم المقرر":171,"رمز المقرر":"106 سلم","اسم المقرر":"الفقه الطبي","الشعبة":"42773","النشاط":"محاضرة","الساعات":"2","الجنس":"ذكر","الحالة":"مفتوحة"},{"رقم المقرر":172,"رمز المقرر":"106 سلم","اسم المقرر":"الفقه الطبي","الشعبة":"42774","النشاط":"محاضرة","الساعات":"2","الجنس":"ذكر","الحالة":"مفتوحة"},{"رقم المقرر":173,"رمز المقرر":"106 سلم","اسم المقرر":"الفقه الطبي","الشعبة":"44134","النشاط":"محاضرة","الساعات":"2","الجنس":"ذكر","الحالة":"مفتوحة"},{"رقم المقرر":174,"رمز المقرر":"106 سلم","اسم المقرر":"الفقه الطبي","الشعبة":"44307","النشاط":"محاضرة","الساعات":"2","الجنس":"ذكر","الحالة":"مفتوحة"},{"رقم المقرر":175,"رمز المقرر":"106 سلم","اسم المقرر":"الفقه الطبي","الشعبة":"44308","النشاط":"محاضرة","الساعات":"2","الجنس":"ذكر","الحالة":"مفتوحة"},{"رقم المقرر":176,"رمز المقرر":"106 سلم","اسم المقرر":"الفقه الطبي","الشعبة":"44309","النشاط":"محاضرة","الساعات":"2","الجنس":"ذكر","الحالة":"مغلقة"},{"رقم المقرر":177,"رمز المقرر":"106 سلم","اسم المقرر":"الفقه الطبي","الشعبة":"44310","النشاط":"محاضرة","الساعات":"2","الجنس":"ذكر","الحالة":"مفتوحة"},{"رقم المقرر":178,"رمز المقرر":"106 سلم","اسم المقرر":"الفقه الطبي","الشعبة":"45025","النشاط":"محاضرة","الساعات":"2","الجنس":"ذكر","الحالة":"مفتوحة"},{"رقم المقرر":179,"رمز المقرر":"106 سلم","اسم المقرر":"الفقه الطبي","الشعبة":"45235","النشاط":"محاضرة","الساعات":"2","الجنس":"ذكر","الحالة":"مفتوحة"},{"رقم المقرر":180,"رمز المقرر":"106 سلم","اسم المقرر":"الفقه الطبي","الشعبة":"51665","النشاط":"محاضرة","الساعات":"2","الجنس":"ذكر","الحالة":"مغلقة"},{"رقم المقرر":181,"رمز المقرر":"106 سلم","اسم المقرر":"الفقه الطبي","الشعبة":"53083","النشاط":"محاضرة","الساعات":"2","الجنس":"ذكر","الحالة":"مغلقة"},{"رقم المقرر":182,"رمز المقرر":"106 سلم","اسم المقرر":"الفقه الطبي","الشعبة":"60226","النشاط":"محاضرة","الساعات":"2","الجنس":"ذكر","الحالة":"مفتوحة"},{"رقم المقرر":183,"رمز المقرر":"107 سلم","اسم المقرر":"اخلاقيات المهنة","الشعبة":"44120","النشاط":"محاضرة","الساعات":"2","الجنس":"ذكر","الحالة":"مفتوحة"},{"رقم المقرر":184,"رمز المقرر":"107 سلم","اسم المقرر":"اخلاقيات المهنة","الشعبة":"44135","النشاط":"محاضرة","الساعات":"2","الجنس":"ذكر","الحالة":"مغلقة"},{"رقم المقرر":185,"رمز المقرر":"107 سلم","اسم المقرر":"اخلاقيات المهنة","الشعبة":"44154","النشاط":"محاضرة","الساعات":"2","الجنس":"ذكر","الحالة":"مغلقة"},{"رقم المقرر":186,"رمز المقرر":"107 سلم","اسم المقرر":"اخلاقيات المهنة","الشعبة":"44295","النشاط":"محاضرة","الساعات":"2","الجنس":"ذكر","الحالة":"مفتوحة"},{"رقم المقرر":187,"رمز المقرر":"107 سلم","اسم المقرر":"اخلاقيات المهنة","الشعبة":"44296","النشاط":"محاضرة","الساعات":"2","الجنس":"ذكر","الحالة":"مغلقة"},{"رقم المقرر":188,"رمز المقرر":"107 سلم","اسم المقرر":"اخلاقيات المهنة","الشعبة":"44297","النشاط":"محاضرة","الساعات":"2","الجنس":"ذكر","الحالة":"مفتوحة"},{"رقم المقرر":189,"رمز المقرر":"107 سلم","اسم المقرر":"اخلاقيات المهنة","الشعبة":"44298","النشاط":"محاضرة","الساعات":"2","الجنس":"ذكر","الحالة":"مفتوحة"},{"رقم المقرر":190,"رمز المقرر":"107 سلم","اسم المقرر":"اخلاقيات المهنة","الشعبة":"44299","النشاط":"محاضرة","الساعات":"2","الجنس":"ذكر","الحالة":"مغلقة"},{"رقم المقرر":191,"رمز المقرر":"107 سلم","اسم المقرر":"اخلاقيات المهنة","الشعبة":"44300","النشاط":"محاضرة","الساعات":"2","الجنس":"ذكر","الحالة":"مغلقة"},{"رقم المقرر":192,"رمز المقرر":"107 سلم","اسم المقرر":"اخلاقيات المهنة","الشعبة":"45027","النشاط":"محاضرة","الساعات":"2","الجنس":"ذكر","الحالة":"مفتوحة"},{"رقم المقرر":193,"رمز المقرر":"107 سلم","اسم المقرر":"اخلاقيات المهنة","الشعبة":"45098","النشاط":"محاضرة","الساعات":"2","الجنس":"ذكر","الحالة":"مغلقة"},{"رقم المقرر":194,"رمز المقرر":"107 سلم","اسم المقرر":"اخلاقيات المهنة","الشعبة":"45228","النشاط":"محاضرة","الساعات":"2","الجنس":"ذكر","الحالة":"مفتوحة"},{"رقم المقرر":195,"رمز المقرر":"107 سلم","اسم المقرر":"اخلاقيات المهنة","الشعبة":"45232","النشاط":"محاضرة","الساعات":"2","الجنس":"ذكر","الحالة":"مفتوحة"},{"رقم المقرر":196,"رمز المقرر":"107 سلم","اسم المقرر":"اخلاقيات المهنة","الشعبة":"45682","النشاط":"محاضرة","الساعات":"2","الجنس":"ذكر","الحالة":"مغلقة"},{"رقم المقرر":197,"رمز المقرر":"107 سلم","اسم المقرر":"اخلاقيات المهنة","الشعبة":"45808","النشاط":"محاضرة","الساعات":"2","الجنس":"ذكر","الحالة":"مفتوحة"},{"رقم المقرر":198,"رمز المقرر":"107 سلم","اسم المقرر":"اخلاقيات المهنة","الشعبة":"45810","النشاط":"محاضرة","الساعات":"2","الجنس":"ذكر","الحالة":"مغلقة"},{"رقم المقرر":199,"رمز المقرر":"107 سلم","اسم المقرر":"اخلاقيات المهنة","الشعبة":"45811","النشاط":"محاضرة","الساعات":"2","الجنس":"ذكر","الحالة":"مغلقة"},{"رقم المقرر":200,"رمز المقرر":"107 سلم","اسم المقرر":"اخلاقيات المهنة","الشعبة":"45812","النشاط":"محاضرة","الساعات":"2","الجنس":"ذكر","الحالة":"مغلقة"},{"رقم المقرر":201,"رمز المقرر":"107 سلم","اسم المقرر":"اخلاقيات المهنة","الشعبة":"45813","النشاط":"محاضرة","الساعات":"2","الجنس":"ذكر","الحالة":"مفتوحة"},{"رقم المقرر":202,"رمز المقرر":"107 سلم","اسم المقرر":"اخلاقيات المهنة","الشعبة":"45814","النشاط":"محاضرة","الساعات":"2","الجنس":"ذكر","الحالة":"مغلقة"},{"رقم المقرر":203,"رمز المقرر":"107 سلم","اسم المقرر":"اخلاقيات المهنة","الشعبة":"45815","النشاط":"محاضرة","الساعات":"2","الجنس":"ذكر","الحالة":"مغلقة"},{"رقم المقرر":204,"رمز المقرر":"107 سلم","اسم المقرر":"اخلاقيات المهنة","الشعبة":"45816","النشاط":"محاضرة","الساعات":"2","الجنس":"ذكر","الحالة":"مغلقة"},{"رقم المقرر":205,"رمز المقرر":"107 سلم","اسم المقرر":"اخلاقيات المهنة","الشعبة":"45858","النشاط":"محاضرة","الساعات":"2","الجنس":"ذكر","الحالة":"مفتوحة"},{"رقم المقرر":206,"رمز المقرر":"107 سلم","اسم المقرر":"اخلاقيات المهنة","الشعبة":"45859","النشاط":"محاضرة","الساعات":"2","الجنس":"ذكر","الحالة":"مفتوحة"},{"رقم المقرر":207,"رمز المقرر":"107 سلم","اسم المقرر":"اخلاقيات المهنة","الشعبة":"45985","النشاط":"محاضرة","الساعات":"2","الجنس":"ذكر","الحالة":"مغلقة"},{"رقم المقرر":208,"رمز المقرر":"107 سلم","اسم المقرر":"اخلاقيات المهنة","الشعبة":"45994","النشاط":"محاضرة","الساعات":"2","الجنس":"ذكر","الحالة":"مغلقة"},{"رقم المقرر":209,"رمز المقرر":"107 سلم","اسم المقرر":"اخلاقيات المهنة","الشعبة":"54105","النشاط":"محاضرة","الساعات":"2","الجنس":"ذكر","الحالة":"مفتوحة"},{"رقم المقرر":210,"رمز المقرر":"107 سلم","اسم المقرر":"اخلاقيات المهنة","الشعبة":"56543","النشاط":"محاضرة","الساعات":"2","الجنس":"ذكر","الحالة":"مغلقة"},{"رقم المقرر":211,"رمز المقرر":"107 سلم","اسم المقرر":"اخلاقيات المهنة","الشعبة":"59359","النشاط":"محاضرة","الساعات":"2","الجنس":"ذكر","الحالة":"مفتوحة"},{"رقم المقرر":212,"رمز المقرر":"107 سلم","اسم المقرر":"اخلاقيات المهنة","الشعبة":"59661","النشاط":"محاضرة","الساعات":"2","الجنس":"ذكر","الحالة":"مفتوحة"},{"رقم المقرر":213,"رمز المقرر":"107 سلم","اسم المقرر":"اخلاقيات المهنة","الشعبة":"59667","النشاط":"محاضرة","الساعات":"2","الجنس":"ذكر","الحالة":"مغلقة"},{"رقم المقرر":214,"رمز المقرر":"107 سلم","اسم المقرر":"اخلاقيات المهنة","الشعبة":"59935","النشاط":"محاضرة","الساعات":"2","الجنس":"ذكر","الحالة":"مغلقة"},{"رقم المقرر":215,"رمز المقرر":"107 سلم","اسم المقرر":"اخلاقيات المهنة","الشعبة":"59948","النشاط":"محاضرة","الساعات":"2","الجنس":"ذكر","الحالة":"مغلقة"},{"رقم المقرر":216,"رمز المقرر":"107 سلم","اسم المقرر":"اخلاقيات المهنة","الشعبة":"59949","النشاط":"محاضرة","الساعات":"2","الجنس":"ذكر","الحالة":"مغلقة"},{"رقم المقرر":217,"رمز المقرر":"107 سلم","اسم المقرر":"اخلاقيات المهنة","الشعبة":"59957","النشاط":"محاضرة","الساعات":"2","الجنس":"ذكر","الحالة":"مفتوحة"},{"رقم المقرر":218,"رمز المقرر":"107 سلم","اسم المقرر":"اخلاقيات المهنة","الشعبة":"60302","النشاط":"محاضرة","الساعات":"2","الجنس":"ذكر","الحالة":"مغلقة"},{"رقم المقرر":219,"رمز المقرر":"107 سلم","اسم المقرر":"اخلاقيات المهنة","الشعبة":"64894","النشاط":"محاضرة","الساعات":"2","الجنس":"ذكر","الحالة":"مغلقة"},{"رقم المقرر":220,"رمز المقرر":"107 سلم","اسم المقرر":"اخلاقيات المهنة","الشعبة":"72203","النشاط":"محاضرة","الساعات":"2","الجنس":"ذكر","الحالة":"مغلقة"},{"رقم المقرر":221,"رمز المقرر":"107 سلم","اسم المقرر":"اخلاقيات المهنة","الشعبة":"72204","النشاط":"محاضرة","الساعات":"2","الجنس":"ذكر","الحالة":"مغلقة"},{"رقم المقرر":222,"رمز المقرر":"107 سلم","اسم المقرر":"اخلاقيات المهنة","الشعبة":"72205","النشاط":"محاضرة","الساعات":"2","الجنس":"ذكر","الحالة":"مغلقة"},{"رقم المقرر":223,"رمز المقرر":"105 سلم","اسم المقرر":"حقوق الإنسان","الشعبة":"43913","النشاط":"محاضرة","الساعات":"2","الجنس":"ذكر","الحالة":"مغلقة"},{"رقم المقرر":224,"رمز المقرر":"105 سلم","اسم المقرر":"حقوق الإنسان","الشعبة":"43914","النشاط":"محاضرة","الساعات":"2","الجنس":"ذكر","الحالة":"مغلقة"},{"رقم المقرر":225,"رمز المقرر":"105 سلم","اسم المقرر":"حقوق الإنسان","الشعبة":"43975","النشاط":"محاضرة","الساعات":"2","الجنس":"ذكر","الحالة":"مغلقة"},{"رقم المقرر":226,"رمز المقرر":"105 سلم","اسم المقرر":"حقوق الإنسان","الشعبة":"44012","النشاط":"محاضرة","الساعات":"2","الجنس":"ذكر","الحالة":"مغلقة"},{"رقم المقرر":227,"رمز المقرر":"105 سلم","اسم المقرر":"حقوق الإنسان","الشعبة":"44014","النشاط":"محاضرة","الساعات":"2","الجنس":"ذكر","الحالة":"مغلقة"},{"رقم المقرر":228,"رمز المقرر":"105 سلم","اسم المقرر":"حقوق الإنسان","الشعبة":"44018","النشاط":"محاضرة","الساعات":"2","الجنس":"ذكر","الحالة":"مغلقة"},{"رقم المقرر":229,"رمز المقرر":"105 سلم","اسم المقرر":"حقوق الإنسان","الشعبة":"44032","النشاط":"محاضرة","الساعات":"2","الجنس":"ذكر","الحالة":"مغلقة"},{"رقم المقرر":230,"رمز المقرر":"105 سلم","اسم المقرر":"حقوق الإنسان","الشعبة":"44133","النشاط":"محاضرة","الساعات":"2","الجنس":"ذكر","الحالة":"مغلقة"},{"رقم المقرر":231,"رمز المقرر":"105 سلم","اسم المقرر":"حقوق الإنسان","الشعبة":"45024","النشاط":"محاضرة","الساعات":"2","الجنس":"ذكر","الحالة":"مفتوحة"},{"رقم المقرر":232,"رمز المقرر":"105 سلم","اسم المقرر":"حقوق الإنسان","الشعبة":"45095","النشاط":"محاضرة","الساعات":"2","الجنس":"ذكر","الحالة":"مغلقة"},{"رقم المقرر":233,"رمز المقرر":"105 سلم","اسم المقرر":"حقوق الإنسان","الشعبة":"45096","النشاط":"محاضرة","الساعات":"2","الجنس":"ذكر","الحالة":"مغلقة"},{"رقم المقرر":234,"رمز المقرر":"105 سلم","اسم المقرر":"حقوق الإنسان","الشعبة":"45233","النشاط":"محاضرة","الساعات":"2","الجنس":"ذكر","الحالة":"مفتوحة"},{"رقم المقرر":235,"رمز المقرر":"105 سلم","اسم المقرر":"حقوق الإنسان","الشعبة":"45854","النشاط":"محاضرة","الساعات":"2","الجنس":"ذكر","الحالة":"مفتوحة"},{"رقم المقرر":236,"رمز المقرر":"105 سلم","اسم المقرر":"حقوق الإنسان","الشعبة":"45855","النشاط":"محاضرة","الساعات":"2","الجنس":"ذكر","الحالة":"مفتوحة"},{"رقم المقرر":237,"رمز المقرر":"105 سلم","اسم المقرر":"حقوق الإنسان","الشعبة":"51661","النشاط":"محاضرة","الساعات":"2","الجنس":"ذكر","الحالة":"مفتوحة"},{"رقم المقرر":238,"رمز المقرر":"105 سلم","اسم المقرر":"حقوق الإنسان","الشعبة":"59357","النشاط":"محاضرة","الساعات":"2","الجنس":"ذكر","الحالة":"مفتوحة"},{"رقم المقرر":239,"رمز المقرر":"105 سلم","اسم المقرر":"حقوق الإنسان","الشعبة":"59659","النشاط":"محاضرة","الساعات":"2","الجنس":"ذكر","الحالة":"مغلقة"},{"رقم المقرر":240,"رمز المقرر":"105 سلم","اسم المقرر":"حقوق الإنسان","الشعبة":"60211","النشاط":"محاضرة","الساعات":"2","الجنس":"ذكر","الحالة":"مغلقة"},{"رقم المقرر":241,"رمز المقرر":"105 سلم","اسم المقرر":"حقوق الإنسان","الشعبة":"60300","النشاط":"محاضرة","الساعات":"2","الجنس":"ذكر","الحالة":"مفتوحة"},{"رقم المقرر":242,"رمز المقرر":"105 سلم","اسم المقرر":"حقوق الإنسان","الشعبة":"60301","النشاط":"محاضرة","الساعات":"2","الجنس":"ذكر","الحالة":"مغلقة"},{"رقم المقرر":243,"رمز المقرر":"105 سلم","اسم المقرر":"حقوق الإنسان","الشعبة":"63085","النشاط":"محاضرة","الساعات":"2","الجنس":"ذكر","الحالة":"مفتوحة"},{"رقم المقرر":244,"رمز المقرر":"105 سلم","اسم المقرر":"حقوق الإنسان","الشعبة":"64892","النشاط":"محاضرة","الساعات":"2","الجنس":"ذكر","الحالة":"مفتوحة"},{"رقم المقرر":245,"رمز المقرر":"105 سلم","اسم المقرر":"حقوق الإنسان","الشعبة":"64893","النشاط":"محاضرة","الساعات":"2","الجنس":"ذكر","الحالة":"مفتوحة"},{"رقم المقرر":246,"رمز المقرر":"400 نتج","اسم المقرر":"التدريب التعاوني","الشعبة":"44446","النشاط":"تدريب","الساعات":"12","الجنس":"ذكر","الحالة":"مفتوحة"},{"رقم المقرر":247,"رمز المقرر":"403 نتج","اسم المقرر":"الزراعة المحمية","الشعبة":"37278","النشاط":"محاضرة","الساعات":"2","الجنس":"ذكر","الحالة":"مغلقة"},{"رقم المقرر":248,"رمز المقرر":"405 نتج","اسم المقرر":"تطبيقات التقنية الحيوية النباتية","الشعبة":"37614","النشاط":"عملي","الساعات":"2","الجنس":"ذكر","الحالة":"مفتوحة"},{"رقم المقرر":249,"رمز المقرر":"331 عتم","اسم المقرر":"خصوبة تربة وتغذية النبات","الشعبة":"42802","النشاط":"محاضرة","الساعات":"3","الجنس":"ذكر","الحالة":"مفتوحة"},{"رقم المقرر":250,"رمز المقرر":"331 عتم","اسم المقرر":"خصوبة تربة وتغذية النبات","الشعبة":"42803","النشاط":"عملي","الساعات":"","الجنس":"ذكر","الحالة":"مفتوحة"},{"رقم المقرر":251,"رمز المقرر":"362 عتم","اسم المقرر":"علاقات التربة والنبات والماء","الشعبة":"45019","النشاط":"محاضرة","الساعات":"3","الجنس":"ذكر","الحالة":"مفتوحة"},{"رقم المقرر":252,"رمز المقرر":"362 عتم","اسم المقرر":"علاقات التربة والنبات والماء","الشعبة":"45020","النشاط":"عملي","الساعات":"","الجنس":"ذكر","الحالة":"مفتوحة"},{"رقم المقرر":253,"رمز المقرر":"108 سلم","اسم المقرر":"قضايا معاصرة","الشعبة":"45099","النشاط":"محاضرة","الساعات":"2","الجنس":"ذكر","الحالة":"مغلقة"},{"رقم المقرر":254,"رمز المقرر":"108 سلم","اسم المقرر":"قضايا معاصرة","الشعبة":"45100","النشاط":"محاضرة","الساعات":"2","الجنس":"ذكر","الحالة":"مغلقة"},{"رقم المقرر":255,"رمز المقرر":"108 سلم","اسم المقرر":"قضايا معاصرة","الشعبة":"45685","النشاط":"محاضرة","الساعات":"2","الجنس":"ذكر","الحالة":"مفتوحة"},{"رقم المقرر":256,"رمز المقرر":"108 سلم","اسم المقرر":"قضايا معاصرة","الشعبة":"45817","النشاط":"محاضرة","الساعات":"2","الجنس":"ذكر","الحالة":"مغلقة"},{"رقم المقرر":257,"رمز المقرر":"108 سلم","اسم المقرر":"قضايا معاصرة","الشعبة":"45818","النشاط":"محاضرة","الساعات":"2","الجنس":"ذكر","الحالة":"مغلقة"},{"رقم المقرر":258,"رمز المقرر":"108 سلم","اسم المقرر":"قضايا معاصرة","الشعبة":"45819","النشاط":"محاضرة","الساعات":"2","الجنس":"ذكر","الحالة":"مغلقة"},{"رقم المقرر":259,"رمز المقرر":"108 سلم","اسم المقرر":"قضايا معاصرة","الشعبة":"45839","النشاط":"محاضرة","الساعات":"2","الجنس":"ذكر","الحالة":"مغلقة"},{"رقم المقرر":260,"رمز المقرر":"108 سلم","اسم المقرر":"قضايا معاصرة","الشعبة":"45856","النشاط":"محاضرة","الساعات":"2","الجنس":"ذكر","الحالة":"مفتوحة"},{"رقم المقرر":261,"رمز المقرر":"108 سلم","اسم المقرر":"قضايا معاصرة","الشعبة":"45857","النشاط":"محاضرة","الساعات":"2","الجنس":"ذكر","الحالة":"مفتوحة"},{"رقم المقرر":262,"رمز المقرر":"108 سلم","اسم المقرر":"قضايا معاصرة","الشعبة":"45987","النشاط":"محاضرة","الساعات":"2","الجنس":"ذكر","الحالة":"مغلقة"},{"رقم المقرر":263,"رمز المقرر":"108 سلم","اسم المقرر":"قضايا معاصرة","الشعبة":"45988","النشاط":"محاضرة","الساعات":"2","الجنس":"ذكر","الحالة":"مغلقة"},{"رقم المقرر":264,"رمز المقرر":"108 سلم","اسم المقرر":"قضايا معاصرة","الشعبة":"51653","النشاط":"محاضرة","الساعات":"2","الجنس":"ذكر","الحالة":"مغلقة"},{"رقم المقرر":265,"رمز المقرر":"108 سلم","اسم المقرر":"قضايا معاصرة","الشعبة":"51667","النشاط":"محاضرة","الساعات":"2","الجنس":"ذكر","الحالة":"مغلقة"},{"رقم المقرر":266,"رمز المقرر":"108 سلم","اسم المقرر":"قضايا معاصرة","الشعبة":"59936","النشاط":"محاضرة","الساعات":"2","الجنس":"ذكر","الحالة":"مغلقة"},{"رقم المقرر":267,"رمز المقرر":"108 سلم","اسم المقرر":"قضايا معاصرة","الشعبة":"59937","النشاط":"محاضرة","الساعات":"2","الجنس":"ذكر","الحالة":"مغلقة"},{"رقم المقرر":268,"رمز المقرر":"101 سلم","اسم المقرر":"أصول الثقافة الإسلامية","الشعبة":"43904","النشاط":"محاضرة","الساعات":"2","الجنس":"ذكر","الحالة":"مغلقة"},{"رقم المقرر":269,"رمز المقرر":"101 سلم","اسم المقرر":"أصول الثقافة الإسلامية","الشعبة":"43905","النشاط":"محاضرة","الساعات":"2","الجنس":"ذكر","الحالة":"مغلقة"},{"رقم المقرر":270,"رمز المقرر":"101 سلم","اسم المقرر":"أصول الثقافة الإسلامية","الشعبة":"43907","النشاط":"محاضرة","الساعات":"2","الجنس":"ذكر","الحالة":"مغلقة"},{"رقم المقرر":271,"رمز المقرر":"101 سلم","اسم المقرر":"أصول الثقافة الإسلامية","الشعبة":"43990","النشاط":"محاضرة","الساعات":"2","الجنس":"ذكر","الحالة":"مغلقة"},{"رقم المقرر":272,"رمز المقرر":"101 سلم","اسم المقرر":"أصول الثقافة الإسلامية","الشعبة":"43991","النشاط":"محاضرة","الساعات":"2","الجنس":"ذكر","الحالة":"مفتوحة"},{"رقم المقرر":273,"رمز المقرر":"101 سلم","اسم المقرر":"أصول الثقافة الإسلامية","الشعبة":"44010","النشاط":"محاضرة","الساعات":"2","الجنس":"ذكر","الحالة":"مفتوحة"},{"رقم المقرر":274,"رمز المقرر":"101 سلم","اسم المقرر":"أصول الثقافة الإسلامية","الشعبة":"44011","النشاط":"محاضرة","الساعات":"2","الجنس":"ذكر","الحالة":"مغلقة"},{"رقم المقرر":275,"رمز المقرر":"101 سلم","اسم المقرر":"أصول الثقافة الإسلامية","الشعبة":"44016","النشاط":"محاضرة","الساعات":"2","الجنس":"ذكر","الحالة":"مغلقة"},{"رقم المقرر":276,"رمز المقرر":"101 سلم","اسم المقرر":"أصول الثقافة الإسلامية","الشعبة":"44030","النشاط":"محاضرة","الساعات":"2","الجنس":"ذكر","الحالة":"مغلقة"},{"رقم المقرر":277,"رمز المقرر":"101 سلم","اسم المقرر":"أصول الثقافة الإسلامية","الشعبة":"44031","النشاط":"محاضرة","الساعات":"2","الجنس":"ذكر","الحالة":"مغلقة"},{"رقم المقرر":278,"رمز المقرر":"101 سلم","اسم المقرر":"أصول الثقافة الإسلامية","الشعبة":"44034","النشاط":"محاضرة","الساعات":"2","الجنس":"ذكر","الحالة":"مفتوحة"},{"رقم المقرر":279,"رمز المقرر":"101 سلم","اسم المقرر":"أصول الثقافة الإسلامية","الشعبة":"44035","النشاط":"محاضرة","الساعات":"2","الجنس":"ذكر","الحالة":"مفتوحة"},{"رقم المقرر":280,"رمز المقرر":"101 سلم","اسم المقرر":"أصول الثقافة الإسلامية","الشعبة":"44102","النشاط":"محاضرة","الساعات":"2","الجنس":"ذكر","الحالة":"مفتوحة"},{"رقم المقرر":281,"رمز المقرر":"101 سلم","اسم المقرر":"أصول الثقافة الإسلامية","الشعبة":"44140","النشاط":"محاضرة","الساعات":"2","الجنس":"ذكر","الحالة":"مغلقة"},{"رقم المقرر":282,"رمز المقرر":"101 سلم","اسم المقرر":"أصول الثقافة الإسلامية","الشعبة":"44142","النشاط":"محاضرة","الساعات":"2","الجنس":"ذكر","الحالة":"مغلقة"},{"رقم المقرر":283,"رمز المقرر":"101 سلم","اسم المقرر":"أصول الثقافة الإسلامية","الشعبة":"44143","النشاط":"محاضرة","الساعات":"2","الجنس":"ذكر","الحالة":"مغلقة"},{"رقم المقرر":284,"رمز المقرر":"101 سلم","اسم المقرر":"أصول الثقافة الإسلامية","الشعبة":"44144","النشاط":"محاضرة","الساعات":"2","الجنس":"ذكر","الحالة":"مغلقة"},{"رقم المقرر":285,"رمز المقرر":"101 سلم","اسم المقرر":"أصول الثقافة الإسلامية","الشعبة":"44346","النشاط":"محاضرة","الساعات":"2","الجنس":"ذكر","الحالة":"مفتوحة"},{"رقم المقرر":286,"رمز المقرر":"101 سلم","اسم المقرر":"أصول الثقافة الإسلامية","الشعبة":"44347","النشاط":"محاضرة","الساعات":"2","الجنس":"ذكر","الحالة":"مغلقة"},{"رقم المقرر":287,"رمز المقرر":"101 سلم","اسم المقرر":"أصول الثقافة الإسلامية","الشعبة":"44955","النشاط":"محاضرة","الساعات":"2","الجنس":"ذكر","الحالة":"مفتوحة"},{"رقم المقرر":288,"رمز المقرر":"101 سلم","اسم المقرر":"أصول الثقافة الإسلامية","الشعبة":"44960","النشاط":"محاضرة","الساعات":"2","الجنس":"ذكر","الحالة":"مفتوحة"},{"رقم المقرر":289,"رمز المقرر":"101 سلم","اسم المقرر":"أصول الثقافة الإسلامية","الشعبة":"44962","النشاط":"محاضرة","الساعات":"2","الجنس":"ذكر","الحالة":"مغلقة"},{"رقم المقرر":290,"رمز المقرر":"101 سلم","اسم المقرر":"أصول الثقافة الإسلامية","الشعبة":"45088","النشاط":"محاضرة","الساعات":"2","الجنس":"ذكر","الحالة":"مغلقة"},{"رقم المقرر":291,"رمز المقرر":"101 سلم","اسم المقرر":"أصول الثقافة الإسلامية","الشعبة":"45089","النشاط":"محاضرة","الساعات":"2","الجنس":"ذكر","الحالة":"مغلقة"},{"رقم المقرر":292,"رمز المقرر":"101 سلم","اسم المقرر":"أصول الثقافة الإسلامية","الشعبة":"45677","النشاط":"محاضرة","الساعات":"2","الجنس":"ذكر","الحالة":"مفتوحة"},{"رقم المقرر":293,"رمز المقرر":"101 سلم","اسم المقرر":"أصول الثقافة الإسلامية","الشعبة":"45823","النشاط":"محاضرة","الساعات":"2","الجنس":"ذكر","الحالة":"مغلقة"},{"رقم المقرر":294,"رمز المقرر":"101 سلم","اسم المقرر":"أصول الثقافة الإسلامية","الشعبة":"45824","النشاط":"محاضرة","الساعات":"2","الجنس":"ذكر","الحالة":"مغلقة"},{"رقم المقرر":295,"رمز المقرر":"101 سلم","اسم المقرر":"أصول الثقافة الإسلامية","الشعبة":"45972","النشاط":"محاضرة","الساعات":"2","الجنس":"ذكر","الحالة":"مغلقة"},{"رقم المقرر":296,"رمز المقرر":"101 سلم","اسم المقرر":"أصول الثقافة الإسلامية","الشعبة":"46003","النشاط":"محاضرة","الساعات":"2","الجنس":"ذكر","الحالة":"مغلقة"},{"رقم المقرر":297,"رمز المقرر":"101 سلم","اسم المقرر":"أصول الثقافة الإسلامية","الشعبة":"46007","النشاط":"محاضرة","الساعات":"2","الجنس":"ذكر","الحالة":"مفتوحة"},{"رقم المقرر":298,"رمز المقرر":"101 سلم","اسم المقرر":"أصول الثقافة الإسلامية","الشعبة":"51892","النشاط":"محاضرة","الساعات":"2","الجنس":"ذكر","الحالة":"مغلقة"},{"رقم المقرر":299,"رمز المقرر":"101 سلم","اسم المقرر":"أصول الثقافة الإسلامية","الشعبة":"53088","النشاط":"محاضرة","الساعات":"2","الجنس":"ذكر","الحالة":"مغلقة"},{"رقم المقرر":300,"رمز المقرر":"101 سلم","اسم المقرر":"أصول الثقافة الإسلامية","الشعبة":"53091","النشاط":"محاضرة","الساعات":"2","الجنس":"ذكر","الحالة":"مفتوحة"},{"رقم المقرر":301,"رمز المقرر":"101 سلم","اسم المقرر":"أصول الثقافة الإسلامية","الشعبة":"56642","النشاط":"محاضرة","الساعات":"2","الجنس":"ذكر","الحالة":"مغلقة"},{"رقم المقرر":302,"رمز المقرر":"101 سلم","اسم المقرر":"أصول الثقافة الإسلامية","الشعبة":"57141","النشاط":"محاضرة","الساعات":"2","الجنس":"ذكر","الحالة":"مفتوحة"},{"رقم المقرر":303,"رمز المقرر":"101 سلم","اسم المقرر":"أصول الثقافة الإسلامية","الشعبة":"59330","النشاط":"محاضرة","الساعات":"2","الجنس":"ذكر","الحالة":"مغلقة"},{"رقم المقرر":304,"رمز المقرر":"101 سلم","اسم المقرر":"أصول الثقافة الإسلامية","الشعبة":"60207","النشاط":"محاضرة","الساعات":"2","الجنس":"ذكر","الحالة":"مغلقة"},{"رقم المقرر":305,"رمز المقرر":"102 سلم","اسم المقرر":"الأسرة في الإسلام","الشعبة":"44146","النشاط":"محاضرة","الساعات":"2","الجنس":"ذكر","الحالة":"مغلقة"},{"رقم المقرر":306,"رمز المقرر":"102 سلم","اسم المقرر":"الأسرة في الإسلام","الشعبة":"44319","النشاط":"محاضرة","الساعات":"2","الجنس":"ذكر","الحالة":"مفتوحة"},{"رقم المقرر":307,"رمز المقرر":"102 سلم","اسم المقرر":"الأسرة في الإسلام","الشعبة":"44961","النشاط":"محاضرة","الساعات":"2","الجنس":"ذكر","الحالة":"مفتوحة"},{"رقم المقرر":308,"رمز المقرر":"102 سلم","اسم المقرر":"الأسرة في الإسلام","الشعبة":"45023","النشاط":"محاضرة","الساعات":"2","الجنس":"ذكر","الحالة":"مفتوحة"},{"رقم المقرر":309,"رمز المقرر":"102 سلم","اسم المقرر":"الأسرة في الإسلام","الشعبة":"45678","النشاط":"محاضرة","الساعات":"2","الجنس":"ذكر","الحالة":"مفتوحة"},{"رقم المقرر":310,"رمز المقرر":"102 سلم","اسم المقرر":"الأسرة في الإسلام","الشعبة":"45825","النشاط":"محاضرة","الساعات":"2","الجنس":"ذكر","الحالة":"مغلقة"},{"رقم المقرر":311,"رمز المقرر":"102 سلم","اسم المقرر":"الأسرة في الإسلام","الشعبة":"45973","النشاط":"محاضرة","الساعات":"2","الجنس":"ذكر","الحالة":"مغلقة"},{"رقم المقرر":312,"رمز المقرر":"102 سلم","اسم المقرر":"الأسرة في الإسلام","الشعبة":"45974","النشاط":"محاضرة","الساعات":"2","الجنس":"ذكر","الحالة":"مغلقة"},{"رقم المقرر":313,"رمز المقرر":"102 سلم","اسم المقرر":"الأسرة في الإسلام","الشعبة":"45975","النشاط":"محاضرة","الساعات":"2","الجنس":"ذكر","الحالة":"مغلقة"},{"رقم المقرر":314,"رمز المقرر":"102 سلم","اسم المقرر":"الأسرة في الإسلام","الشعبة":"45978","النشاط":"محاضرة","الساعات":"2","الجنس":"ذكر","الحالة":"مغلقة"},{"رقم المقرر":315,"رمز المقرر":"102 سلم","اسم المقرر":"الأسرة في الإسلام","الشعبة":"45989","النشاط":"محاضرة","الساعات":"2","الجنس":"ذكر","الحالة":"مغلقة"},{"رقم المقرر":316,"رمز المقرر":"102 سلم","اسم المقرر":"الأسرة في الإسلام","الشعبة":"45990","النشاط":"محاضرة","الساعات":"2","الجنس":"ذكر","الحالة":"مفتوحة"},{"رقم المقرر":317,"رمز المقرر":"102 سلم","اسم المقرر":"الأسرة في الإسلام","الشعبة":"46039","النشاط":"محاضرة","الساعات":"2","الجنس":"ذكر","الحالة":"مفتوحة"},{"رقم المقرر":318,"رمز المقرر":"102 سلم","اسم المقرر":"الأسرة في الإسلام","الشعبة":"46040","النشاط":"محاضرة","الساعات":"2","الجنس":"ذكر","الحالة":"مفتوحة"},{"رقم المقرر":319,"رمز المقرر":"102 سلم","اسم المقرر":"الأسرة في الإسلام","الشعبة":"51658","النشاط":"محاضرة","الساعات":"2","الجنس":"ذكر","الحالة":"مفتوحة"},{"رقم المقرر":320,"رمز المقرر":"102 سلم","اسم المقرر":"الأسرة في الإسلام","الشعبة":"56922","النشاط":"محاضرة","الساعات":"2","الجنس":"ذكر","الحالة":"مغلقة"},{"رقم المقرر":321,"رمز المقرر":"102 سلم","اسم المقرر":"الأسرة في الإسلام","الشعبة":"59656","النشاط":"محاضرة","الساعات":"2","الجنس":"ذكر","الحالة":"مغلقة"},{"رقم المقرر":322,"رمز المقرر":"102 سلم","اسم المقرر":"الأسرة في الإسلام","الشعبة":"59662","النشاط":"محاضرة","الساعات":"2","الجنس":"ذكر","الحالة":"مغلقة"},{"رقم المقرر":323,"رمز المقرر":"102 سلم","اسم المقرر":"الأسرة في الإسلام","الشعبة":"59932","النشاط":"محاضرة","الساعات":"2","الجنس":"ذكر","الحالة":"مغلقة"},{"رقم المقرر":324,"رمز المقرر":"102 سلم","اسم المقرر":"الأسرة في الإسلام","الشعبة":"59941","النشاط":"محاضرة","الساعات":"2","الجنس":"ذكر","الحالة":"مغلقة"},{"رقم المقرر":325,"رمز المقرر":"102 سلم","اسم المقرر":"الأسرة في الإسلام","الشعبة":"59942","النشاط":"محاضرة","الساعات":"2","الجنس":"ذكر","الحالة":"مغلقة"},{"رقم المقرر":326,"رمز المقرر":"102 سلم","اسم المقرر":"الأسرة في الإسلام","الشعبة":"59952","النشاط":"محاضرة","الساعات":"2","الجنس":"ذكر","الحالة":"مغلقة"},{"رقم المقرر":327,"رمز المقرر":"102 سلم","اسم المقرر":"الأسرة في الإسلام","الشعبة":"59953","النشاط":"محاضرة","الساعات":"2","الجنس":"ذكر","الحالة":"مغلقة"},{"رقم المقرر":328,"رمز المقرر":"102 سلم","اسم المقرر":"الأسرة في الإسلام","الشعبة":"60208","النشاط":"محاضرة","الساعات":"2","الجنس":"ذكر","الحالة":"مفتوحة"},{"رقم المقرر":329,"رمز المقرر":"103 سلم","اسم المقرر":"النظام الاقتصادي الإسلامي","الشعبة":"44148","النشاط":"محاضرة","الساعات":"2","الجنس":"ذكر","الحالة":"مغلقة"},{"رقم المقرر":330,"رمز المقرر":"103 سلم","اسم المقرر":"النظام الاقتصادي الإسلامي","الشعبة":"44149","النشاط":"محاضرة","الساعات":"2","الجنس":"ذكر","الحالة":"مفتوحة"},{"رقم المقرر":331,"رمز المقرر":"103 سلم","اسم المقرر":"النظام الاقتصادي الإسلامي","الشعبة":"44150","النشاط":"محاضرة","الساعات":"2","الجنس":"ذكر","الحالة":"مفتوحة"},{"رقم المقرر":332,"رمز المقرر":"103 سلم","اسم المقرر":"النظام الاقتصادي الإسلامي","الشعبة":"44320","النشاط":"محاضرة","الساعات":"2","الجنس":"ذكر","الحالة":"مغلقة"},{"رقم المقرر":333,"رمز المقرر":"103 سلم","اسم المقرر":"النظام الاقتصادي الإسلامي","الشعبة":"44963","النشاط":"محاضرة","الساعات":"2","الجنس":"ذكر","الحالة":"مغلقة"},{"رقم المقرر":334,"رمز المقرر":"103 سلم","اسم المقرر":"النظام الاقتصادي الإسلامي","الشعبة":"45091","النشاط":"محاضرة","الساعات":"2","الجنس":"ذكر","الحالة":"مغلقة"},{"رقم المقرر":335,"رمز المقرر":"103 سلم","اسم المقرر":"النظام الاقتصادي الإسلامي","الشعبة":"45092","النشاط":"محاضرة","الساعات":"2","الجنس":"ذكر","الحالة":"مغلقة"},{"رقم المقرر":336,"رمز المقرر":"103 سلم","اسم المقرر":"النظام الاقتصادي الإسلامي","الشعبة":"45680","النشاط":"محاضرة","الساعات":"2","الجنس":"ذكر","الحالة":"مغلقة"},{"رقم المقرر":337,"رمز المقرر":"103 سلم","اسم المقرر":"النظام الاقتصادي الإسلامي","الشعبة":"45979","النشاط":"محاضرة","الساعات":"2","الجنس":"ذكر","الحالة":"مغلقة"},{"رقم المقرر":338,"رمز المقرر":"103 سلم","اسم المقرر":"النظام الاقتصادي الإسلامي","الشعبة":"45980","النشاط":"محاضرة","الساعات":"2","الجنس":"ذكر","الحالة":"مغلقة"},{"رقم المقرر":339,"رمز المقرر":"103 سلم","اسم المقرر":"النظام الاقتصادي الإسلامي","الشعبة":"45981","النشاط":"محاضرة","الساعات":"2","الجنس":"ذكر","الحالة":"مغلقة"},{"رقم المقرر":340,"رمز المقرر":"103 سلم","اسم المقرر":"النظام الاقتصادي الإسلامي","الشعبة":"45991","النشاط":"محاضرة","الساعات":"2","الجنس":"ذكر","الحالة":"مفتوحة"},{"رقم المقرر":341,"رمز المقرر":"103 سلم","اسم المقرر":"النظام الاقتصادي الإسلامي","الشعبة":"46041","النشاط":"محاضرة","الساعات":"2","الجنس":"ذكر","الحالة":"مفتوحة"},{"رقم المقرر":342,"رمز المقرر":"103 سلم","اسم المقرر":"النظام الاقتصادي الإسلامي","الشعبة":"51659","النشاط":"محاضرة","الساعات":"2","الجنس":"ذكر","الحالة":"مفتوحة"},{"رقم المقرر":343,"رمز المقرر":"103 سلم","اسم المقرر":"النظام الاقتصادي الإسلامي","الشعبة":"59657","النشاط":"محاضرة","الساعات":"2","الجنس":"ذكر","الحالة":"مغلقة"},{"رقم المقرر":344,"رمز المقرر":"103 سلم","اسم المقرر":"النظام الاقتصادي الإسلامي","الشعبة":"59663","النشاط":"محاضرة","الساعات":"2","الجنس":"ذكر","الحالة":"مغلقة"},{"رقم المقرر":345,"رمز المقرر":"103 سلم","اسم المقرر":"النظام الاقتصادي الإسلامي","الشعبة":"60209","النشاط":"محاضرة","الساعات":"2","الجنس":"ذكر","الحالة":"مفتوحة"},{"رقم المقرر":346,"رمز المقرر":"104 سلم","اسم المقرر":"النظام السياسي الإسلامي","الشعبة":"44136","النشاط":"محاضرة","الساعات":"2","الجنس":"ذكر","الحالة":"مفتوحة"},{"رقم المقرر":347,"رمز المقرر":"104 سلم","اسم المقرر":"النظام السياسي الإسلامي","الشعبة":"44151","النشاط":"محاضرة","الساعات":"2","الجنس":"ذكر","الحالة":"مغلقة"},{"رقم المقرر":348,"رمز المقرر":"104 سلم","اسم المقرر":"النظام السياسي الإسلامي","الشعبة":"44152","النشاط":"محاضرة","الساعات":"2","الجنس":"ذكر","الحالة":"مغلقة"},{"رقم المقرر":349,"رمز المقرر":"104 سلم","اسم المقرر":"النظام السياسي الإسلامي","الشعبة":"44321","النشاط":"محاضرة","الساعات":"2","الجنس":"ذكر","الحالة":"مفتوحة"},{"رقم المقرر":350,"رمز المقرر":"104 سلم","اسم المقرر":"النظام السياسي الإسلامي","الشعبة":"44957","النشاط":"محاضرة","الساعات":"2","الجنس":"ذكر","الحالة":"مفتوحة"},{"رقم المقرر":351,"رمز المقرر":"104 سلم","اسم المقرر":"النظام السياسي الإسلامي","الشعبة":"44959","النشاط":"محاضرة","الساعات":"2","الجنس":"ذكر","الحالة":"مفتوحة"},{"رقم المقرر":352,"رمز المقرر":"104 سلم","اسم المقرر":"النظام السياسي الإسلامي","الشعبة":"45093","النشاط":"محاضرة","الساعات":"2","الجنس":"ذكر","الحالة":"مغلقة"},{"رقم المقرر":353,"رمز المقرر":"104 سلم","اسم المقرر":"النظام السياسي الإسلامي","الشعبة":"45094","النشاط":"محاضرة","الساعات":"2","الجنس":"ذكر","الحالة":"مغلقة"},{"رقم المقرر":354,"رمز المقرر":"104 سلم","اسم المقرر":"النظام السياسي الإسلامي","الشعبة":"45684","النشاط":"محاضرة","الساعات":"2","الجنس":"ذكر","الحالة":"مغلقة"},{"رقم المقرر":355,"رمز المقرر":"104 سلم","اسم المقرر":"النظام السياسي الإسلامي","الشعبة":"45983","النشاط":"محاضرة","الساعات":"2","الجنس":"ذكر","الحالة":"مغلقة"},{"رقم المقرر":356,"رمز المقرر":"104 سلم","اسم المقرر":"النظام السياسي الإسلامي","الشعبة":"45984","النشاط":"محاضرة","الساعات":"2","الجنس":"ذكر","الحالة":"مغلقة"},{"رقم المقرر":357,"رمز المقرر":"104 سلم","اسم المقرر":"النظام السياسي الإسلامي","الشعبة":"45992","النشاط":"محاضرة","الساعات":"2","الجنس":"ذكر","الحالة":"مفتوحة"},{"رقم المقرر":358,"رمز المقرر":"104 سلم","اسم المقرر":"النظام السياسي الإسلامي","الشعبة":"46044","النشاط":"محاضرة","الساعات":"2","الجنس":"ذكر","الحالة":"مفتوحة"},{"رقم المقرر":359,"رمز المقرر":"104 سلم","اسم المقرر":"النظام السياسي الإسلامي","الشعبة":"51660","النشاط":"محاضرة","الساعات":"2","الجنس":"ذكر","الحالة":"مغلقة"},{"رقم المقرر":360,"رمز المقرر":"104 سلم","اسم المقرر":"النظام السياسي الإسلامي","الشعبة":"56645","النشاط":"محاضرة","الساعات":"2","الجنس":"ذكر","الحالة":"مفتوحة"},{"رقم المقرر":361,"رمز المقرر":"104 سلم","اسم المقرر":"النظام السياسي الإسلامي","الشعبة":"57144","النشاط":"محاضرة","الساعات":"2","الجنس":"ذكر","الحالة":"مغلقة"},{"رقم المقرر":362,"رمز المقرر":"104 سلم","اسم المقرر":"النظام السياسي الإسلامي","الشعبة":"59658","النشاط":"محاضرة","الساعات":"2","الجنس":"ذكر","الحالة":"مغلقة"},{"رقم المقرر":363,"رمز المقرر":"104 سلم","اسم المقرر":"النظام السياسي الإسلامي","الشعبة":"59666","النشاط":"محاضرة","الساعات":"2","الجنس":"ذكر","الحالة":"مغلقة"},{"رقم المقرر":364,"رمز المقرر":"104 سلم","اسم المقرر":"النظام السياسي الإسلامي","الشعبة":"59933","النشاط":"محاضرة","الساعات":"2","الجنس":"ذكر","الحالة":"مغلقة"},{"رقم المقرر":365,"رمز المقرر":"104 سلم","اسم المقرر":"النظام السياسي الإسلامي","الشعبة":"59944","النشاط":"محاضرة","الساعات":"2","الجنس":"ذكر","الحالة":"مغلقة"},{"رقم المقرر":366,"رمز المقرر":"104 سلم","اسم المقرر":"النظام السياسي الإسلامي","الشعبة":"59955","النشاط":"محاضرة","الساعات":"2","الجنس":"ذكر","الحالة":"مفتوحة"},{"رقم المقرر":367,"رمز المقرر":"104 سلم","اسم المقرر":"النظام السياسي الإسلامي","الشعبة":"60210","النشاط":"محاضرة","الساعات":"2","الجنس":"ذكر","الحالة":"مفتوحة"},{"رقم المقرر":368,"رمز المقرر":"100 سلم","اسم المقرر":"دراسات في السيرة النبوية","الشعبة":"44101","النشاط":"محاضرة","الساعات":"2","الجنس":"ذكر","الحالة":"مغلقة"},{"رقم المقرر":369,"رمز المقرر":"100 سلم","اسم المقرر":"دراسات في السيرة النبوية","الشعبة":"45675","النشاط":"محاضرة","الساعات":"2","الجنس":"ذكر","الحالة":"مفتوحة"},{"رقم المقرر":370,"رمز المقرر":"100 سلم","اسم المقرر":"دراسات في السيرة النبوية","الشعبة":"45820","النشاط":"محاضرة","الساعات":"2","الجنس":"ذكر","الحالة":"مغلقة"},{"رقم المقرر":371,"رمز المقرر":"100 سلم","اسم المقرر":"دراسات في السيرة النبوية","الشعبة":"52568","النشاط":"محاضرة","الساعات":"2","الجنس":"ذكر","الحالة":"مغلقة"},{"رقم المقرر":372,"رمز المقرر":"100 سلم","اسم المقرر":"دراسات في السيرة النبوية","الشعبة":"59358","النشاط":"محاضرة","الساعات":"2","الجنس":"ذكر","الحالة":"مغلقة"},{"رقم المقرر":373,"رمز المقرر":"100 سلم","اسم المقرر":"دراسات في السيرة النبوية","الشعبة":"59938","النشاط":"محاضرة","الساعات":"2","الجنس":"ذكر","الحالة":"مغلقة"},{"رقم المقرر":374,"رمز المقرر":"100 سلم","اسم المقرر":"دراسات في السيرة النبوية","الشعبة":"59940","النشاط":"محاضرة","الساعات":"2","الجنس":"ذكر","الحالة":"مفتوحة"},{"رقم المقرر":375,"رمز المقرر":"100 سلم","اسم المقرر":"دراسات في السيرة النبوية","الشعبة":"60206","النشاط":"محاضرة","الساعات":"2","الجنس":"ذكر","الحالة":"مفتوحة"},{"رقم المقرر":376,"رمز المقرر":"100 سلم","اسم المقرر":"دراسات في السيرة النبوية","الشعبة":"60213","النشاط":"محاضرة","الساعات":"2","الجنس":"ذكر","الحالة":"مغلقة"},{"رقم المقرر":377,"رمز المقرر":"100 قرأ","اسم المقرر":"القرآن الكريم","الشعبة":"58258","النشاط":"محاضرة","الساعات":"2","الجنس":"ذكر","الحالة":"مغلقة"},{"رقم المقرر":378,"رمز المقرر":"100 قرأ","اسم المقرر":"القرآن الكريم","الشعبة":"58259","النشاط":"محاضرة","الساعات":"2","الجنس":"ذكر","الحالة":"مغلقة"},{"رقم المقرر":379,"رمز المقرر":"100 قرأ","اسم المقرر":"القرآن الكريم","الشعبة":"58260","النشاط":"محاضرة","الساعات":"2","الجنس":"ذكر","الحالة":"مغلقة"},{"رقم المقرر":380,"رمز المقرر":"100 قرأ","اسم المقرر":"القرآن الكريم","الشعبة":"58261","النشاط":"محاضرة","الساعات":"2","الجنس":"ذكر","الحالة":"مغلقة"},{"رقم المقرر":381,"رمز المقرر":"100 قرأ","اسم المقرر":"القرآن الكريم","الشعبة":"58262","النشاط":"محاضرة","الساعات":"2","الجنس":"ذكر","الحالة":"مغلقة"},{"رقم المقرر":382,"رمز المقرر":"100 قرأ","اسم المقرر":"القرآن الكريم","الشعبة":"59905","النشاط":"محاضرة","الساعات":"2","الجنس":"ذكر","الحالة":"مغلقة"},{"رقم المقرر":383,"رمز المقرر":"100 قرأ","اسم المقرر":"القرآن الكريم","الشعبة":"59906","النشاط":"محاضرة","الساعات":"2","الجنس":"ذكر","الحالة":"مغلقة"},{"رقم المقرر":384,"رمز المقرر":"100 قرأ","اسم المقرر":"القرآن الكريم","الشعبة":"59907","النشاط":"محاضرة","الساعات":"2","الجنس":"ذكر","الحالة":"مغلقة"},{"رقم المقرر":385,"رمز المقرر":"100 قرأ","اسم المقرر":"القرآن الكريم","الشعبة":"60205","النشاط":"محاضرة","الساعات":"2","الجنس":"ذكر","الحالة":"مغلقة"},{"رقم المقرر":386,"رمز المقرر":"100 قرأ","اسم المقرر":"القرآن الكريم","الشعبة":"60212","النشاط":"محاضرة","الساعات":"2","الجنس":"ذكر","الحالة":"مغلقة"},{"رقم المقرر":387,"رمز المقرر":"100 قرأ","اسم المقرر":"القرآن الكريم","الشعبة":"60436","النشاط":"محاضرة","الساعات":"2","الجنس":"ذكر","الحالة":"مغلقة"},{"رقم المقرر":388,"رمز المقرر":"100 قرأ","اسم المقرر":"القرآن الكريم","الشعبة":"60437","النشاط":"محاضرة","الساعات":"2","الجنس":"ذكر","الحالة":"مغلقة"},{"رقم المقرر":389,"رمز المقرر":"100 قرأ","اسم المقرر":"القرآن الكريم","الشعبة":"64853","النشاط":"محاضرة","الساعات":"2","الجنس":"ذكر","الحالة":"مغلقة"},{"رقم المقرر":390,"رمز المقرر":"100 قرأ","اسم المقرر":"القرآن الكريم","الشعبة":"73068","النشاط":"محاضرة","الساعات":"2","الجنس":"ذكر","الحالة":"مغلقة"},{"رقم المقرر":391,"رمز المقرر":"100 قرأ","اسم المقرر":"القرآن الكريم","الشعبة":"73069","النشاط":"محاضرة","الساعات":"2","الجنس":"ذكر","الحالة":"مغلقة"}]