[{"رقم المقرر":1,"رمز المقرر":"103 عرب","اسم المقرر":"التحرير العربي","الشعبة":"807","النشاط":"محاضرة","الساعات":"2","الجنس":"ذكر","الحالة":"مفتوحة"},{"رقم المقرر":2,"رمز المقرر":"103 عرب","اسم المقرر":"التحرير العربي","الشعبة":"1698","النشاط":"محاضرة","الساعات":"2","الجنس":"ذكر","الحالة":"مغلقة"},{"رقم المقرر":3,"رمز المقرر":"103 عرب","اسم المقرر":"التحرير العربي","الشعبة":"1996","النشاط":"محاضرة","الساعات":"2","الجنس":"ذكر","الحالة":"مفتوحة"},{"رقم المقرر":4,"رمز المقرر":"103 عرب","اسم المقرر":"التحرير العربي","الشعبة":"2007","النشاط":"محاضرة","الساعات":"2","الجنس":"ذكر","الحالة":"مغلقة"},{"رقم المقرر":5,"رمز المقرر":"103 عرب","اسم المقرر":"التحرير العربي","الشعبة":"2014","النشاط":"محاضرة","الساعات":"2","الجنس":"ذكر","الحالة":"مفتوحة"},{"رقم المقرر":6,"رمز المقرر":"103 عرب","اسم المقرر":"التحرير العربي","الشعبة":"2028","النشاط":"محاضرة","الساعات":"2","الجنس":"ذكر","الحالة":"مفتوحة"},{"رقم المقرر":7,"رمز المقرر":"103 عرب","اسم المقرر":"التحرير العربي","الشعبة":"3380","النشاط":"محاضرة","الساعات":"2","الجنس":"ذكر","الحالة":"مفتوحة"},{"رقم المقرر":8,"رمز المقرر":"103 عرب","اسم المقرر":"التحرير العربي","الشعبة":"3381","النشاط":"محاضرة","الساعات":"2","الجنس":"ذكر","الحالة":"مفتوحة"},{"رقم المقرر":9,"رمز المقرر":"103 عرب","اسم المقرر":"التحرير العربي","الشعبة":"5460","النشاط":"محاضرة","الساعات":"2","الجنس":"ذكر","الحالة":"مفتوحة"},{"رقم المقرر":10,"رمز المقرر":"103 عرب","اسم المقرر":"التحرير العربي","الشعبة":"5469","النشاط":"محاضرة","الساعات":"2","الجنس":"ذكر","الحالة":"مفتوحة"},{"رقم المقرر":11,"رمز المقرر":"103 عرب","اسم المقرر":"التحرير العربي","الشعبة":"5488","النشاط":"محاضرة","الساعات":"2","الجنس":"ذكر","الحالة":"مفتوحة"},{"رقم المقرر":12,"رمز المقرر":"103 عرب","اسم المقرر":"التحرير العربي","الشعبة":"6164","النشاط":"محاضرة","الساعات":"2","الجنس":"ذكر","الحالة":"مفتوحة"},{"رقم المقرر":13,"رمز المقرر":"103 عرب","اسم المقرر":"التحرير العربي","الشعبة":"6179","النشاط":"محاضرة","الساعات":"2","الجنس":"ذكر","الحالة":"مفتوحة"},{"رقم المقرر":14,"رمز المقرر":"103 عرب","اسم المقرر":"التحرير العربي","الشعبة":"8753","النشاط":"محاضرة","الساعات":"2","الجنس":"ذكر","الحالة":"مفتوحة"},{"رقم المقرر":15,"رمز المقرر":"103 عرب","اسم المقرر":"التحرير العربي","الشعبة":"8754","النشاط":"محاضرة","الساعات":"2","الجنس":"ذكر","الحالة":"مغلقة"},{"رقم المقرر":16,"رمز المقرر":"103 عرب","اسم المقرر":"التحرير العربي","الشعبة":"11665","النشاط":"محاضرة","الساعات":"2","الجنس":"ذكر","الحالة":"مغلقة"},{"رقم المقرر":17,"رمز المقرر":"103 عرب","اسم المقرر":"التحرير العربي","الشعبة":"11667","النشاط":"محاضرة","الساعات":"2","الجنس":"ذكر","الحالة":"مغلقة"},{"رقم المقرر":18,"رمز المقرر":"103 عرب","اسم المقرر":"التحرير العربي","الشعبة":"11669","النشاط":"محاضرة","الساعات":"2","الجنس":"ذكر","الحالة":"مفتوحة"},{"رقم المقرر":19,"رمز المقرر":"103 عرب","اسم المقرر":"التحرير العربي","الشعبة":"11671","النشاط":"محاضرة","الساعات":"2","الجنس":"ذكر","الحالة":"مفتوحة"},{"رقم المقرر":20,"رمز المقرر":"103 عرب","اسم المقرر":"التحرير العربي","الشعبة":"11673","النشاط":"محاضرة","الساعات":"2","الجنس":"ذكر","الحالة":"مغلقة"},{"رقم المقرر":21,"رمز المقرر":"103 عرب","اسم المقرر":"التحرير العربي","الشعبة":"12000","النشاط":"محاضرة","الساعات":"2","الجنس":"ذكر","الحالة":"مفتوحة"},{"رقم المقرر":22,"رمز المقرر":"103 عرب","اسم المقرر":"التحرير العربي","الشعبة":"16162","النشاط":"محاضرة","الساعات":"2","الجنس":"ذكر","الحالة":"مفتوحة"},{"رقم المقرر":23,"رمز المقرر":"103 عرب","اسم المقرر":"التحرير العربي","الشعبة":"18900","النشاط":"محاضرة","الساعات":"2","الجنس":"ذكر","الحالة":"مفتوحة"},{"رقم المقرر":24,"رمز المقرر":"103 عرب","اسم المقرر":"التحرير العربي","الشعبة":"20138","النشاط":"محاضرة","الساعات":"2","الجنس":"ذكر","الحالة":"مغلقة"},{"رقم المقرر":25,"رمز المقرر":"103 عرب","اسم المقرر":"التحرير العربي","الشعبة":"27252","النشاط":"محاضرة","الساعات":"2","الجنس":"ذكر","الحالة":"مفتوحة"},{"رقم المقرر":26,"رمز المقرر":"103 عرب","اسم المقرر":"التحرير العربي","الشعبة":"29189","النشاط":"محاضرة","الساعات":"2","الجنس":"ذكر","الحالة":"مفتوحة"},{"رقم المقرر":27,"رمز المقرر":"103 عرب","اسم المقرر":"التحرير العربي","الشعبة":"29190","النشاط":"محاضرة","الساعات":"2","الجنس":"ذكر","الحالة":"مفتوحة"},{"رقم المقرر":28,"رمز المقرر":"103 عرب","اسم المقرر":"التحرير العربي","الشعبة":"32331","النشاط":"محاضرة","الساعات":"2","الجنس":"ذكر","الحالة":"مغلقة"},{"رقم المقرر":29,"رمز المقرر":"103 عرب","اسم المقرر":"التحرير العربي","الشعبة":"32333","النشاط":"محاضرة","الساعات":"2","الجنس":"ذكر","الحالة":"مغلقة"},{"رقم المقرر":30,"رمز المقرر":"103 عرب","اسم المقرر":"التحرير العربي","الشعبة":"32432","النشاط":"محاضرة","الساعات":"2","الجنس":"ذكر","الحالة":"مغلقة"},{"رقم المقرر":31,"رمز المقرر":"103 عرب","اسم المقرر":"التحرير العربي","الشعبة":"32433","النشاط":"محاضرة","الساعات":"2","الجنس":"ذكر","الحالة":"مفتوحة"},{"رقم المقرر":32,"رمز المقرر":"103 عرب","اسم المقرر":"التحرير العربي","الشعبة":"32436","النشاط":"محاضرة","الساعات":"2","الجنس":"ذكر","الحالة":"مفتوحة"},{"رقم المقرر":33,"رمز المقرر":"103 عرب","اسم المقرر":"التحرير العربي","الشعبة":"32443","النشاط":"محاضرة","الساعات":"2","الجنس":"ذكر","الحالة":"مفتوحة"},{"رقم المقرر":34,"رمز المقرر":"103 عرب","اسم المقرر":"التحرير العربي","الشعبة":"34060","النشاط":"محاضرة","الساعات":"2","الجنس":"ذكر","الحالة":"مفتوحة"},{"رقم المقرر":35,"رمز المقرر":"103 عرب","اسم المقرر":"التحرير العربي","الشعبة":"34061","النشاط":"محاضرة","الساعات":"2","الجنس":"ذكر","الحالة":"مفتوحة"},{"رقم المقرر":36,"رمز المقرر":"103 عرب","اسم المقرر":"التحرير العربي","الشعبة":"43497","النشاط":"محاضرة","الساعات":"2","الجنس":"ذكر","الحالة":"مفتوحة"},{"رقم المقرر":37,"رمز المقرر":"103 عرب","اسم المقرر":"التحرير العربي","الشعبة":"43523","النشاط":"محاضرة","الساعات":"2","الجنس":"ذكر","الحالة":"مفتوحة"},{"رقم المقرر":38,"رمز المقرر":"103 عرب","اسم المقرر":"التحرير العربي","الشعبة":"52559","النشاط":"محاضرة","الساعات":"2","الجنس":"ذكر","الحالة":"مغلقة"},{"رقم المقرر":39,"رمز المقرر":"103 عرب","اسم المقرر":"التحرير العربي","الشعبة":"52560","النشاط":"محاضرة","الساعات":"2","الجنس":"ذكر","الحالة":"مغلقة"},{"رقم المقرر":40,"رمز المقرر":"103 عرب","اسم المقرر":"التحرير العربي","الشعبة":"53276","النشاط":"محاضرة","الساعات":"2","الجنس":"ذكر","الحالة":"مفتوحة"},{"رقم المقرر":41,"رمز المقرر":"103 عرب","اسم المقرر":"التحرير العربي","الشعبة":"53279","النشاط":"محاضرة","الساعات":"2","الجنس":"ذكر","الحالة":"مفتوحة"},{"رقم المقرر":42,"رمز المقرر":"103 عرب","اسم المقرر":"التحرير العربي","الشعبة":"53280","النشاط":"محاضرة","الساعات":"2","الجنس":"ذكر","الحالة":"مفتوحة"},{"رقم المقرر":43,"رمز المقرر":"103 عرب","اسم المقرر":"التحرير العربي","الشعبة":"59851","النشاط":"محاضرة","الساعات":"2","الجنس":"ذكر","الحالة":"مفتوحة"},{"رقم المقرر":44,"رمز المقرر":"103 عرب","اسم المقرر":"التحرير العربي","الشعبة":"59852","النشاط":"محاضرة","الساعات":"2","الجنس":"ذكر","الحالة":"مفتوحة"},{"رقم المقرر":45,"رمز المقرر":"103 عرب","اسم المقرر":"التحرير العربي","الشعبة":"59853","النشاط":"محاضرة","الساعات":"2","الجنس":"ذكر","الحالة":"مفتوحة"},{"رقم المقرر":46,"رمز المقرر":"103 عرب","اسم المقرر":"التحرير العربي","الشعبة":"59854","النشاط":"محاضرة","الساعات":"2","الجنس":"ذكر","الحالة":"مفتوحة"},{"رقم المقرر":47,"رمز المقرر":"103 عرب","اسم المقرر":"التحرير العربي","الشعبة":"59855","النشاط":"محاضرة","الساعات":"2","الجنس":"ذكر","الحالة":"مفتوحة"},{"رقم المقرر":48,"رمز المقرر":"103 عرب","اسم المقرر":"التحرير العربي","الشعبة":"59856","النشاط":"محاضرة","الساعات":"2","الجنس":"ذكر","الحالة":"مفتوحة"},{"رقم المقرر":49,"رمز المقرر":"103 عرب","اسم المقرر":"التحرير العربي","الشعبة":"59857","النشاط":"محاضرة","الساعات":"2","الجنس":"ذكر","الحالة":"مفتوحة"},{"رقم المقرر":50,"رمز المقرر":"103 عرب","اسم المقرر":"التحرير العربي","الشعبة":"59858","النشاط":"محاضرة","الساعات":"2","الجنس":"ذكر","الحالة":"مفتوحة"},{"رقم المقرر":51,"رمز المقرر":"103 عرب","اسم المقرر":"التحرير العربي","الشعبة":"63107","النشاط":"محاضرة","الساعات":"2","الجنس":"ذكر","الحالة":"مفتوحة"},{"رقم المقرر":52,"رمز المقرر":"103 عرب","اسم المقرر":"التحرير العربي","الشعبة":"64856","النشاط":"محاضرة","الساعات":"2","الجنس":"ذكر","الحالة":"مفتوحة"},{"رقم المقرر":53,"رمز المقرر":"103 عرب","اسم المقرر":"التحرير العربي","الشعبة":"64857","النشاط":"محاضرة","الساعات":"2","الجنس":"ذكر","الحالة":"مفتوحة"},{"رقم المقرر":54,"رمز المقرر":"103 عرب","اسم المقرر":"التحرير العربي","الشعبة":"65563","النشاط":"محاضرة","الساعات":"2","الجنس":"ذكر","الحالة":"مفتوحة"},{"رقم المقرر":55,"رمز المقرر":"103 عرب","اسم المقرر":"التحرير العربي","الشعبة":"69071","النشاط":"محاضرة","الساعات":"2","الجنس":"ذكر","الحالة":"مغلقة"},{"رقم المقرر":56,"رمز المقرر":"101 نفس","اسم المقرر":"المدخل الى علم النفس","الشعبة":"7103","النشاط":"محاضرة","الساعات":"2","الجنس":"ذكر","الحالة":"مفتوحة"},{"رقم المقرر":57,"رمز المقرر":"345 هيل","اسم المقرر":"النمو والتطور البشرى","الشعبة":"10142","النشاط":"محاضرة","الساعات":"3","الجنس":"ذكر","الحالة":"مفتوحة"},{"رقم المقرر":58,"رمز المقرر":"345 هيل","اسم المقرر":"النمو والتطور البشرى","الشعبة":"11021","النشاط":"عملي","الساعات":"","الجنس":"ذكر","الحالة":"مفتوحة"},{"رقم المقرر":59,"رمز المقرر":"345 هيل","اسم المقرر":"النمو والتطور البشرى","الشعبة":"51939","النشاط":"محاضرة","الساعات":"3","الجنس":"ذكر","الحالة":"مفتوحة"},{"رقم المقرر":60,"رمز المقرر":"345 هيل","اسم المقرر":"النمو والتطور البشرى","الشعبة":"60679","النشاط":"عملي","الساعات":"","الجنس":"ذكر","الحالة":"مفتوحة"},{"رقم المقرر":61,"رمز المقرر":"345 هيل","اسم المقرر":"النمو والتطور البشرى","الشعبة":"51940","النشاط":"عملي","الساعات":"","الجنس":"ذكر","الحالة":"مفتوحة"},{"رقم المقرر":62,"رمز المقرر":"373 هيل","اسم المقرر":"اضطرابات النطق","الشعبة":"10143","النشاط":"محاضرة","الساعات":"3","الجنس":"ذكر","الحالة":"مغلقة"},{"رقم المقرر":63,"رمز المقرر":"373 هيل","اسم المقرر":"اضطرابات النطق","الشعبة":"60683","النشاط":"عملي","الساعات":"","الجنس":"ذكر","الحالة":"مغلقة"},{"رقم المقرر":64,"رمز المقرر":"373 هيل","اسم المقرر":"اضطرابات النطق","الشعبة":"18702","النشاط":"عملي","الساعات":"","الجنس":"ذكر","الحالة":"مغلقة"},{"رقم المقرر":65,"رمز المقرر":"475 هيل","اسم المقرر":"مقدمة في السماعات","الشعبة":"11036","النشاط":"محاضرة","الساعات":"3","الجنس":"ذكر","الحالة":"مغلقة"},{"رقم المقرر":66,"رمز المقرر":"475 هيل","اسم المقرر":"مقدمة في السماعات","الشعبة":"11037","النشاط":"عملي","الساعات":"","الجنس":"ذكر","الحالة":"مغلقة"},{"رقم المقرر":67,"رمز المقرر":"475 هيل","اسم المقرر":"مقدمة في السماعات","الشعبة":"60708","النشاط":"عملي","الساعات":"","الجنس":"ذكر","الحالة":"مغلقة"},{"رقم المقرر":68,"رمز المقرر":"462 هيل","اسم المقرر":"علم امراض اللغة والنطق -4-","الشعبة":"11029","النشاط":"محاضرة","الساعات":"4","الجنس":"ذكر","الحالة":"مفتوحة"},{"رقم المقرر":69,"رمز المقرر":"462 هيل","اسم المقرر":"علم امراض اللغة والنطق -4-","الشعبة":"11791","النشاط":"عملي","الساعات":"","الجنس":"ذكر","الحالة":"مفتوحة"},{"رقم المقرر":70,"رمز المقرر":"472 هيل","اسم المقرر":"علم سمع الاطفال","الشعبة":"11030","النشاط":"محاضرة","الساعات":"3","الجنس":"ذكر","الحالة":"مفتوحة"},{"رقم المقرر":71,"رمز المقرر":"472 هيل","اسم المقرر":"علم سمع الاطفال","الشعبة":"11031","النشاط":"عملي","الساعات":"","الجنس":"ذكر","الحالة":"مفتوحة"},{"رقم المقرر":72,"رمز المقرر":"427 هيل","اسم المقرر":"دراسات في ثنائية اللغة","الشعبة":"10158","النشاط":"محاضرة","الساعات":"2","الجنس":"ذكر","الحالة":"مغلقة"},{"رقم المقرر":73,"رمز المقرر":"344 هيل","اسم المقرر":"علم الاعصاب","الشعبة":"10137","النشاط":"محاضرة","الساعات":"2","الجنس":"ذكر","الحالة":"مفتوحة"},{"رقم المقرر":74,"رمز المقرر":"372 هيل","اسم المقرر":"علم السمع ـ2ـ","الشعبة":"7757","النشاط":"محاضرة","الساعات":"2","الجنس":"ذكر","الحالة":"مغلقة"},{"رقم المقرر":75,"رمز المقرر":"372 هيل","اسم المقرر":"علم السمع ـ2ـ","الشعبة":"11789","النشاط":"عملي","الساعات":"","الجنس":"ذكر","الحالة":"مغلقة"},{"رقم المقرر":76,"رمز المقرر":"372 هيل","اسم المقرر":"علم السمع ـ2ـ","الشعبة":"60682","النشاط":"عملي","الساعات":"","الجنس":"ذكر","الحالة":"مغلقة"},{"رقم المقرر":77,"رمز المقرر":"372 هيل","اسم المقرر":"علم السمع ـ2ـ","الشعبة":"13045","النشاط":"محاضرة","الساعات":"2","الجنس":"ذكر","الحالة":"مفتوحة"},{"رقم المقرر":78,"رمز المقرر":"372 هيل","اسم المقرر":"علم السمع ـ2ـ","الشعبة":"16092","النشاط":"عملي","الساعات":"","الجنس":"ذكر","الحالة":"مفتوحة"},{"رقم المقرر":79,"رمز المقرر":"372 هيل","اسم المقرر":"علم السمع ـ2ـ","الشعبة":"56989","النشاط":"عملي","الساعات":"","الجنس":"ذكر","الحالة":"مفتوحة"},{"رقم المقرر":80,"رمز المقرر":"377 هيل","اسم المقرر":"فيزياء الصوت وانتاجه","الشعبة":"8248","النشاط":"محاضرة","الساعات":"4","الجنس":"ذكر","الحالة":"مفتوحة"},{"رقم المقرر":81,"رمز المقرر":"377 هيل","اسم المقرر":"فيزياء الصوت وانتاجه","الشعبة":"8249","النشاط":"عملي","الساعات":"","الجنس":"ذكر","الحالة":"مفتوحة"},{"رقم المقرر":82,"رمز المقرر":"248 هيل","اسم المقرر":"علم الصوتيات","الشعبة":"8255","النشاط":"محاضرة","الساعات":"3","الجنس":"ذكر","الحالة":"مفتوحة"},{"رقم المقرر":83,"رمز المقرر":"248 هيل","اسم المقرر":"علم الصوتيات","الشعبة":"8256","النشاط":"عملي","الساعات":"","الجنس":"ذكر","الحالة":"مفتوحة"},{"رقم المقرر":84,"رمز المقرر":"323 كلن","اسم المقرر":"علم الامراض ووظائف الاعضاء","الشعبة":"656","النشاط":"محاضرة","الساعات":"3","الجنس":"ذكر","الحالة":"مفتوحة"},{"رقم المقرر":85,"رمز المقرر":"323 كلن","اسم المقرر":"علم الامراض ووظائف الاعضاء","الشعبة":"17427","النشاط":"محاضرة","الساعات":"3","الجنس":"ذكر","الحالة":"مفتوحة"},{"رقم المقرر":86,"رمز المقرر":"323 كلن","اسم المقرر":"علم الامراض ووظائف الاعضاء","الشعبة":"62985","النشاط":"محاضرة","الساعات":"3","الجنس":"ذكر","الحالة":"مفتوحة"},{"رقم المقرر":87,"رمز المقرر":"499 هيل","اسم المقرر":"طرق بحث","الشعبة":"11040","النشاط":"محاضرة","الساعات":"5","الجنس":"ذكر","الحالة":"مفتوحة"},{"رقم المقرر":88,"رمز المقرر":"499 هيل","اسم المقرر":"طرق بحث","الشعبة":"11041","النشاط":"عملي","الساعات":"","الجنس":"ذكر","الحالة":"مفتوحة"},{"رقم المقرر":89,"رمز المقرر":"444 هيل","اسم المقرر":"النواحي الطبية لأمراض التخاطب","الشعبة":"11028","النشاط":"محاضرة","الساعات":"3","الجنس":"ذكر","الحالة":"مفتوحة"},{"رقم المقرر":90,"رمز المقرر":"461 هيل","اسم المقرر":"علم امراض اللغة والنطق -3-","الشعبة":"10159","النشاط":"محاضرة","الساعات":"4","الجنس":"ذكر","الحالة":"مغلقة"},{"رقم المقرر":91,"رمز المقرر":"461 هيل","اسم المقرر":"علم امراض اللغة والنطق -3-","الشعبة":"11023","النشاط":"عملي","الساعات":"","الجنس":"ذكر","الحالة":"مغلقة"},{"رقم المقرر":92,"رمز المقرر":"461 هيل","اسم المقرر":"علم امراض اللغة والنطق -3-","الشعبة":"60700","النشاط":"عملي","الساعات":"","الجنس":"ذكر","الحالة":"مغلقة"},{"رقم المقرر":93,"رمز المقرر":"378 هيل","اسم المقرر":"الاجراءات الاكلينيكية لأمراض اللغة والنطق","الشعبة":"10156","النشاط":"محاضرة","الساعات":"3","الجنس":"ذكر","الحالة":"مغلقة"},{"رقم المقرر":94,"رمز المقرر":"378 هيل","اسم المقرر":"الاجراءات الاكلينيكية لأمراض اللغة والنطق","الشعبة":"60686","النشاط":"عملي","الساعات":"","الجنس":"ذكر","الحالة":"مغلقة"},{"رقم المقرر":95,"رمز المقرر":"378 هيل","اسم المقرر":"الاجراءات الاكلينيكية لأمراض اللغة والنطق","الشعبة":"11022","النشاط":"عملي","الساعات":"","الجنس":"ذكر","الحالة":"مغلقة"},{"رقم المقرر":96,"رمز المقرر":"227 هيل","اسم المقرر":"مقدمة عن الاطفال غير العاديين","الشعبة":"8252","النشاط":"محاضرة","الساعات":"2","الجنس":"ذكر","الحالة":"مفتوحة"},{"رقم المقرر":97,"رمز المقرر":"247 هيل","اسم المقرر":"علم تشريح ووظائف الية الكلام والسمع","الشعبة":"8253","النشاط":"محاضرة","الساعات":"3","الجنس":"ذكر","الحالة":"مفتوحة"},{"رقم المقرر":98,"رمز المقرر":"247 هيل","اسم المقرر":"علم تشريح ووظائف الية الكلام والسمع","الشعبة":"8254","النشاط":"عملي","الساعات":"","الجنس":"ذكر","الحالة":"مفتوحة"},{"رقم المقرر":99,"رمز المقرر":"249 هيل","اسم المقرر":"علم امراض اللغة والنطق -1-","الشعبة":"8257","النشاط":"محاضرة","الساعات":"2","الجنس":"ذكر","الحالة":"مفتوحة"},{"رقم المقرر":100,"رمز المقرر":"249 هيل","اسم المقرر":"علم امراض اللغة والنطق -1-","الشعبة":"8258","النشاط":"عملي","الساعات":"","الجنس":"ذكر","الحالة":"مفتوحة"},{"رقم المقرر":101,"رمز المقرر":"483 هيل","اسم المقرر":"ادارة برامج علاج أمراض النطق والسمع","الشعبة":"11038","النشاط":"محاضرة","الساعات":"2","الجنس":"ذكر","الحالة":"مغلقة"},{"رقم المقرر":102,"رمز المقرر":"483 هيل","اسم المقرر":"ادارة برامج علاج أمراض النطق والسمع","الشعبة":"11039","النشاط":"عملي","الساعات":"","الجنس":"ذكر","الحالة":"مغلقة"},{"رقم المقرر":103,"رمز المقرر":"371 هيل","اسم المقرر":"علم السمع ـ1ـ","الشعبة":"8244","النشاط":"محاضرة","الساعات":"3","الجنس":"ذكر","الحالة":"مفتوحة"},{"رقم المقرر":104,"رمز المقرر":"371 هيل","اسم المقرر":"علم السمع ـ1ـ","الشعبة":"8245","النشاط":"عملي","الساعات":"","الجنس":"ذكر","الحالة":"مفتوحة"},{"رقم المقرر":105,"رمز المقرر":"479 هيل","اسم المقرر":"علم اللغة -2-","الشعبة":"8250","النشاط":"محاضرة","الساعات":"2","الجنس":"ذكر","الحالة":"مفتوحة"},{"رقم المقرر":106,"رمز المقرر":"479 هيل","اسم المقرر":"علم اللغة -2-","الشعبة":"8251","النشاط":"عملي","الساعات":"","الجنس":"ذكر","الحالة":"مفتوحة"},{"رقم المقرر":107,"رمز المقرر":"467 هيل","اسم المقرر":"بدائل وسائل الاتصال","الشعبة":"11034","النشاط":"محاضرة","الساعات":"3","الجنس":"ذكر","الحالة":"مفتوحة"},{"رقم المقرر":108,"رمز المقرر":"467 هيل","اسم المقرر":"بدائل وسائل الاتصال","الشعبة":"11035","النشاط":"عملي","الساعات":"","الجنس":"ذكر","الحالة":"مفتوحة"},{"رقم المقرر":109,"رمز المقرر":"429 هيل","اسم المقرر":"اضطرابات سلاسة النطق","الشعبة":"11026","النشاط":"محاضرة","الساعات":"3","الجنس":"ذكر","الحالة":"مغلقة"},{"رقم المقرر":110,"رمز المقرر":"429 هيل","اسم المقرر":"اضطرابات سلاسة النطق","الشعبة":"11027","النشاط":"عملي","الساعات":"","الجنس":"ذكر","الحالة":"مغلقة"},{"رقم المقرر":111,"رمز المقرر":"471 هيل","اسم المقرر":"العجز السمعى","الشعبة":"10160","النشاط":"محاضرة","الساعات":"2","الجنس":"ذكر","الحالة":"مغلقة"},{"رقم المقرر":112,"رمز المقرر":"261 هيل","اسم المقرر":"علم اللغة -1-","الشعبة":"8259","النشاط":"محاضرة","الساعات":"2","الجنس":"ذكر","الحالة":"مفتوحة"},{"رقم المقرر":113,"رمز المقرر":"466 هيل","اسم المقرر":"اضطرابات الصوت","الشعبة":"11032","النشاط":"محاضرة","الساعات":"3","الجنس":"ذكر","الحالة":"مفتوحة"},{"رقم المقرر":114,"رمز المقرر":"466 هيل","اسم المقرر":"اضطرابات الصوت","الشعبة":"11033","النشاط":"عملي","الساعات":"","الجنس":"ذكر","الحالة":"مفتوحة"},{"رقم المقرر":115,"رمز المقرر":"428 هيل","اسم المقرر":"قياس وظائف الأعضاء الكهربائية","الشعبة":"11025","النشاط":"عملي","الساعات":"2","الجنس":"ذكر","الحالة":"مغلقة"},{"رقم المقرر":116,"رمز المقرر":"426 هيل","اسم المقرر":"الخصائص النفسية والاجتماعية للشيخوخة","الشعبة":"10157","النشاط":"محاضرة","الساعات":"3","الجنس":"ذكر","الحالة":"مغلقة"},{"رقم المقرر":117,"رمز المقرر":"474 هيل","اسم المقرر":"التأهيل السمعي","الشعبة":"10161","النشاط":"محاضرة","الساعات":"3","الجنس":"ذكر","الحالة":"مغلقة"},{"رقم المقرر":118,"رمز المقرر":"474 هيل","اسم المقرر":"التأهيل السمعي","الشعبة":"11024","النشاط":"عملي","الساعات":"","الجنس":"ذكر","الحالة":"مغلقة"},{"رقم المقرر":119,"رمز المقرر":"374 هيل","اسم المقرر":"علم أمراض اللغة والنطق -2-","الشعبة":"8246","النشاط":"محاضرة","الساعات":"4","الجنس":"ذكر","الحالة":"مفتوحة"},{"رقم المقرر":120,"رمز المقرر":"374 هيل","اسم المقرر":"علم أمراض اللغة والنطق -2-","الشعبة":"8247","النشاط":"عملي","الساعات":"","الجنس":"ذكر","الحالة":"مفتوحة"},{"رقم المقرر":121,"رمز المقرر":"145 احص","اسم المقرر":"الإحصاء الحيوي","الشعبة":"71336","النشاط":"محاضرة","الساعات":"2","الجنس":"ذكر","الحالة":"مغلقة"},{"رقم المقرر":122,"رمز المقرر":"145 نجم","اسم المقرر":"اللغة الإنجليزية للأغراض الصحية","الشعبة":"68649","النشاط":"محاضرة","الساعات":"8","الجنس":"ذكر","الحالة":"مفتوحة"},{"رقم المقرر":123,"رمز المقرر":"224 كلن","اسم المقرر":"أساسيات علم التشريح ووظائف الأعضاء","الشعبة":"29005","النشاط":"محاضرة","الساعات":"3","الجنس":"ذكر","الحالة":"مغلقة"},{"رقم المقرر":124,"رمز المقرر":"224 كلن","اسم المقرر":"أساسيات علم التشريح ووظائف الأعضاء","الشعبة":"29006","النشاط":"محاضرة","الساعات":"3","الجنس":"ذكر","الحالة":"مفتوحة"},{"رقم المقرر":125,"رمز المقرر":"224 كلن","اسم المقرر":"أساسيات علم التشريح ووظائف الأعضاء","الشعبة":"37099","النشاط":"محاضرة","الساعات":"3","الجنس":"ذكر","الحالة":"مغلقة"},{"رقم المقرر":126,"رمز المقرر":"224 كلن","اسم المقرر":"أساسيات علم التشريح ووظائف الأعضاء","الشعبة":"43685","النشاط":"محاضرة","الساعات":"3","الجنس":"ذكر","الحالة":"مفتوحة"},{"رقم المقرر":127,"رمز المقرر":"224 كلن","اسم المقرر":"أساسيات علم التشريح ووظائف الأعضاء","الشعبة":"62990","النشاط":"محاضرة","الساعات":"3","الجنس":"ذكر","الحالة":"مفتوحة"},{"رقم المقرر":128,"رمز المقرر":"222 صحه","اسم المقرر":"علم الاحصاء الحيوي المتقدم","الشعبة":"71625","النشاط":"محاضرة","الساعات":"2","الجنس":"ذكر","الحالة":"مفتوحة"},{"رقم المقرر":129,"رمز المقرر":"243 صحه","اسم المقرر":"أساسيات رعاية الطوارىء","الشعبة":"29008","النشاط":"محاضرة","الساعات":"2","الجنس":"ذكر","الحالة":"مغلقة"},{"رقم المقرر":130,"رمز المقرر":"243 صحه","اسم المقرر":"أساسيات رعاية الطوارىء","الشعبة":"29009","النشاط":"تمارين","الساعات":"","الجنس":"ذكر","الحالة":"مغلقة"},{"رقم المقرر":131,"رمز المقرر":"243 صحه","اسم المقرر":"أساسيات رعاية الطوارىء","الشعبة":"29010","النشاط":"محاضرة","الساعات":"2","الجنس":"ذكر","الحالة":"مغلقة"},{"رقم المقرر":132,"رمز المقرر":"243 صحه","اسم المقرر":"أساسيات رعاية الطوارىء","الشعبة":"29011","النشاط":"تمارين","الساعات":"","الجنس":"ذكر","الحالة":"مغلقة"},{"رقم المقرر":133,"رمز المقرر":"243 صحه","اسم المقرر":"أساسيات رعاية الطوارىء","الشعبة":"29012","النشاط":"محاضرة","الساعات":"2","الجنس":"ذكر","الحالة":"مفتوحة"},{"رقم المقرر":134,"رمز المقرر":"243 صحه","اسم المقرر":"أساسيات رعاية الطوارىء","الشعبة":"29013","النشاط":"تمارين","الساعات":"","الجنس":"ذكر","الحالة":"مفتوحة"},{"رقم المقرر":135,"رمز المقرر":"243 صحه","اسم المقرر":"أساسيات رعاية الطوارىء","الشعبة":"32240","النشاط":"محاضرة","الساعات":"2","الجنس":"ذكر","الحالة":"مفتوحة"},{"رقم المقرر":136,"رمز المقرر":"243 صحه","اسم المقرر":"أساسيات رعاية الطوارىء","الشعبة":"32241","النشاط":"تمارين","الساعات":"","الجنس":"ذكر","الحالة":"مفتوحة"},{"رقم المقرر":137,"رمز المقرر":"243 صحه","اسم المقرر":"أساسيات رعاية الطوارىء","الشعبة":"62992","النشاط":"محاضرة","الساعات":"2","الجنس":"ذكر","الحالة":"مغلقة"},{"رقم المقرر":138,"رمز المقرر":"243 صحه","اسم المقرر":"أساسيات رعاية الطوارىء","الشعبة":"62993","النشاط":"تمارين","الساعات":"","الجنس":"ذكر","الحالة":"مغلقة"},{"رقم المقرر":139,"رمز المقرر":"106 سلم","اسم المقرر":"الفقه الطبي","الشعبة":"42773","النشاط":"محاضرة","الساعات":"2","الجنس":"ذكر","الحالة":"مفتوحة"},{"رقم المقرر":140,"رمز المقرر":"106 سلم","اسم المقرر":"الفقه الطبي","الشعبة":"42774","النشاط":"محاضرة","الساعات":"2","الجنس":"ذكر","الحالة":"مفتوحة"},{"رقم المقرر":141,"رمز المقرر":"106 سلم","اسم المقرر":"الفقه الطبي","الشعبة":"44134","النشاط":"محاضرة","الساعات":"2","الجنس":"ذكر","الحالة":"مفتوحة"},{"رقم المقرر":142,"رمز المقرر":"106 سلم","اسم المقرر":"الفقه الطبي","الشعبة":"44307","النشاط":"محاضرة","الساعات":"2","الجنس":"ذكر","الحالة":"مفتوحة"},{"رقم المقرر":143,"رمز المقرر":"106 سلم","اسم المقرر":"الفقه الطبي","الشعبة":"44308","النشاط":"محاضرة","الساعات":"2","الجنس":"ذكر","الحالة":"مفتوحة"},{"رقم المقرر":144,"رمز المقرر":"106 سلم","اسم المقرر":"الفقه الطبي","الشعبة":"44309","النشاط":"محاضرة","الساعات":"2","الجنس":"ذكر","الحالة":"مغلقة"},{"رقم المقرر":145,"رمز المقرر":"106 سلم","اسم المقرر":"الفقه الطبي","الشعبة":"44310","النشاط":"محاضرة","الساعات":"2","الجنس":"ذكر","الحالة":"مفتوحة"},{"رقم المقرر":146,"رمز المقرر":"106 سلم","اسم المقرر":"الفقه الطبي","الشعبة":"45025","النشاط":"محاضرة","الساعات":"2","الجنس":"ذكر","الحالة":"مفتوحة"},{"رقم المقرر":147,"رمز المقرر":"106 سلم","اسم المقرر":"الفقه الطبي","الشعبة":"45235","النشاط":"محاضرة","الساعات":"2","الجنس":"ذكر","الحالة":"مفتوحة"},{"رقم المقرر":148,"رمز المقرر":"106 سلم","اسم المقرر":"الفقه الطبي","الشعبة":"51665","النشاط":"محاضرة","الساعات":"2","الجنس":"ذكر","الحالة":"مغلقة"},{"رقم المقرر":149,"رمز المقرر":"106 سلم","اسم المقرر":"الفقه الطبي","الشعبة":"53083","النشاط":"محاضرة","الساعات":"2","الجنس":"ذكر","الحالة":"مغلقة"},{"رقم المقرر":150,"رمز المقرر":"106 سلم","اسم المقرر":"الفقه الطبي","الشعبة":"60226","النشاط":"محاضرة","الساعات":"2","الجنس":"ذكر","الحالة":"مفتوحة"},{"رقم المقرر":151,"رمز المقرر":"107 سلم","اسم المقرر":"اخلاقيات المهنة","الشعبة":"44120","النشاط":"محاضرة","الساعات":"2","الجنس":"ذكر","الحالة":"مفتوحة"},{"رقم المقرر":152,"رمز المقرر":"107 سلم","اسم المقرر":"اخلاقيات المهنة","الشعبة":"44135","النشاط":"محاضرة","الساعات":"2","الجنس":"ذكر","الحالة":"مغلقة"},{"رقم المقرر":153,"رمز المقرر":"107 سلم","اسم المقرر":"اخلاقيات المهنة","الشعبة":"44154","النشاط":"محاضرة","الساعات":"2","الجنس":"ذكر","الحالة":"مغلقة"},{"رقم المقرر":154,"رمز المقرر":"107 سلم","اسم المقرر":"اخلاقيات المهنة","الشعبة":"44295","النشاط":"محاضرة","الساعات":"2","الجنس":"ذكر","الحالة":"مفتوحة"},{"رقم المقرر":155,"رمز المقرر":"107 سلم","اسم المقرر":"اخلاقيات المهنة","الشعبة":"44296","النشاط":"محاضرة","الساعات":"2","الجنس":"ذكر","الحالة":"مغلقة"},{"رقم المقرر":156,"رمز المقرر":"107 سلم","اسم المقرر":"اخلاقيات المهنة","الشعبة":"44297","النشاط":"محاضرة","الساعات":"2","الجنس":"ذكر","الحالة":"مفتوحة"},{"رقم المقرر":157,"رمز المقرر":"107 سلم","اسم المقرر":"اخلاقيات المهنة","الشعبة":"44298","النشاط":"محاضرة","الساعات":"2","الجنس":"ذكر","الحالة":"مفتوحة"},{"رقم المقرر":158,"رمز المقرر":"107 سلم","اسم المقرر":"اخلاقيات المهنة","الشعبة":"44299","النشاط":"محاضرة","الساعات":"2","الجنس":"ذكر","الحالة":"مغلقة"},{"رقم المقرر":159,"رمز المقرر":"107 سلم","اسم المقرر":"اخلاقيات المهنة","الشعبة":"44300","النشاط":"محاضرة","الساعات":"2","الجنس":"ذكر","الحالة":"مغلقة"},{"رقم المقرر":160,"رمز المقرر":"107 سلم","اسم المقرر":"اخلاقيات المهنة","الشعبة":"45027","النشاط":"محاضرة","الساعات":"2","الجنس":"ذكر","الحالة":"مفتوحة"},{"رقم المقرر":161,"رمز المقرر":"107 سلم","اسم المقرر":"اخلاقيات المهنة","الشعبة":"45098","النشاط":"محاضرة","الساعات":"2","الجنس":"ذكر","الحالة":"مغلقة"},{"رقم المقرر":162,"رمز المقرر":"107 سلم","اسم المقرر":"اخلاقيات المهنة","الشعبة":"45228","النشاط":"محاضرة","الساعات":"2","الجنس":"ذكر","الحالة":"مفتوحة"},{"رقم المقرر":163,"رمز المقرر":"107 سلم","اسم المقرر":"اخلاقيات المهنة","الشعبة":"45232","النشاط":"محاضرة","الساعات":"2","الجنس":"ذكر","الحالة":"مفتوحة"},{"رقم المقرر":164,"رمز المقرر":"107 سلم","اسم المقرر":"اخلاقيات المهنة","الشعبة":"45682","النشاط":"محاضرة","الساعات":"2","الجنس":"ذكر","الحالة":"مغلقة"},{"رقم المقرر":165,"رمز المقرر":"107 سلم","اسم المقرر":"اخلاقيات المهنة","الشعبة":"45808","النشاط":"محاضرة","الساعات":"2","الجنس":"ذكر","الحالة":"مفتوحة"},{"رقم المقرر":166,"رمز المقرر":"107 سلم","اسم المقرر":"اخلاقيات المهنة","الشعبة":"45810","النشاط":"محاضرة","الساعات":"2","الجنس":"ذكر","الحالة":"مغلقة"},{"رقم المقرر":167,"رمز المقرر":"107 سلم","اسم المقرر":"اخلاقيات المهنة","الشعبة":"45811","النشاط":"محاضرة","الساعات":"2","الجنس":"ذكر","الحالة":"مغلقة"},{"رقم المقرر":168,"رمز المقرر":"107 سلم","اسم المقرر":"اخلاقيات المهنة","الشعبة":"45812","النشاط":"محاضرة","الساعات":"2","الجنس":"ذكر","الحالة":"مغلقة"},{"رقم المقرر":169,"رمز المقرر":"107 سلم","اسم المقرر":"اخلاقيات المهنة","الشعبة":"45813","النشاط":"محاضرة","الساعات":"2","الجنس":"ذكر","الحالة":"مفتوحة"},{"رقم المقرر":170,"رمز المقرر":"107 سلم","اسم المقرر":"اخلاقيات المهنة","الشعبة":"45814","النشاط":"محاضرة","الساعات":"2","الجنس":"ذكر","الحالة":"مغلقة"},{"رقم المقرر":171,"رمز المقرر":"107 سلم","اسم المقرر":"اخلاقيات المهنة","الشعبة":"45815","النشاط":"محاضرة","الساعات":"2","الجنس":"ذكر","الحالة":"مغلقة"},{"رقم المقرر":172,"رمز المقرر":"107 سلم","اسم المقرر":"اخلاقيات المهنة","الشعبة":"45816","النشاط":"محاضرة","الساعات":"2","الجنس":"ذكر","الحالة":"مغلقة"},{"رقم المقرر":173,"رمز المقرر":"107 سلم","اسم المقرر":"اخلاقيات المهنة","الشعبة":"45858","النشاط":"محاضرة","الساعات":"2","الجنس":"ذكر","الحالة":"مفتوحة"},{"رقم المقرر":174,"رمز المقرر":"107 سلم","اسم المقرر":"اخلاقيات المهنة","الشعبة":"45859","النشاط":"محاضرة","الساعات":"2","الجنس":"ذكر","الحالة":"مفتوحة"},{"رقم المقرر":175,"رمز المقرر":"107 سلم","اسم المقرر":"اخلاقيات المهنة","الشعبة":"45985","النشاط":"محاضرة","الساعات":"2","الجنس":"ذكر","الحالة":"مغلقة"},{"رقم المقرر":176,"رمز المقرر":"107 سلم","اسم المقرر":"اخلاقيات المهنة","الشعبة":"45994","النشاط":"محاضرة","الساعات":"2","الجنس":"ذكر","الحالة":"مغلقة"},{"رقم المقرر":177,"رمز المقرر":"107 سلم","اسم المقرر":"اخلاقيات المهنة","الشعبة":"54105","النشاط":"محاضرة","الساعات":"2","الجنس":"ذكر","الحالة":"مفتوحة"},{"رقم المقرر":178,"رمز المقرر":"107 سلم","اسم المقرر":"اخلاقيات المهنة","الشعبة":"56543","النشاط":"محاضرة","الساعات":"2","الجنس":"ذكر","الحالة":"مغلقة"},{"رقم المقرر":179,"رمز المقرر":"107 سلم","اسم المقرر":"اخلاقيات المهنة","الشعبة":"59359","النشاط":"محاضرة","الساعات":"2","الجنس":"ذكر","الحالة":"مفتوحة"},{"رقم المقرر":180,"رمز المقرر":"107 سلم","اسم المقرر":"اخلاقيات المهنة","الشعبة":"59661","النشاط":"محاضرة","الساعات":"2","الجنس":"ذكر","الحالة":"مفتوحة"},{"رقم المقرر":181,"رمز المقرر":"107 سلم","اسم المقرر":"اخلاقيات المهنة","الشعبة":"59667","النشاط":"محاضرة","الساعات":"2","الجنس":"ذكر","الحالة":"مغلقة"},{"رقم المقرر":182,"رمز المقرر":"107 سلم","اسم المقرر":"اخلاقيات المهنة","الشعبة":"59935","النشاط":"محاضرة","الساعات":"2","الجنس":"ذكر","الحالة":"مغلقة"},{"رقم المقرر":183,"رمز المقرر":"107 سلم","اسم المقرر":"اخلاقيات المهنة","الشعبة":"59948","النشاط":"محاضرة","الساعات":"2","الجنس":"ذكر","الحالة":"مغلقة"},{"رقم المقرر":184,"رمز المقرر":"107 سلم","اسم المقرر":"اخلاقيات المهنة","الشعبة":"59949","النشاط":"محاضرة","الساعات":"2","الجنس":"ذكر","الحالة":"مغلقة"},{"رقم المقرر":185,"رمز المقرر":"107 سلم","اسم المقرر":"اخلاقيات المهنة","الشعبة":"59957","النشاط":"محاضرة","الساعات":"2","الجنس":"ذكر","الحالة":"مفتوحة"},{"رقم المقرر":186,"رمز المقرر":"107 سلم","اسم المقرر":"اخلاقيات المهنة","الشعبة":"60302","النشاط":"محاضرة","الساعات":"2","الجنس":"ذكر","الحالة":"مغلقة"},{"رقم المقرر":187,"رمز المقرر":"107 سلم","اسم المقرر":"اخلاقيات المهنة","الشعبة":"64894","النشاط":"محاضرة","الساعات":"2","الجنس":"ذكر","الحالة":"مغلقة"},{"رقم المقرر":188,"رمز المقرر":"107 سلم","اسم المقرر":"اخلاقيات المهنة","الشعبة":"72203","النشاط":"محاضرة","الساعات":"2","الجنس":"ذكر","الحالة":"مغلقة"},{"رقم المقرر":189,"رمز المقرر":"107 سلم","اسم المقرر":"اخلاقيات المهنة","الشعبة":"72204","النشاط":"محاضرة","الساعات":"2","الجنس":"ذكر","الحالة":"مغلقة"},{"رقم المقرر":190,"رمز المقرر":"107 سلم","اسم المقرر":"اخلاقيات المهنة","الشعبة":"72205","النشاط":"محاضرة","الساعات":"2","الجنس":"ذكر","الحالة":"مغلقة"},{"رقم المقرر":191,"رمز المقرر":"105 سلم","اسم المقرر":"حقوق الإنسان","الشعبة":"43913","النشاط":"محاضرة","الساعات":"2","الجنس":"ذكر","الحالة":"مغلقة"},{"رقم المقرر":192,"رمز المقرر":"105 سلم","اسم المقرر":"حقوق الإنسان","الشعبة":"43914","النشاط":"محاضرة","الساعات":"2","الجنس":"ذكر","الحالة":"مغلقة"},{"رقم المقرر":193,"رمز المقرر":"105 سلم","اسم المقرر":"حقوق الإنسان","الشعبة":"43975","النشاط":"محاضرة","الساعات":"2","الجنس":"ذكر","الحالة":"مغلقة"},{"رقم المقرر":194,"رمز المقرر":"105 سلم","اسم المقرر":"حقوق الإنسان","الشعبة":"44012","النشاط":"محاضرة","الساعات":"2","الجنس":"ذكر","الحالة":"مغلقة"},{"رقم المقرر":195,"رمز المقرر":"105 سلم","اسم المقرر":"حقوق الإنسان","الشعبة":"44014","النشاط":"محاضرة","الساعات":"2","الجنس":"ذكر","الحالة":"مغلقة"},{"رقم المقرر":196,"رمز المقرر":"105 سلم","اسم المقرر":"حقوق الإنسان","الشعبة":"44018","النشاط":"محاضرة","الساعات":"2","الجنس":"ذكر","الحالة":"مغلقة"},{"رقم المقرر":197,"رمز المقرر":"105 سلم","اسم المقرر":"حقوق الإنسان","الشعبة":"44032","النشاط":"محاضرة","الساعات":"2","الجنس":"ذكر","الحالة":"مغلقة"},{"رقم المقرر":198,"رمز المقرر":"105 سلم","اسم المقرر":"حقوق الإنسان","الشعبة":"44133","النشاط":"محاضرة","الساعات":"2","الجنس":"ذكر","الحالة":"مغلقة"},{"رقم المقرر":199,"رمز المقرر":"105 سلم","اسم المقرر":"حقوق الإنسان","الشعبة":"45024","النشاط":"محاضرة","الساعات":"2","الجنس":"ذكر","الحالة":"مفتوحة"},{"رقم المقرر":200,"رمز المقرر":"105 سلم","اسم المقرر":"حقوق الإنسان","الشعبة":"45095","النشاط":"محاضرة","الساعات":"2","الجنس":"ذكر","الحالة":"مغلقة"},{"رقم المقرر":201,"رمز المقرر":"105 سلم","اسم المقرر":"حقوق الإنسان","الشعبة":"45096","النشاط":"محاضرة","الساعات":"2","الجنس":"ذكر","الحالة":"مغلقة"},{"رقم المقرر":202,"رمز المقرر":"105 سلم","اسم المقرر":"حقوق الإنسان","الشعبة":"45233","النشاط":"محاضرة","الساعات":"2","الجنس":"ذكر","الحالة":"مفتوحة"},{"رقم المقرر":203,"رمز المقرر":"105 سلم","اسم المقرر":"حقوق الإنسان","الشعبة":"45854","النشاط":"محاضرة","الساعات":"2","الجنس":"ذكر","الحالة":"مفتوحة"},{"رقم المقرر":204,"رمز المقرر":"105 سلم","اسم المقرر":"حقوق الإنسان","الشعبة":"45855","النشاط":"محاضرة","الساعات":"2","الجنس":"ذكر","الحالة":"مفتوحة"},{"رقم المقرر":205,"رمز المقرر":"105 سلم","اسم المقرر":"حقوق الإنسان","الشعبة":"51661","النشاط":"محاضرة","الساعات":"2","الجنس":"ذكر","الحالة":"مفتوحة"},{"رقم المقرر":206,"رمز المقرر":"105 سلم","اسم المقرر":"حقوق الإنسان","الشعبة":"59357","النشاط":"محاضرة","الساعات":"2","الجنس":"ذكر","الحالة":"مفتوحة"},{"رقم المقرر":207,"رمز المقرر":"105 سلم","اسم المقرر":"حقوق الإنسان","الشعبة":"59659","النشاط":"محاضرة","الساعات":"2","الجنس":"ذكر","الحالة":"مغلقة"},{"رقم المقرر":208,"رمز المقرر":"105 سلم","اسم المقرر":"حقوق الإنسان","الشعبة":"60211","النشاط":"محاضرة","الساعات":"2","الجنس":"ذكر","الحالة":"مغلقة"},{"رقم المقرر":209,"رمز المقرر":"105 سلم","اسم المقرر":"حقوق الإنسان","الشعبة":"60300","النشاط":"محاضرة","الساعات":"2","الجنس":"ذكر","الحالة":"مفتوحة"},{"رقم المقرر":210,"رمز المقرر":"105 سلم","اسم المقرر":"حقوق الإنسان","الشعبة":"60301","النشاط":"محاضرة","الساعات":"2","الجنس":"ذكر","الحالة":"مغلقة"},{"رقم المقرر":211,"رمز المقرر":"105 سلم","اسم المقرر":"حقوق الإنسان","الشعبة":"63085","النشاط":"محاضرة","الساعات":"2","الجنس":"ذكر","الحالة":"مفتوحة"},{"رقم المقرر":212,"رمز المقرر":"105 سلم","اسم المقرر":"حقوق الإنسان","الشعبة":"64892","النشاط":"محاضرة","الساعات":"2","الجنس":"ذكر","الحالة":"مفتوحة"},{"رقم المقرر":213,"رمز المقرر":"105 سلم","اسم المقرر":"حقوق الإنسان","الشعبة":"64893","النشاط":"محاضرة","الساعات":"2","الجنس":"ذكر","الحالة":"مفتوحة"},{"رقم المقرر":214,"رمز المقرر":"108 سلم","اسم المقرر":"قضايا معاصرة","الشعبة":"45099","النشاط":"محاضرة","الساعات":"2","الجنس":"ذكر","الحالة":"مغلقة"},{"رقم المقرر":215,"رمز المقرر":"108 سلم","اسم المقرر":"قضايا معاصرة","الشعبة":"45100","النشاط":"محاضرة","الساعات":"2","الجنس":"ذكر","الحالة":"مغلقة"},{"رقم المقرر":216,"رمز المقرر":"108 سلم","اسم المقرر":"قضايا معاصرة","الشعبة":"45685","النشاط":"محاضرة","الساعات":"2","الجنس":"ذكر","الحالة":"مفتوحة"},{"رقم المقرر":217,"رمز المقرر":"108 سلم","اسم المقرر":"قضايا معاصرة","الشعبة":"45817","النشاط":"محاضرة","الساعات":"2","الجنس":"ذكر","الحالة":"مغلقة"},{"رقم المقرر":218,"رمز المقرر":"108 سلم","اسم المقرر":"قضايا معاصرة","الشعبة":"45818","النشاط":"محاضرة","الساعات":"2","الجنس":"ذكر","الحالة":"مغلقة"},{"رقم المقرر":219,"رمز المقرر":"108 سلم","اسم المقرر":"قضايا معاصرة","الشعبة":"45819","النشاط":"محاضرة","الساعات":"2","الجنس":"ذكر","الحالة":"مغلقة"},{"رقم المقرر":220,"رمز المقرر":"108 سلم","اسم المقرر":"قضايا معاصرة","الشعبة":"45839","النشاط":"محاضرة","الساعات":"2","الجنس":"ذكر","الحالة":"مغلقة"},{"رقم المقرر":221,"رمز المقرر":"108 سلم","اسم المقرر":"قضايا معاصرة","الشعبة":"45856","النشاط":"محاضرة","الساعات":"2","الجنس":"ذكر","الحالة":"مفتوحة"},{"رقم المقرر":222,"رمز المقرر":"108 سلم","اسم المقرر":"قضايا معاصرة","الشعبة":"45857","النشاط":"محاضرة","الساعات":"2","الجنس":"ذكر","الحالة":"مفتوحة"},{"رقم المقرر":223,"رمز المقرر":"108 سلم","اسم المقرر":"قضايا معاصرة","الشعبة":"45987","النشاط":"محاضرة","الساعات":"2","الجنس":"ذكر","الحالة":"مغلقة"},{"رقم المقرر":224,"رمز المقرر":"108 سلم","اسم المقرر":"قضايا معاصرة","الشعبة":"45988","النشاط":"محاضرة","الساعات":"2","الجنس":"ذكر","الحالة":"مغلقة"},{"رقم المقرر":225,"رمز المقرر":"108 سلم","اسم المقرر":"قضايا معاصرة","الشعبة":"51653","النشاط":"محاضرة","الساعات":"2","الجنس":"ذكر","الحالة":"مغلقة"},{"رقم المقرر":226,"رمز المقرر":"108 سلم","اسم المقرر":"قضايا معاصرة","الشعبة":"51667","النشاط":"محاضرة","الساعات":"2","الجنس":"ذكر","الحالة":"مغلقة"},{"رقم المقرر":227,"رمز المقرر":"108 سلم","اسم المقرر":"قضايا معاصرة","الشعبة":"59936","النشاط":"محاضرة","الساعات":"2","الجنس":"ذكر","الحالة":"مغلقة"},{"رقم المقرر":228,"رمز المقرر":"108 سلم","اسم المقرر":"قضايا معاصرة","الشعبة":"59937","النشاط":"محاضرة","الساعات":"2","الجنس":"ذكر","الحالة":"مغلقة"},{"رقم المقرر":229,"رمز المقرر":"101 سلم","اسم المقرر":"أصول الثقافة الإسلامية","الشعبة":"43904","النشاط":"محاضرة","الساعات":"2","الجنس":"ذكر","الحالة":"مغلقة"},{"رقم المقرر":230,"رمز المقرر":"101 سلم","اسم المقرر":"أصول الثقافة الإسلامية","الشعبة":"43905","النشاط":"محاضرة","الساعات":"2","الجنس":"ذكر","الحالة":"مغلقة"},{"رقم المقرر":231,"رمز المقرر":"101 سلم","اسم المقرر":"أصول الثقافة الإسلامية","الشعبة":"43907","النشاط":"محاضرة","الساعات":"2","الجنس":"ذكر","الحالة":"مغلقة"},{"رقم المقرر":232,"رمز المقرر":"101 سلم","اسم المقرر":"أصول الثقافة الإسلامية","الشعبة":"43990","النشاط":"محاضرة","الساعات":"2","الجنس":"ذكر","الحالة":"مغلقة"},{"رقم المقرر":233,"رمز المقرر":"101 سلم","اسم المقرر":"أصول الثقافة الإسلامية","الشعبة":"43991","النشاط":"محاضرة","الساعات":"2","الجنس":"ذكر","الحالة":"مفتوحة"},{"رقم المقرر":234,"رمز المقرر":"101 سلم","اسم المقرر":"أصول الثقافة الإسلامية","الشعبة":"44010","النشاط":"محاضرة","الساعات":"2","الجنس":"ذكر","الحالة":"مفتوحة"},{"رقم المقرر":235,"رمز المقرر":"101 سلم","اسم المقرر":"أصول الثقافة الإسلامية","الشعبة":"44011","النشاط":"محاضرة","الساعات":"2","الجنس":"ذكر","الحالة":"مغلقة"},{"رقم المقرر":236,"رمز المقرر":"101 سلم","اسم المقرر":"أصول الثقافة الإسلامية","الشعبة":"44016","النشاط":"محاضرة","الساعات":"2","الجنس":"ذكر","الحالة":"مغلقة"},{"رقم المقرر":237,"رمز المقرر":"101 سلم","اسم المقرر":"أصول الثقافة الإسلامية","الشعبة":"44030","النشاط":"محاضرة","الساعات":"2","الجنس":"ذكر","الحالة":"مغلقة"},{"رقم المقرر":238,"رمز المقرر":"101 سلم","اسم المقرر":"أصول الثقافة الإسلامية","الشعبة":"44031","النشاط":"محاضرة","الساعات":"2","الجنس":"ذكر","الحالة":"مغلقة"},{"رقم المقرر":239,"رمز المقرر":"101 سلم","اسم المقرر":"أصول الثقافة الإسلامية","الشعبة":"44034","النشاط":"محاضرة","الساعات":"2","الجنس":"ذكر","الحالة":"مفتوحة"},{"رقم المقرر":240,"رمز المقرر":"101 سلم","اسم المقرر":"أصول الثقافة الإسلامية","الشعبة":"44035","النشاط":"محاضرة","الساعات":"2","الجنس":"ذكر","الحالة":"مفتوحة"},{"رقم المقرر":241,"رمز المقرر":"101 سلم","اسم المقرر":"أصول الثقافة الإسلامية","الشعبة":"44102","النشاط":"محاضرة","الساعات":"2","الجنس":"ذكر","الحالة":"مفتوحة"},{"رقم المقرر":242,"رمز المقرر":"101 سلم","اسم المقرر":"أصول الثقافة الإسلامية","الشعبة":"44140","النشاط":"محاضرة","الساعات":"2","الجنس":"ذكر","الحالة":"مغلقة"},{"رقم المقرر":243,"رمز المقرر":"101 سلم","اسم المقرر":"أصول الثقافة الإسلامية","الشعبة":"44142","النشاط":"محاضرة","الساعات":"2","الجنس":"ذكر","الحالة":"مغلقة"},{"رقم المقرر":244,"رمز المقرر":"101 سلم","اسم المقرر":"أصول الثقافة الإسلامية","الشعبة":"44143","النشاط":"محاضرة","الساعات":"2","الجنس":"ذكر","الحالة":"مغلقة"},{"رقم المقرر":245,"رمز المقرر":"101 سلم","اسم المقرر":"أصول الثقافة الإسلامية","الشعبة":"44144","النشاط":"محاضرة","الساعات":"2","الجنس":"ذكر","الحالة":"مغلقة"},{"رقم المقرر":246,"رمز المقرر":"101 سلم","اسم المقرر":"أصول الثقافة الإسلامية","الشعبة":"44346","النشاط":"محاضرة","الساعات":"2","الجنس":"ذكر","الحالة":"مفتوحة"},{"رقم المقرر":247,"رمز المقرر":"101 سلم","اسم المقرر":"أصول الثقافة الإسلامية","الشعبة":"44347","النشاط":"محاضرة","الساعات":"2","الجنس":"ذكر","الحالة":"مغلقة"},{"رقم المقرر":248,"رمز المقرر":"101 سلم","اسم المقرر":"أصول الثقافة الإسلامية","الشعبة":"44955","النشاط":"محاضرة","الساعات":"2","الجنس":"ذكر","الحالة":"مفتوحة"},{"رقم المقرر":249,"رمز المقرر":"101 سلم","اسم المقرر":"أصول الثقافة الإسلامية","الشعبة":"44960","النشاط":"محاضرة","الساعات":"2","الجنس":"ذكر","الحالة":"مفتوحة"},{"رقم المقرر":250,"رمز المقرر":"101 سلم","اسم المقرر":"أصول الثقافة الإسلامية","الشعبة":"44962","النشاط":"محاضرة","الساعات":"2","الجنس":"ذكر","الحالة":"مغلقة"},{"رقم المقرر":251,"رمز المقرر":"101 سلم","اسم المقرر":"أصول الثقافة الإسلامية","الشعبة":"45088","النشاط":"محاضرة","الساعات":"2","الجنس":"ذكر","الحالة":"مغلقة"},{"رقم المقرر":252,"رمز المقرر":"101 سلم","اسم المقرر":"أصول الثقافة الإسلامية","الشعبة":"45089","النشاط":"محاضرة","الساعات":"2","الجنس":"ذكر","الحالة":"مغلقة"},{"رقم المقرر":253,"رمز المقرر":"101 سلم","اسم المقرر":"أصول الثقافة الإسلامية","الشعبة":"45677","النشاط":"محاضرة","الساعات":"2","الجنس":"ذكر","الحالة":"مفتوحة"},{"رقم المقرر":254,"رمز المقرر":"101 سلم","اسم المقرر":"أصول الثقافة الإسلامية","الشعبة":"45823","النشاط":"محاضرة","الساعات":"2","الجنس":"ذكر","الحالة":"مغلقة"},{"رقم المقرر":255,"رمز المقرر":"101 سلم","اسم المقرر":"أصول الثقافة الإسلامية","الشعبة":"45824","النشاط":"محاضرة","الساعات":"2","الجنس":"ذكر","الحالة":"مغلقة"},{"رقم المقرر":256,"رمز المقرر":"101 سلم","اسم المقرر":"أصول الثقافة الإسلامية","الشعبة":"45972","النشاط":"محاضرة","الساعات":"2","الجنس":"ذكر","الحالة":"مغلقة"},{"رقم المقرر":257,"رمز المقرر":"101 سلم","اسم المقرر":"أصول الثقافة الإسلامية","الشعبة":"46003","النشاط":"محاضرة","الساعات":"2","الجنس":"ذكر","الحالة":"مغلقة"},{"رقم المقرر":258,"رمز المقرر":"101 سلم","اسم المقرر":"أصول الثقافة الإسلامية","الشعبة":"46007","النشاط":"محاضرة","الساعات":"2","الجنس":"ذكر","الحالة":"مفتوحة"},{"رقم المقرر":259,"رمز المقرر":"101 سلم","اسم المقرر":"أصول الثقافة الإسلامية","الشعبة":"51892","النشاط":"محاضرة","الساعات":"2","الجنس":"ذكر","الحالة":"مغلقة"},{"رقم المقرر":260,"رمز المقرر":"101 سلم","اسم المقرر":"أصول الثقافة الإسلامية","الشعبة":"53088","النشاط":"محاضرة","الساعات":"2","الجنس":"ذكر","الحالة":"مغلقة"},{"رقم المقرر":261,"رمز المقرر":"101 سلم","اسم المقرر":"أصول الثقافة الإسلامية","الشعبة":"53091","النشاط":"محاضرة","الساعات":"2","الجنس":"ذكر","الحالة":"مفتوحة"},{"رقم المقرر":262,"رمز المقرر":"101 سلم","اسم المقرر":"أصول الثقافة الإسلامية","الشعبة":"56642","النشاط":"محاضرة","الساعات":"2","الجنس":"ذكر","الحالة":"مغلقة"},{"رقم المقرر":263,"رمز المقرر":"101 سلم","اسم المقرر":"أصول الثقافة الإسلامية","الشعبة":"57141","النشاط":"محاضرة","الساعات":"2","الجنس":"ذكر","الحالة":"مفتوحة"},{"رقم المقرر":264,"رمز المقرر":"101 سلم","اسم المقرر":"أصول الثقافة الإسلامية","الشعبة":"59330","النشاط":"محاضرة","الساعات":"2","الجنس":"ذكر","الحالة":"مغلقة"},{"رقم المقرر":265,"رمز المقرر":"101 سلم","اسم المقرر":"أصول الثقافة الإسلامية","الشعبة":"60207","النشاط":"محاضرة","الساعات":"2","الجنس":"ذكر","الحالة":"مغلقة"},{"رقم المقرر":266,"رمز المقرر":"102 سلم","اسم المقرر":"الأسرة في الإسلام","الشعبة":"44146","النشاط":"محاضرة","الساعات":"2","الجنس":"ذكر","الحالة":"مغلقة"},{"رقم المقرر":267,"رمز المقرر":"102 سلم","اسم المقرر":"الأسرة في الإسلام","الشعبة":"44319","النشاط":"محاضرة","الساعات":"2","الجنس":"ذكر","الحالة":"مفتوحة"},{"رقم المقرر":268,"رمز المقرر":"102 سلم","اسم المقرر":"الأسرة في الإسلام","الشعبة":"44961","النشاط":"محاضرة","الساعات":"2","الجنس":"ذكر","الحالة":"مفتوحة"},{"رقم المقرر":269,"رمز المقرر":"102 سلم","اسم المقرر":"الأسرة في الإسلام","الشعبة":"45023","النشاط":"محاضرة","الساعات":"2","الجنس":"ذكر","الحالة":"مفتوحة"},{"رقم المقرر":270,"رمز المقرر":"102 سلم","اسم المقرر":"الأسرة في الإسلام","الشعبة":"45678","النشاط":"محاضرة","الساعات":"2","الجنس":"ذكر","الحالة":"مفتوحة"},{"رقم المقرر":271,"رمز المقرر":"102 سلم","اسم المقرر":"الأسرة في الإسلام","الشعبة":"45825","النشاط":"محاضرة","الساعات":"2","الجنس":"ذكر","الحالة":"مغلقة"},{"رقم المقرر":272,"رمز المقرر":"102 سلم","اسم المقرر":"الأسرة في الإسلام","الشعبة":"45973","النشاط":"محاضرة","الساعات":"2","الجنس":"ذكر","الحالة":"مغلقة"},{"رقم المقرر":273,"رمز المقرر":"102 سلم","اسم المقرر":"الأسرة في الإسلام","الشعبة":"45974","النشاط":"محاضرة","الساعات":"2","الجنس":"ذكر","الحالة":"مغلقة"},{"رقم المقرر":274,"رمز المقرر":"102 سلم","اسم المقرر":"الأسرة في الإسلام","الشعبة":"45975","النشاط":"محاضرة","الساعات":"2","الجنس":"ذكر","الحالة":"مغلقة"},{"رقم المقرر":275,"رمز المقرر":"102 سلم","اسم المقرر":"الأسرة في الإسلام","الشعبة":"45978","النشاط":"محاضرة","الساعات":"2","الجنس":"ذكر","الحالة":"مغلقة"},{"رقم المقرر":276,"رمز المقرر":"102 سلم","اسم المقرر":"الأسرة في الإسلام","الشعبة":"45989","النشاط":"محاضرة","الساعات":"2","الجنس":"ذكر","الحالة":"مغلقة"},{"رقم المقرر":277,"رمز المقرر":"102 سلم","اسم المقرر":"الأسرة في الإسلام","الشعبة":"45990","النشاط":"محاضرة","الساعات":"2","الجنس":"ذكر","الحالة":"مفتوحة"},{"رقم المقرر":278,"رمز المقرر":"102 سلم","اسم المقرر":"الأسرة في الإسلام","الشعبة":"46039","النشاط":"محاضرة","الساعات":"2","الجنس":"ذكر","الحالة":"مفتوحة"},{"رقم المقرر":279,"رمز المقرر":"102 سلم","اسم المقرر":"الأسرة في الإسلام","الشعبة":"46040","النشاط":"محاضرة","الساعات":"2","الجنس":"ذكر","الحالة":"مفتوحة"},{"رقم المقرر":280,"رمز المقرر":"102 سلم","اسم المقرر":"الأسرة في الإسلام","الشعبة":"51658","النشاط":"محاضرة","الساعات":"2","الجنس":"ذكر","الحالة":"مفتوحة"},{"رقم المقرر":281,"رمز المقرر":"102 سلم","اسم المقرر":"الأسرة في الإسلام","الشعبة":"56922","النشاط":"محاضرة","الساعات":"2","الجنس":"ذكر","الحالة":"مغلقة"},{"رقم المقرر":282,"رمز المقرر":"102 سلم","اسم المقرر":"الأسرة في الإسلام","الشعبة":"59656","النشاط":"محاضرة","الساعات":"2","الجنس":"ذكر","الحالة":"مغلقة"},{"رقم المقرر":283,"رمز المقرر":"102 سلم","اسم المقرر":"الأسرة في الإسلام","الشعبة":"59662","النشاط":"محاضرة","الساعات":"2","الجنس":"ذكر","الحالة":"مغلقة"},{"رقم المقرر":284,"رمز المقرر":"102 سلم","اسم المقرر":"الأسرة في الإسلام","الشعبة":"59932","النشاط":"محاضرة","الساعات":"2","الجنس":"ذكر","الحالة":"مغلقة"},{"رقم المقرر":285,"رمز المقرر":"102 سلم","اسم المقرر":"الأسرة في الإسلام","الشعبة":"59941","النشاط":"محاضرة","الساعات":"2","الجنس":"ذكر","الحالة":"مغلقة"},{"رقم المقرر":286,"رمز المقرر":"102 سلم","اسم المقرر":"الأسرة في الإسلام","الشعبة":"59942","النشاط":"محاضرة","الساعات":"2","الجنس":"ذكر","الحالة":"مغلقة"},{"رقم المقرر":287,"رمز المقرر":"102 سلم","اسم المقرر":"الأسرة في الإسلام","الشعبة":"59952","النشاط":"محاضرة","الساعات":"2","الجنس":"ذكر","الحالة":"مغلقة"},{"رقم المقرر":288,"رمز المقرر":"102 سلم","اسم المقرر":"الأسرة في الإسلام","الشعبة":"59953","النشاط":"محاضرة","الساعات":"2","الجنس":"ذكر","الحالة":"مغلقة"},{"رقم المقرر":289,"رمز المقرر":"102 سلم","اسم المقرر":"الأسرة في الإسلام","الشعبة":"60208","النشاط":"محاضرة","الساعات":"2","الجنس":"ذكر","الحالة":"مفتوحة"},{"رقم المقرر":290,"رمز المقرر":"103 سلم","اسم المقرر":"النظام الاقتصادي الإسلامي","الشعبة":"44148","النشاط":"محاضرة","الساعات":"2","الجنس":"ذكر","الحالة":"مغلقة"},{"رقم المقرر":291,"رمز المقرر":"103 سلم","اسم المقرر":"النظام الاقتصادي الإسلامي","الشعبة":"44149","النشاط":"محاضرة","الساعات":"2","الجنس":"ذكر","الحالة":"مفتوحة"},{"رقم المقرر":292,"رمز المقرر":"103 سلم","اسم المقرر":"النظام الاقتصادي الإسلامي","الشعبة":"44150","النشاط":"محاضرة","الساعات":"2","الجنس":"ذكر","الحالة":"مفتوحة"},{"رقم المقرر":293,"رمز المقرر":"103 سلم","اسم المقرر":"النظام الاقتصادي الإسلامي","الشعبة":"44320","النشاط":"محاضرة","الساعات":"2","الجنس":"ذكر","الحالة":"مغلقة"},{"رقم المقرر":294,"رمز المقرر":"103 سلم","اسم المقرر":"النظام الاقتصادي الإسلامي","الشعبة":"44963","النشاط":"محاضرة","الساعات":"2","الجنس":"ذكر","الحالة":"مغلقة"},{"رقم المقرر":295,"رمز المقرر":"103 سلم","اسم المقرر":"النظام الاقتصادي الإسلامي","الشعبة":"45091","النشاط":"محاضرة","الساعات":"2","الجنس":"ذكر","الحالة":"مغلقة"},{"رقم المقرر":296,"رمز المقرر":"103 سلم","اسم المقرر":"النظام الاقتصادي الإسلامي","الشعبة":"45092","النشاط":"محاضرة","الساعات":"2","الجنس":"ذكر","الحالة":"مغلقة"},{"رقم المقرر":297,"رمز المقرر":"103 سلم","اسم المقرر":"النظام الاقتصادي الإسلامي","الشعبة":"45680","النشاط":"محاضرة","الساعات":"2","الجنس":"ذكر","الحالة":"مغلقة"},{"رقم المقرر":298,"رمز المقرر":"103 سلم","اسم المقرر":"النظام الاقتصادي الإسلامي","الشعبة":"45979","النشاط":"محاضرة","الساعات":"2","الجنس":"ذكر","الحالة":"مغلقة"},{"رقم المقرر":299,"رمز المقرر":"103 سلم","اسم المقرر":"النظام الاقتصادي الإسلامي","الشعبة":"45980","النشاط":"محاضرة","الساعات":"2","الجنس":"ذكر","الحالة":"مغلقة"},{"رقم المقرر":300,"رمز المقرر":"103 سلم","اسم المقرر":"النظام الاقتصادي الإسلامي","الشعبة":"45981","النشاط":"محاضرة","الساعات":"2","الجنس":"ذكر","الحالة":"مغلقة"},{"رقم المقرر":301,"رمز المقرر":"103 سلم","اسم المقرر":"النظام الاقتصادي الإسلامي","الشعبة":"45991","النشاط":"محاضرة","الساعات":"2","الجنس":"ذكر","الحالة":"مفتوحة"},{"رقم المقرر":302,"رمز المقرر":"103 سلم","اسم المقرر":"النظام الاقتصادي الإسلامي","الشعبة":"46041","النشاط":"محاضرة","الساعات":"2","الجنس":"ذكر","الحالة":"مفتوحة"},{"رقم المقرر":303,"رمز المقرر":"103 سلم","اسم المقرر":"النظام الاقتصادي الإسلامي","الشعبة":"51659","النشاط":"محاضرة","الساعات":"2","الجنس":"ذكر","الحالة":"مفتوحة"},{"رقم المقرر":304,"رمز المقرر":"103 سلم","اسم المقرر":"النظام الاقتصادي الإسلامي","الشعبة":"59657","النشاط":"محاضرة","الساعات":"2","الجنس":"ذكر","الحالة":"مغلقة"},{"رقم المقرر":305,"رمز المقرر":"103 سلم","اسم المقرر":"النظام الاقتصادي الإسلامي","الشعبة":"59663","النشاط":"محاضرة","الساعات":"2","الجنس":"ذكر","الحالة":"مغلقة"},{"رقم المقرر":306,"رمز المقرر":"103 سلم","اسم المقرر":"النظام الاقتصادي الإسلامي","الشعبة":"60209","النشاط":"محاضرة","الساعات":"2","الجنس":"ذكر","الحالة":"مفتوحة"},{"رقم المقرر":307,"رمز المقرر":"104 سلم","اسم المقرر":"النظام السياسي الإسلامي","الشعبة":"44136","النشاط":"محاضرة","الساعات":"2","الجنس":"ذكر","الحالة":"مفتوحة"},{"رقم المقرر":308,"رمز المقرر":"104 سلم","اسم المقرر":"النظام السياسي الإسلامي","الشعبة":"44151","النشاط":"محاضرة","الساعات":"2","الجنس":"ذكر","الحالة":"مغلقة"},{"رقم المقرر":309,"رمز المقرر":"104 سلم","اسم المقرر":"النظام السياسي الإسلامي","الشعبة":"44152","النشاط":"محاضرة","الساعات":"2","الجنس":"ذكر","الحالة":"مغلقة"},{"رقم المقرر":310,"رمز المقرر":"104 سلم","اسم المقرر":"النظام السياسي الإسلامي","الشعبة":"44321","النشاط":"محاضرة","الساعات":"2","الجنس":"ذكر","الحالة":"مفتوحة"},{"رقم المقرر":311,"رمز المقرر":"104 سلم","اسم المقرر":"النظام السياسي الإسلامي","الشعبة":"44957","النشاط":"محاضرة","الساعات":"2","الجنس":"ذكر","الحالة":"مفتوحة"},{"رقم المقرر":312,"رمز المقرر":"104 سلم","اسم المقرر":"النظام السياسي الإسلامي","الشعبة":"44959","النشاط":"محاضرة","الساعات":"2","الجنس":"ذكر","الحالة":"مفتوحة"},{"رقم المقرر":313,"رمز المقرر":"104 سلم","اسم المقرر":"النظام السياسي الإسلامي","الشعبة":"45093","النشاط":"محاضرة","الساعات":"2","الجنس":"ذكر","الحالة":"مغلقة"},{"رقم المقرر":314,"رمز المقرر":"104 سلم","اسم المقرر":"النظام السياسي الإسلامي","الشعبة":"45094","النشاط":"محاضرة","الساعات":"2","الجنس":"ذكر","الحالة":"مغلقة"},{"رقم المقرر":315,"رمز المقرر":"104 سلم","اسم المقرر":"النظام السياسي الإسلامي","الشعبة":"45684","النشاط":"محاضرة","الساعات":"2","الجنس":"ذكر","الحالة":"مغلقة"},{"رقم المقرر":316,"رمز المقرر":"104 سلم","اسم المقرر":"النظام السياسي الإسلامي","الشعبة":"45983","النشاط":"محاضرة","الساعات":"2","الجنس":"ذكر","الحالة":"مغلقة"},{"رقم المقرر":317,"رمز المقرر":"104 سلم","اسم المقرر":"النظام السياسي الإسلامي","الشعبة":"45984","النشاط":"محاضرة","الساعات":"2","الجنس":"ذكر","الحالة":"مغلقة"},{"رقم المقرر":318,"رمز المقرر":"104 سلم","اسم المقرر":"النظام السياسي الإسلامي","الشعبة":"45992","النشاط":"محاضرة","الساعات":"2","الجنس":"ذكر","الحالة":"مفتوحة"},{"رقم المقرر":319,"رمز المقرر":"104 سلم","اسم المقرر":"النظام السياسي الإسلامي","الشعبة":"46044","النشاط":"محاضرة","الساعات":"2","الجنس":"ذكر","الحالة":"مفتوحة"},{"رقم المقرر":320,"رمز المقرر":"104 سلم","اسم المقرر":"النظام السياسي الإسلامي","الشعبة":"51660","النشاط":"محاضرة","الساعات":"2","الجنس":"ذكر","الحالة":"مغلقة"},{"رقم المقرر":321,"رمز المقرر":"104 سلم","اسم المقرر":"النظام السياسي الإسلامي","الشعبة":"56645","النشاط":"محاضرة","الساعات":"2","الجنس":"ذكر","الحالة":"مفتوحة"},{"رقم المقرر":322,"رمز المقرر":"104 سلم","اسم المقرر":"النظام السياسي الإسلامي","الشعبة":"57144","النشاط":"محاضرة","الساعات":"2","الجنس":"ذكر","الحالة":"مغلقة"},{"رقم المقرر":323,"رمز المقرر":"104 سلم","اسم المقرر":"النظام السياسي الإسلامي","الشعبة":"59658","النشاط":"محاضرة","الساعات":"2","الجنس":"ذكر","الحالة":"مغلقة"},{"رقم المقرر":324,"رمز المقرر":"104 سلم","اسم المقرر":"النظام السياسي الإسلامي","الشعبة":"59666","النشاط":"محاضرة","الساعات":"2","الجنس":"ذكر","الحالة":"مغلقة"},{"رقم المقرر":325,"رمز المقرر":"104 سلم","اسم المقرر":"النظام السياسي الإسلامي","الشعبة":"59933","النشاط":"محاضرة","الساعات":"2","الجنس":"ذكر","الحالة":"مغلقة"},{"رقم المقرر":326,"رمز المقرر":"104 سلم","اسم المقرر":"النظام السياسي الإسلامي","الشعبة":"59944","النشاط":"محاضرة","الساعات":"2","الجنس":"ذكر","الحالة":"مغلقة"},{"رقم المقرر":327,"رمز المقرر":"104 سلم","اسم المقرر":"النظام السياسي الإسلامي","الشعبة":"59955","النشاط":"محاضرة","الساعات":"2","الجنس":"ذكر","الحالة":"مفتوحة"},{"رقم المقرر":328,"رمز المقرر":"104 سلم","اسم المقرر":"النظام السياسي الإسلامي","الشعبة":"60210","النشاط":"محاضرة","الساعات":"2","الجنس":"ذكر","الحالة":"مفتوحة"},{"رقم المقرر":329,"رمز المقرر":"100 سلم","اسم المقرر":"دراسات في السيرة النبوية","الشعبة":"44101","النشاط":"محاضرة","الساعات":"2","الجنس":"ذكر","الحالة":"مغلقة"},{"رقم المقرر":330,"رمز المقرر":"100 سلم","اسم المقرر":"دراسات في السيرة النبوية","الشعبة":"45675","النشاط":"محاضرة","الساعات":"2","الجنس":"ذكر","الحالة":"مفتوحة"},{"رقم المقرر":331,"رمز المقرر":"100 سلم","اسم المقرر":"دراسات في السيرة النبوية","الشعبة":"45820","النشاط":"محاضرة","الساعات":"2","الجنس":"ذكر","الحالة":"مغلقة"},{"رقم المقرر":332,"رمز المقرر":"100 سلم","اسم المقرر":"دراسات في السيرة النبوية","الشعبة":"52568","النشاط":"محاضرة","الساعات":"2","الجنس":"ذكر","الحالة":"مغلقة"},{"رقم المقرر":333,"رمز المقرر":"100 سلم","اسم المقرر":"دراسات في السيرة النبوية","الشعبة":"59358","النشاط":"محاضرة","الساعات":"2","الجنس":"ذكر","الحالة":"مغلقة"},{"رقم المقرر":334,"رمز المقرر":"100 سلم","اسم المقرر":"دراسات في السيرة النبوية","الشعبة":"59938","النشاط":"محاضرة","الساعات":"2","الجنس":"ذكر","الحالة":"مغلقة"},{"رقم المقرر":335,"رمز المقرر":"100 سلم","اسم المقرر":"دراسات في السيرة النبوية","الشعبة":"59940","النشاط":"محاضرة","الساعات":"2","الجنس":"ذكر","الحالة":"مفتوحة"},{"رقم المقرر":336,"رمز المقرر":"100 سلم","اسم المقرر":"دراسات في السيرة النبوية","الشعبة":"60206","النشاط":"محاضرة","الساعات":"2","الجنس":"ذكر","الحالة":"مفتوحة"},{"رقم المقرر":337,"رمز المقرر":"100 سلم","اسم المقرر":"دراسات في السيرة النبوية","الشعبة":"60213","النشاط":"محاضرة","الساعات":"2","الجنس":"ذكر","الحالة":"مغلقة"},{"رقم المقرر":338,"رمز المقرر":"100 قرأ","اسم المقرر":"القرآن الكريم","الشعبة":"58258","النشاط":"محاضرة","الساعات":"2","الجنس":"ذكر","الحالة":"مغلقة"},{"رقم المقرر":339,"رمز المقرر":"100 قرأ","اسم المقرر":"القرآن الكريم","الشعبة":"58259","النشاط":"محاضرة","الساعات":"2","الجنس":"ذكر","الحالة":"مغلقة"},{"رقم المقرر":340,"رمز المقرر":"100 قرأ","اسم المقرر":"القرآن الكريم","الشعبة":"58260","النشاط":"محاضرة","الساعات":"2","الجنس":"ذكر","الحالة":"مغلقة"},{"رقم المقرر":341,"رمز المقرر":"100 قرأ","اسم المقرر":"القرآن الكريم","الشعبة":"58261","النشاط":"محاضرة","الساعات":"2","الجنس":"ذكر","الحالة":"مغلقة"},{"رقم المقرر":342,"رمز المقرر":"100 قرأ","اسم المقرر":"القرآن الكريم","الشعبة":"58262","النشاط":"محاضرة","الساعات":"2","الجنس":"ذكر","الحالة":"مغلقة"},{"رقم المقرر":343,"رمز المقرر":"100 قرأ","اسم المقرر":"القرآن الكريم","الشعبة":"59905","النشاط":"محاضرة","الساعات":"2","الجنس":"ذكر","الحالة":"مغلقة"},{"رقم المقرر":344,"رمز المقرر":"100 قرأ","اسم المقرر":"القرآن الكريم","الشعبة":"59906","النشاط":"محاضرة","الساعات":"2","الجنس":"ذكر","الحالة":"مغلقة"},{"رقم المقرر":345,"رمز المقرر":"100 قرأ","اسم المقرر":"القرآن الكريم","الشعبة":"59907","النشاط":"محاضرة","الساعات":"2","الجنس":"ذكر","الحالة":"مغلقة"},{"رقم المقرر":346,"رمز المقرر":"100 قرأ","اسم المقرر":"القرآن الكريم","الشعبة":"60205","النشاط":"محاضرة","الساعات":"2","الجنس":"ذكر","الحالة":"مغلقة"},{"رقم المقرر":347,"رمز المقرر":"100 قرأ","اسم المقرر":"القرآن الكريم","الشعبة":"60212","النشاط":"محاضرة","الساعات":"2","الجنس":"ذكر","الحالة":"مغلقة"},{"رقم المقرر":348,"رمز المقرر":"100 قرأ","اسم المقرر":"القرآن الكريم","الشعبة":"60436","النشاط":"محاضرة","الساعات":"2","الجنس":"ذكر","الحالة":"مغلقة"},{"رقم المقرر":349,"رمز المقرر":"100 قرأ","اسم المقرر":"القرآن الكريم","الشعبة":"60437","النشاط":"محاضرة","الساعات":"2","الجنس":"ذكر","الحالة":"مغلقة"},{"رقم المقرر":350,"رمز المقرر":"100 قرأ","اسم المقرر":"القرآن الكريم","الشعبة":"64853","النشاط":"محاضرة","الساعات":"2","الجنس":"ذكر","الحالة":"مغلقة"},{"رقم المقرر":351,"رمز المقرر":"100 قرأ","اسم المقرر":"القرآن الكريم","الشعبة":"73068","النشاط":"محاضرة","الساعات":"2","الجنس":"ذكر","الحالة":"مغلقة"},{"رقم المقرر":352,"رمز المقرر":"100 قرأ","اسم المقرر":"القرآن الكريم","الشعبة":"73069","النشاط":"محاضرة","الساعات":"2","الجنس":"ذكر","الحالة":"مغلقة"}]