[{"رقم المقرر":1,"رمز المقرر":"334 صحه","اسم المقرر":"علم الوبائيات - 1 -","الشعبة":"402","النشاط":"محاضرة","الساعات":"3","الجنس":"ذكر","الحالة":"مفتوحة"},{"رقم المقرر":2,"رمز المقرر":"334 صحه","اسم المقرر":"علم الوبائيات - 1 -","الشعبة":"403","النشاط":"عملي","الساعات":"","الجنس":"ذكر","الحالة":"مفتوحة"},{"رقم المقرر":3,"رمز المقرر":"334 صحه","اسم المقرر":"علم الوبائيات - 1 -","الشعبة":"26505","النشاط":"محاضرة","الساعات":"3","الجنس":"ذكر","الحالة":"مفتوحة"},{"رقم المقرر":4,"رمز المقرر":"334 صحه","اسم المقرر":"علم الوبائيات - 1 -","الشعبة":"26506","النشاط":"عملي","الساعات":"","الجنس":"ذكر","الحالة":"مفتوحة"},{"رقم المقرر":5,"رمز المقرر":"334 صحه","اسم المقرر":"علم الوبائيات - 1 -","الشعبة":"52747","النشاط":"محاضرة","الساعات":"3","الجنس":"ذكر","الحالة":"مفتوحة"},{"رقم المقرر":6,"رمز المقرر":"334 صحه","اسم المقرر":"علم الوبائيات - 1 -","الشعبة":"52761","النشاط":"عملي","الساعات":"","الجنس":"ذكر","الحالة":"مفتوحة"},{"رقم المقرر":7,"رمز المقرر":"323 كلن","اسم المقرر":"علم الامراض ووظائف الاعضاء","الشعبة":"656","النشاط":"محاضرة","الساعات":"3","الجنس":"ذكر","الحالة":"مفتوحة"},{"رقم المقرر":8,"رمز المقرر":"323 كلن","اسم المقرر":"علم الامراض ووظائف الاعضاء","الشعبة":"17427","النشاط":"محاضرة","الساعات":"3","الجنس":"ذكر","الحالة":"مفتوحة"},{"رقم المقرر":9,"رمز المقرر":"323 كلن","اسم المقرر":"علم الامراض ووظائف الاعضاء","الشعبة":"62985","النشاط":"محاضرة","الساعات":"3","الجنس":"ذكر","الحالة":"مفتوحة"},{"رقم المقرر":10,"رمز المقرر":"226 صحه","اسم المقرر":"اسس التغذية","الشعبة":"18694","النشاط":"محاضرة","الساعات":"3","الجنس":"ذكر","الحالة":"مفتوحة"},{"رقم المقرر":11,"رمز المقرر":"226 صحه","اسم المقرر":"اسس التغذية","الشعبة":"26503","النشاط":"محاضرة","الساعات":"3","الجنس":"ذكر","الحالة":"مفتوحة"},{"رقم المقرر":12,"رمز المقرر":"145 احص","اسم المقرر":"الإحصاء الحيوي","الشعبة":"71336","النشاط":"محاضرة","الساعات":"2","الجنس":"ذكر","الحالة":"مغلقة"},{"رقم المقرر":13,"رمز المقرر":"145 نجم","اسم المقرر":"اللغة الإنجليزية للأغراض الصحية","الشعبة":"68649","النشاط":"محاضرة","الساعات":"8","الجنس":"ذكر","الحالة":"مفتوحة"},{"رقم المقرر":14,"رمز المقرر":"106 سلم","اسم المقرر":"الفقه الطبي","الشعبة":"42773","النشاط":"محاضرة","الساعات":"2","الجنس":"ذكر","الحالة":"مفتوحة"},{"رقم المقرر":15,"رمز المقرر":"106 سلم","اسم المقرر":"الفقه الطبي","الشعبة":"42774","النشاط":"محاضرة","الساعات":"2","الجنس":"ذكر","الحالة":"مفتوحة"},{"رقم المقرر":16,"رمز المقرر":"106 سلم","اسم المقرر":"الفقه الطبي","الشعبة":"44134","النشاط":"محاضرة","الساعات":"2","الجنس":"ذكر","الحالة":"مفتوحة"},{"رقم المقرر":17,"رمز المقرر":"106 سلم","اسم المقرر":"الفقه الطبي","الشعبة":"44307","النشاط":"محاضرة","الساعات":"2","الجنس":"ذكر","الحالة":"مفتوحة"},{"رقم المقرر":18,"رمز المقرر":"106 سلم","اسم المقرر":"الفقه الطبي","الشعبة":"44308","النشاط":"محاضرة","الساعات":"2","الجنس":"ذكر","الحالة":"مفتوحة"},{"رقم المقرر":19,"رمز المقرر":"106 سلم","اسم المقرر":"الفقه الطبي","الشعبة":"44309","النشاط":"محاضرة","الساعات":"2","الجنس":"ذكر","الحالة":"مغلقة"},{"رقم المقرر":20,"رمز المقرر":"106 سلم","اسم المقرر":"الفقه الطبي","الشعبة":"44310","النشاط":"محاضرة","الساعات":"2","الجنس":"ذكر","الحالة":"مفتوحة"},{"رقم المقرر":21,"رمز المقرر":"106 سلم","اسم المقرر":"الفقه الطبي","الشعبة":"45025","النشاط":"محاضرة","الساعات":"2","الجنس":"ذكر","الحالة":"مفتوحة"},{"رقم المقرر":22,"رمز المقرر":"106 سلم","اسم المقرر":"الفقه الطبي","الشعبة":"45235","النشاط":"محاضرة","الساعات":"2","الجنس":"ذكر","الحالة":"مفتوحة"},{"رقم المقرر":23,"رمز المقرر":"106 سلم","اسم المقرر":"الفقه الطبي","الشعبة":"51665","النشاط":"محاضرة","الساعات":"2","الجنس":"ذكر","الحالة":"مغلقة"},{"رقم المقرر":24,"رمز المقرر":"106 سلم","اسم المقرر":"الفقه الطبي","الشعبة":"53083","النشاط":"محاضرة","الساعات":"2","الجنس":"ذكر","الحالة":"مغلقة"},{"رقم المقرر":25,"رمز المقرر":"106 سلم","اسم المقرر":"الفقه الطبي","الشعبة":"60226","النشاط":"محاضرة","الساعات":"2","الجنس":"ذكر","الحالة":"مفتوحة"},{"رقم المقرر":26,"رمز المقرر":"107 سلم","اسم المقرر":"اخلاقيات المهنة","الشعبة":"44120","النشاط":"محاضرة","الساعات":"2","الجنس":"ذكر","الحالة":"مفتوحة"},{"رقم المقرر":27,"رمز المقرر":"107 سلم","اسم المقرر":"اخلاقيات المهنة","الشعبة":"44135","النشاط":"محاضرة","الساعات":"2","الجنس":"ذكر","الحالة":"مغلقة"},{"رقم المقرر":28,"رمز المقرر":"107 سلم","اسم المقرر":"اخلاقيات المهنة","الشعبة":"44154","النشاط":"محاضرة","الساعات":"2","الجنس":"ذكر","الحالة":"مغلقة"},{"رقم المقرر":29,"رمز المقرر":"107 سلم","اسم المقرر":"اخلاقيات المهنة","الشعبة":"44295","النشاط":"محاضرة","الساعات":"2","الجنس":"ذكر","الحالة":"مفتوحة"},{"رقم المقرر":30,"رمز المقرر":"107 سلم","اسم المقرر":"اخلاقيات المهنة","الشعبة":"44296","النشاط":"محاضرة","الساعات":"2","الجنس":"ذكر","الحالة":"مغلقة"},{"رقم المقرر":31,"رمز المقرر":"107 سلم","اسم المقرر":"اخلاقيات المهنة","الشعبة":"44297","النشاط":"محاضرة","الساعات":"2","الجنس":"ذكر","الحالة":"مفتوحة"},{"رقم المقرر":32,"رمز المقرر":"107 سلم","اسم المقرر":"اخلاقيات المهنة","الشعبة":"44298","النشاط":"محاضرة","الساعات":"2","الجنس":"ذكر","الحالة":"مفتوحة"},{"رقم المقرر":33,"رمز المقرر":"107 سلم","اسم المقرر":"اخلاقيات المهنة","الشعبة":"44299","النشاط":"محاضرة","الساعات":"2","الجنس":"ذكر","الحالة":"مغلقة"},{"رقم المقرر":34,"رمز المقرر":"107 سلم","اسم المقرر":"اخلاقيات المهنة","الشعبة":"44300","النشاط":"محاضرة","الساعات":"2","الجنس":"ذكر","الحالة":"مغلقة"},{"رقم المقرر":35,"رمز المقرر":"107 سلم","اسم المقرر":"اخلاقيات المهنة","الشعبة":"45027","النشاط":"محاضرة","الساعات":"2","الجنس":"ذكر","الحالة":"مفتوحة"},{"رقم المقرر":36,"رمز المقرر":"107 سلم","اسم المقرر":"اخلاقيات المهنة","الشعبة":"45098","النشاط":"محاضرة","الساعات":"2","الجنس":"ذكر","الحالة":"مغلقة"},{"رقم المقرر":37,"رمز المقرر":"107 سلم","اسم المقرر":"اخلاقيات المهنة","الشعبة":"45228","النشاط":"محاضرة","الساعات":"2","الجنس":"ذكر","الحالة":"مفتوحة"},{"رقم المقرر":38,"رمز المقرر":"107 سلم","اسم المقرر":"اخلاقيات المهنة","الشعبة":"45232","النشاط":"محاضرة","الساعات":"2","الجنس":"ذكر","الحالة":"مفتوحة"},{"رقم المقرر":39,"رمز المقرر":"107 سلم","اسم المقرر":"اخلاقيات المهنة","الشعبة":"45682","النشاط":"محاضرة","الساعات":"2","الجنس":"ذكر","الحالة":"مغلقة"},{"رقم المقرر":40,"رمز المقرر":"107 سلم","اسم المقرر":"اخلاقيات المهنة","الشعبة":"45808","النشاط":"محاضرة","الساعات":"2","الجنس":"ذكر","الحالة":"مفتوحة"},{"رقم المقرر":41,"رمز المقرر":"107 سلم","اسم المقرر":"اخلاقيات المهنة","الشعبة":"45810","النشاط":"محاضرة","الساعات":"2","الجنس":"ذكر","الحالة":"مغلقة"},{"رقم المقرر":42,"رمز المقرر":"107 سلم","اسم المقرر":"اخلاقيات المهنة","الشعبة":"45811","النشاط":"محاضرة","الساعات":"2","الجنس":"ذكر","الحالة":"مغلقة"},{"رقم المقرر":43,"رمز المقرر":"107 سلم","اسم المقرر":"اخلاقيات المهنة","الشعبة":"45812","النشاط":"محاضرة","الساعات":"2","الجنس":"ذكر","الحالة":"مغلقة"},{"رقم المقرر":44,"رمز المقرر":"107 سلم","اسم المقرر":"اخلاقيات المهنة","الشعبة":"45813","النشاط":"محاضرة","الساعات":"2","الجنس":"ذكر","الحالة":"مفتوحة"},{"رقم المقرر":45,"رمز المقرر":"107 سلم","اسم المقرر":"اخلاقيات المهنة","الشعبة":"45814","النشاط":"محاضرة","الساعات":"2","الجنس":"ذكر","الحالة":"مغلقة"},{"رقم المقرر":46,"رمز المقرر":"107 سلم","اسم المقرر":"اخلاقيات المهنة","الشعبة":"45815","النشاط":"محاضرة","الساعات":"2","الجنس":"ذكر","الحالة":"مغلقة"},{"رقم المقرر":47,"رمز المقرر":"107 سلم","اسم المقرر":"اخلاقيات المهنة","الشعبة":"45816","النشاط":"محاضرة","الساعات":"2","الجنس":"ذكر","الحالة":"مغلقة"},{"رقم المقرر":48,"رمز المقرر":"107 سلم","اسم المقرر":"اخلاقيات المهنة","الشعبة":"45858","النشاط":"محاضرة","الساعات":"2","الجنس":"ذكر","الحالة":"مفتوحة"},{"رقم المقرر":49,"رمز المقرر":"107 سلم","اسم المقرر":"اخلاقيات المهنة","الشعبة":"45859","النشاط":"محاضرة","الساعات":"2","الجنس":"ذكر","الحالة":"مفتوحة"},{"رقم المقرر":50,"رمز المقرر":"107 سلم","اسم المقرر":"اخلاقيات المهنة","الشعبة":"45985","النشاط":"محاضرة","الساعات":"2","الجنس":"ذكر","الحالة":"مغلقة"},{"رقم المقرر":51,"رمز المقرر":"107 سلم","اسم المقرر":"اخلاقيات المهنة","الشعبة":"45994","النشاط":"محاضرة","الساعات":"2","الجنس":"ذكر","الحالة":"مغلقة"},{"رقم المقرر":52,"رمز المقرر":"107 سلم","اسم المقرر":"اخلاقيات المهنة","الشعبة":"54105","النشاط":"محاضرة","الساعات":"2","الجنس":"ذكر","الحالة":"مفتوحة"},{"رقم المقرر":53,"رمز المقرر":"107 سلم","اسم المقرر":"اخلاقيات المهنة","الشعبة":"56543","النشاط":"محاضرة","الساعات":"2","الجنس":"ذكر","الحالة":"مغلقة"},{"رقم المقرر":54,"رمز المقرر":"107 سلم","اسم المقرر":"اخلاقيات المهنة","الشعبة":"59359","النشاط":"محاضرة","الساعات":"2","الجنس":"ذكر","الحالة":"مفتوحة"},{"رقم المقرر":55,"رمز المقرر":"107 سلم","اسم المقرر":"اخلاقيات المهنة","الشعبة":"59661","النشاط":"محاضرة","الساعات":"2","الجنس":"ذكر","الحالة":"مفتوحة"},{"رقم المقرر":56,"رمز المقرر":"107 سلم","اسم المقرر":"اخلاقيات المهنة","الشعبة":"59667","النشاط":"محاضرة","الساعات":"2","الجنس":"ذكر","الحالة":"مغلقة"},{"رقم المقرر":57,"رمز المقرر":"107 سلم","اسم المقرر":"اخلاقيات المهنة","الشعبة":"59935","النشاط":"محاضرة","الساعات":"2","الجنس":"ذكر","الحالة":"مغلقة"},{"رقم المقرر":58,"رمز المقرر":"107 سلم","اسم المقرر":"اخلاقيات المهنة","الشعبة":"59948","النشاط":"محاضرة","الساعات":"2","الجنس":"ذكر","الحالة":"مغلقة"},{"رقم المقرر":59,"رمز المقرر":"107 سلم","اسم المقرر":"اخلاقيات المهنة","الشعبة":"59949","النشاط":"محاضرة","الساعات":"2","الجنس":"ذكر","الحالة":"مغلقة"},{"رقم المقرر":60,"رمز المقرر":"107 سلم","اسم المقرر":"اخلاقيات المهنة","الشعبة":"59957","النشاط":"محاضرة","الساعات":"2","الجنس":"ذكر","الحالة":"مفتوحة"},{"رقم المقرر":61,"رمز المقرر":"107 سلم","اسم المقرر":"اخلاقيات المهنة","الشعبة":"60302","النشاط":"محاضرة","الساعات":"2","الجنس":"ذكر","الحالة":"مغلقة"},{"رقم المقرر":62,"رمز المقرر":"107 سلم","اسم المقرر":"اخلاقيات المهنة","الشعبة":"64894","النشاط":"محاضرة","الساعات":"2","الجنس":"ذكر","الحالة":"مغلقة"},{"رقم المقرر":63,"رمز المقرر":"107 سلم","اسم المقرر":"اخلاقيات المهنة","الشعبة":"72203","النشاط":"محاضرة","الساعات":"2","الجنس":"ذكر","الحالة":"مغلقة"},{"رقم المقرر":64,"رمز المقرر":"107 سلم","اسم المقرر":"اخلاقيات المهنة","الشعبة":"72204","النشاط":"محاضرة","الساعات":"2","الجنس":"ذكر","الحالة":"مغلقة"},{"رقم المقرر":65,"رمز المقرر":"107 سلم","اسم المقرر":"اخلاقيات المهنة","الشعبة":"72205","النشاط":"محاضرة","الساعات":"2","الجنس":"ذكر","الحالة":"مغلقة"},{"رقم المقرر":66,"رمز المقرر":"224 فسل","اسم المقرر":"وظائف الأعضاء في جسم الإنسان","الشعبة":"36609","النشاط":"محاضرة","الساعات":"3","الجنس":"ذكر","الحالة":"مغلقة"},{"رقم المقرر":67,"رمز المقرر":"224 فسل","اسم المقرر":"وظائف الأعضاء في جسم الإنسان","الشعبة":"52561","النشاط":"محاضرة","الساعات":"3","الجنس":"ذكر","الحالة":"مفتوحة"},{"رقم المقرر":68,"رمز المقرر":"224 فسل","اسم المقرر":"وظائف الأعضاء في جسم الإنسان","الشعبة":"72953","النشاط":"محاضرة","الساعات":"3","الجنس":"ذكر","الحالة":"مغلقة"},{"رقم المقرر":69,"رمز المقرر":"211 تمض","اسم المقرر":"مقدمة في مهنة التمريض","الشعبة":"36604","النشاط":"محاضرة","الساعات":"2","الجنس":"ذكر","الحالة":"مغلقة"},{"رقم المقرر":70,"رمز المقرر":"211 تمض","اسم المقرر":"مقدمة في مهنة التمريض","الشعبة":"52563","النشاط":"محاضرة","الساعات":"2","الجنس":"ذكر","الحالة":"مفتوحة"},{"رقم المقرر":71,"رمز المقرر":"212 تمض","اسم المقرر":"أساسيات علم التمريض","الشعبة":"36605","النشاط":"محاضرة","الساعات":"3","الجنس":"ذكر","الحالة":"مغلقة"},{"رقم المقرر":72,"رمز المقرر":"212 تمض","اسم المقرر":"أساسيات علم التمريض","الشعبة":"52578","النشاط":"محاضرة","الساعات":"3","الجنس":"ذكر","الحالة":"مغلقة"},{"رقم المقرر":73,"رمز المقرر":"213 تمض","اسم المقرر":"تطبيق مهارات التمريض","الشعبة":"36606","النشاط":"محاضرة","الساعات":"3","الجنس":"ذكر","الحالة":"مغلقة"},{"رقم المقرر":74,"رمز المقرر":"213 تمض","اسم المقرر":"تطبيق مهارات التمريض","الشعبة":"36607","النشاط":"عملي","الساعات":"","الجنس":"ذكر","الحالة":"مغلقة"},{"رقم المقرر":75,"رمز المقرر":"213 تمض","اسم المقرر":"تطبيق مهارات التمريض","الشعبة":"43834","النشاط":"محاضرة","الساعات":"3","الجنس":"ذكر","الحالة":"مغلقة"},{"رقم المقرر":76,"رمز المقرر":"213 تمض","اسم المقرر":"تطبيق مهارات التمريض","الشعبة":"36629","النشاط":"عملي","الساعات":"","الجنس":"ذكر","الحالة":"مغلقة"},{"رقم المقرر":77,"رمز المقرر":"213 تمض","اسم المقرر":"تطبيق مهارات التمريض","الشعبة":"52590","النشاط":"محاضرة","الساعات":"3","الجنس":"ذكر","الحالة":"مفتوحة"},{"رقم المقرر":78,"رمز المقرر":"213 تمض","اسم المقرر":"تطبيق مهارات التمريض","الشعبة":"52589","النشاط":"عملي","الساعات":"","الجنس":"ذكر","الحالة":"مفتوحة"},{"رقم المقرر":79,"رمز المقرر":"213 تمض","اسم المقرر":"تطبيق مهارات التمريض","الشعبة":"52592","النشاط":"محاضرة","الساعات":"3","الجنس":"ذكر","الحالة":"مغلقة"},{"رقم المقرر":80,"رمز المقرر":"213 تمض","اسم المقرر":"تطبيق مهارات التمريض","الشعبة":"52591","النشاط":"عملي","الساعات":"","الجنس":"ذكر","الحالة":"مغلقة"},{"رقم المقرر":81,"رمز المقرر":"224 تمض","اسم المقرر":"الفحص السريري","الشعبة":"37528","النشاط":"محاضرة","الساعات":"2","الجنس":"ذكر","الحالة":"مفتوحة"},{"رقم المقرر":82,"رمز المقرر":"224 تمض","اسم المقرر":"الفحص السريري","الشعبة":"62964","النشاط":"محاضرة","الساعات":"2","الجنس":"ذكر","الحالة":"مغلقة"},{"رقم المقرر":83,"رمز المقرر":"225 تمض","اسم المقرر":"الفحص السريري التطبيقي","الشعبة":"37529","النشاط":"عملي","الساعات":"3","الجنس":"ذكر","الحالة":"مفتوحة"},{"رقم المقرر":84,"رمز المقرر":"225 تمض","اسم المقرر":"الفحص السريري التطبيقي","الشعبة":"37530","النشاط":"محاضرة","الساعات":"","الجنس":"ذكر","الحالة":"مفتوحة"},{"رقم المقرر":85,"رمز المقرر":"225 تمض","اسم المقرر":"الفحص السريري التطبيقي","الشعبة":"43835","النشاط":"عملي","الساعات":"3","الجنس":"ذكر","الحالة":"مفتوحة"},{"رقم المقرر":86,"رمز المقرر":"225 تمض","اسم المقرر":"الفحص السريري التطبيقي","الشعبة":"43836","النشاط":"محاضرة","الساعات":"","الجنس":"ذكر","الحالة":"مفتوحة"},{"رقم المقرر":87,"رمز المقرر":"225 تمض","اسم المقرر":"الفحص السريري التطبيقي","الشعبة":"52728","النشاط":"عملي","الساعات":"3","الجنس":"ذكر","الحالة":"مغلقة"},{"رقم المقرر":88,"رمز المقرر":"225 تمض","اسم المقرر":"الفحص السريري التطبيقي","الشعبة":"52729","النشاط":"محاضرة","الساعات":"","الجنس":"ذكر","الحالة":"مغلقة"},{"رقم المقرر":89,"رمز المقرر":"225 تمض","اسم المقرر":"الفحص السريري التطبيقي","الشعبة":"52730","النشاط":"عملي","الساعات":"3","الجنس":"ذكر","الحالة":"مفتوحة"},{"رقم المقرر":90,"رمز المقرر":"225 تمض","اسم المقرر":"الفحص السريري التطبيقي","الشعبة":"52731","النشاط":"محاضرة","الساعات":"","الجنس":"ذكر","الحالة":"مفتوحة"},{"رقم المقرر":91,"رمز المقرر":"225 تمض","اسم المقرر":"الفحص السريري التطبيقي","الشعبة":"62966","النشاط":"عملي","الساعات":"3","الجنس":"ذكر","الحالة":"مغلقة"},{"رقم المقرر":92,"رمز المقرر":"225 تمض","اسم المقرر":"الفحص السريري التطبيقي","الشعبة":"62967","النشاط":"محاضرة","الساعات":"","الجنس":"ذكر","الحالة":"مغلقة"},{"رقم المقرر":93,"رمز المقرر":"225 تمض","اسم المقرر":"الفحص السريري التطبيقي","الشعبة":"62968","النشاط":"عملي","الساعات":"3","الجنس":"ذكر","الحالة":"مغلقة"},{"رقم المقرر":94,"رمز المقرر":"225 تمض","اسم المقرر":"الفحص السريري التطبيقي","الشعبة":"62969","النشاط":"محاضرة","الساعات":"","الجنس":"ذكر","الحالة":"مغلقة"},{"رقم المقرر":95,"رمز المقرر":"366 دوى","اسم المقرر":"علم الأدوية","الشعبة":"38075","النشاط":"محاضرة","الساعات":"2","الجنس":"ذكر","الحالة":"مفتوحة"},{"رقم المقرر":96,"رمز المقرر":"366 دوى","اسم المقرر":"علم الأدوية","الشعبة":"62947","النشاط":"محاضرة","الساعات":"2","الجنس":"ذكر","الحالة":"مفتوحة"},{"رقم المقرر":97,"رمز المقرر":"316 تمض","اسم المقرر":"تمريض صحة البالغين","الشعبة":"37537","النشاط":"محاضرة","الساعات":"3","الجنس":"ذكر","الحالة":"مغلقة"},{"رقم المقرر":98,"رمز المقرر":"316 تمض","اسم المقرر":"تمريض صحة البالغين","الشعبة":"52734","النشاط":"محاضرة","الساعات":"3","الجنس":"ذكر","الحالة":"مفتوحة"},{"رقم المقرر":99,"رمز المقرر":"316 تمض","اسم المقرر":"تمريض صحة البالغين","الشعبة":"63054","النشاط":"محاضرة","الساعات":"3","الجنس":"ذكر","الحالة":"مغلقة"},{"رقم المقرر":100,"رمز المقرر":"317 تمض","اسم المقرر":"التطبيقات السريرية لتمريض صحة البالغين","الشعبة":"37538","النشاط":"عيادة","الساعات":"4","الجنس":"ذكر","الحالة":"مغلقة"},{"رقم المقرر":101,"رمز المقرر":"317 تمض","اسم المقرر":"التطبيقات السريرية لتمريض صحة البالغين","الشعبة":"37539","النشاط":"محاضرة","الساعات":"","الجنس":"ذكر","الحالة":"مغلقة"},{"رقم المقرر":102,"رمز المقرر":"317 تمض","اسم المقرر":"التطبيقات السريرية لتمريض صحة البالغين","الشعبة":"43837","النشاط":"عيادة","الساعات":"4","الجنس":"ذكر","الحالة":"مغلقة"},{"رقم المقرر":103,"رمز المقرر":"317 تمض","اسم المقرر":"التطبيقات السريرية لتمريض صحة البالغين","الشعبة":"43838","النشاط":"محاضرة","الساعات":"","الجنس":"ذكر","الحالة":"مغلقة"},{"رقم المقرر":104,"رمز المقرر":"317 تمض","اسم المقرر":"التطبيقات السريرية لتمريض صحة البالغين","الشعبة":"52735","النشاط":"عيادة","الساعات":"4","الجنس":"ذكر","الحالة":"مفتوحة"},{"رقم المقرر":105,"رمز المقرر":"317 تمض","اسم المقرر":"التطبيقات السريرية لتمريض صحة البالغين","الشعبة":"52736","النشاط":"محاضرة","الساعات":"","الجنس":"ذكر","الحالة":"مفتوحة"},{"رقم المقرر":106,"رمز المقرر":"317 تمض","اسم المقرر":"التطبيقات السريرية لتمريض صحة البالغين","الشعبة":"52737","النشاط":"عيادة","الساعات":"4","الجنس":"ذكر","الحالة":"مغلقة"},{"رقم المقرر":107,"رمز المقرر":"317 تمض","اسم المقرر":"التطبيقات السريرية لتمريض صحة البالغين","الشعبة":"52738","النشاط":"محاضرة","الساعات":"","الجنس":"ذكر","الحالة":"مغلقة"},{"رقم المقرر":108,"رمز المقرر":"317 تمض","اسم المقرر":"التطبيقات السريرية لتمريض صحة البالغين","الشعبة":"52739","النشاط":"عيادة","الساعات":"4","الجنس":"ذكر","الحالة":"مفتوحة"},{"رقم المقرر":109,"رمز المقرر":"317 تمض","اسم المقرر":"التطبيقات السريرية لتمريض صحة البالغين","الشعبة":"52740","النشاط":"محاضرة","الساعات":"","الجنس":"ذكر","الحالة":"مفتوحة"},{"رقم المقرر":110,"رمز المقرر":"317 تمض","اسم المقرر":"التطبيقات السريرية لتمريض صحة البالغين","الشعبة":"52741","النشاط":"عيادة","الساعات":"4","الجنس":"ذكر","الحالة":"مغلقة"},{"رقم المقرر":111,"رمز المقرر":"317 تمض","اسم المقرر":"التطبيقات السريرية لتمريض صحة البالغين","الشعبة":"52742","النشاط":"محاضرة","الساعات":"","الجنس":"ذكر","الحالة":"مغلقة"},{"رقم المقرر":112,"رمز المقرر":"317 تمض","اسم المقرر":"التطبيقات السريرية لتمريض صحة البالغين","الشعبة":"52743","النشاط":"عيادة","الساعات":"4","الجنس":"ذكر","الحالة":"مغلقة"},{"رقم المقرر":113,"رمز المقرر":"317 تمض","اسم المقرر":"التطبيقات السريرية لتمريض صحة البالغين","الشعبة":"52744","النشاط":"محاضرة","الساعات":"","الجنس":"ذكر","الحالة":"مغلقة"},{"رقم المقرر":114,"رمز المقرر":"317 تمض","اسم المقرر":"التطبيقات السريرية لتمريض صحة البالغين","الشعبة":"52745","النشاط":"عيادة","الساعات":"4","الجنس":"ذكر","الحالة":"مغلقة"},{"رقم المقرر":115,"رمز المقرر":"317 تمض","اسم المقرر":"التطبيقات السريرية لتمريض صحة البالغين","الشعبة":"52746","النشاط":"محاضرة","الساعات":"","الجنس":"ذكر","الحالة":"مغلقة"},{"رقم المقرر":116,"رمز المقرر":"317 تمض","اسم المقرر":"التطبيقات السريرية لتمريض صحة البالغين","الشعبة":"62970","النشاط":"عيادة","الساعات":"4","الجنس":"ذكر","الحالة":"مغلقة"},{"رقم المقرر":117,"رمز المقرر":"317 تمض","اسم المقرر":"التطبيقات السريرية لتمريض صحة البالغين","الشعبة":"62971","النشاط":"محاضرة","الساعات":"","الجنس":"ذكر","الحالة":"مغلقة"},{"رقم المقرر":118,"رمز المقرر":"317 تمض","اسم المقرر":"التطبيقات السريرية لتمريض صحة البالغين","الشعبة":"62972","النشاط":"عيادة","الساعات":"4","الجنس":"ذكر","الحالة":"مغلقة"},{"رقم المقرر":119,"رمز المقرر":"317 تمض","اسم المقرر":"التطبيقات السريرية لتمريض صحة البالغين","الشعبة":"62973","النشاط":"محاضرة","الساعات":"","الجنس":"ذكر","الحالة":"مغلقة"},{"رقم المقرر":120,"رمز المقرر":"317 تمض","اسم المقرر":"التطبيقات السريرية لتمريض صحة البالغين","الشعبة":"62974","النشاط":"عيادة","الساعات":"4","الجنس":"ذكر","الحالة":"مغلقة"},{"رقم المقرر":121,"رمز المقرر":"317 تمض","اسم المقرر":"التطبيقات السريرية لتمريض صحة البالغين","الشعبة":"62975","النشاط":"محاضرة","الساعات":"","الجنس":"ذكر","الحالة":"مغلقة"},{"رقم المقرر":122,"رمز المقرر":"311 تمض","اسم المقرر":"نمو وتطور الانسان","الشعبة":"37535","النشاط":"محاضرة","الساعات":"3","الجنس":"ذكر","الحالة":"مغلقة"},{"رقم المقرر":123,"رمز المقرر":"311 تمض","اسم المقرر":"نمو وتطور الانسان","الشعبة":"52732","النشاط":"محاضرة","الساعات":"3","الجنس":"ذكر","الحالة":"مغلقة"},{"رقم المقرر":124,"رمز المقرر":"311 تمض","اسم المقرر":"نمو وتطور الانسان","الشعبة":"63052","النشاط":"محاضرة","الساعات":"3","الجنس":"ذكر","الحالة":"مغلقة"},{"رقم المقرر":125,"رمز المقرر":"315 تمض","اسم المقرر":"أساسيات التعلم والتعليم","الشعبة":"37536","النشاط":"محاضرة","الساعات":"2","الجنس":"ذكر","الحالة":"مغلقة"},{"رقم المقرر":126,"رمز المقرر":"315 تمض","اسم المقرر":"أساسيات التعلم والتعليم","الشعبة":"52733","النشاط":"محاضرة","الساعات":"2","الجنس":"ذكر","الحالة":"مفتوحة"},{"رقم المقرر":127,"رمز المقرر":"315 تمض","اسم المقرر":"أساسيات التعلم والتعليم","الشعبة":"63053","النشاط":"محاضرة","الساعات":"2","الجنس":"ذكر","الحالة":"مغلقة"},{"رقم المقرر":128,"رمز المقرر":"324 تمض","اسم المقرر":"تمريض الصحة الإنجابية","الشعبة":"43853","النشاط":"محاضرة","الساعات":"3","الجنس":"ذكر","الحالة":"مفتوحة"},{"رقم المقرر":129,"رمز المقرر":"325 تمض","اسم المقرر":"التطبيقات السريرية لتمريض الصحة الإنجابية","الشعبة":"43854","النشاط":"عملي","الساعات":"3","الجنس":"ذكر","الحالة":"مفتوحة"},{"رقم المقرر":130,"رمز المقرر":"325 تمض","اسم المقرر":"التطبيقات السريرية لتمريض الصحة الإنجابية","الشعبة":"43855","النشاط":"محاضرة","الساعات":"","الجنس":"ذكر","الحالة":"مفتوحة"},{"رقم المقرر":131,"رمز المقرر":"325 تمض","اسم المقرر":"التطبيقات السريرية لتمريض الصحة الإنجابية","الشعبة":"52749","النشاط":"عملي","الساعات":"3","الجنس":"ذكر","الحالة":"مفتوحة"},{"رقم المقرر":132,"رمز المقرر":"325 تمض","اسم المقرر":"التطبيقات السريرية لتمريض الصحة الإنجابية","الشعبة":"52750","النشاط":"محاضرة","الساعات":"","الجنس":"ذكر","الحالة":"مفتوحة"},{"رقم المقرر":133,"رمز المقرر":"325 تمض","اسم المقرر":"التطبيقات السريرية لتمريض الصحة الإنجابية","الشعبة":"52751","النشاط":"عملي","الساعات":"3","الجنس":"ذكر","الحالة":"مفتوحة"},{"رقم المقرر":134,"رمز المقرر":"325 تمض","اسم المقرر":"التطبيقات السريرية لتمريض الصحة الإنجابية","الشعبة":"52752","النشاط":"محاضرة","الساعات":"","الجنس":"ذكر","الحالة":"مفتوحة"},{"رقم المقرر":135,"رمز المقرر":"325 تمض","اسم المقرر":"التطبيقات السريرية لتمريض الصحة الإنجابية","الشعبة":"56870","النشاط":"عملي","الساعات":"3","الجنس":"ذكر","الحالة":"مغلقة"},{"رقم المقرر":136,"رمز المقرر":"325 تمض","اسم المقرر":"التطبيقات السريرية لتمريض الصحة الإنجابية","الشعبة":"56871","النشاط":"محاضرة","الساعات":"","الجنس":"ذكر","الحالة":"مغلقة"},{"رقم المقرر":137,"رمز المقرر":"326 تمض","اسم المقرر":"تمريض صحة الطفل","الشعبة":"43857","النشاط":"محاضرة","الساعات":"3","الجنس":"ذكر","الحالة":"مفتوحة"},{"رقم المقرر":138,"رمز المقرر":"327 تمض","اسم المقرر":"التطبيقات السريرية لتمريص صحة الطفل","الشعبة":"43858","النشاط":"عيادة","الساعات":"3","الجنس":"ذكر","الحالة":"مفتوحة"},{"رقم المقرر":139,"رمز المقرر":"327 تمض","اسم المقرر":"التطبيقات السريرية لتمريص صحة الطفل","الشعبة":"43859","النشاط":"محاضرة","الساعات":"","الجنس":"ذكر","الحالة":"مفتوحة"},{"رقم المقرر":140,"رمز المقرر":"327 تمض","اسم المقرر":"التطبيقات السريرية لتمريص صحة الطفل","الشعبة":"52753","النشاط":"عيادة","الساعات":"3","الجنس":"ذكر","الحالة":"مغلقة"},{"رقم المقرر":141,"رمز المقرر":"327 تمض","اسم المقرر":"التطبيقات السريرية لتمريص صحة الطفل","الشعبة":"52754","النشاط":"محاضرة","الساعات":"","الجنس":"ذكر","الحالة":"مغلقة"},{"رقم المقرر":142,"رمز المقرر":"327 تمض","اسم المقرر":"التطبيقات السريرية لتمريص صحة الطفل","الشعبة":"52755","النشاط":"عيادة","الساعات":"3","الجنس":"ذكر","الحالة":"مفتوحة"},{"رقم المقرر":143,"رمز المقرر":"327 تمض","اسم المقرر":"التطبيقات السريرية لتمريص صحة الطفل","الشعبة":"52756","النشاط":"محاضرة","الساعات":"","الجنس":"ذكر","الحالة":"مفتوحة"},{"رقم المقرر":144,"رمز المقرر":"327 تمض","اسم المقرر":"التطبيقات السريرية لتمريص صحة الطفل","الشعبة":"56872","النشاط":"عيادة","الساعات":"3","الجنس":"ذكر","الحالة":"مفتوحة"},{"رقم المقرر":145,"رمز المقرر":"327 تمض","اسم المقرر":"التطبيقات السريرية لتمريص صحة الطفل","الشعبة":"56873","النشاط":"محاضرة","الساعات":"","الجنس":"ذكر","الحالة":"مفتوحة"},{"رقم المقرر":146,"رمز المقرر":"202 شرح","اسم المقرر":"تشريح جسم الإنسان","الشعبة":"36608","النشاط":"محاضرة","الساعات":"3","الجنس":"ذكر","الحالة":"مغلقة"},{"رقم المقرر":147,"رمز المقرر":"202 شرح","اسم المقرر":"تشريح جسم الإنسان","الشعبة":"52562","النشاط":"محاضرة","الساعات":"3","الجنس":"ذكر","الحالة":"مغلقة"},{"رقم المقرر":148,"رمز المقرر":"202 شرح","اسم المقرر":"تشريح جسم الإنسان","الشعبة":"69901","النشاط":"محاضرة","الساعات":"3","الجنس":"ذكر","الحالة":"مغلقة"},{"رقم المقرر":149,"رمز المقرر":"202 شرح","اسم المقرر":"تشريح جسم الإنسان","الشعبة":"69902","النشاط":"محاضرة","الساعات":"3","الجنس":"ذكر","الحالة":"مفتوحة"},{"رقم المقرر":150,"رمز المقرر":"410 تمض","اسم المقرر":"الوراثة البشرية في ممارسة التمريض","الشعبة":"43860","النشاط":"محاضرة","الساعات":"3","الجنس":"ذكر","الحالة":"مغلقة"},{"رقم المقرر":151,"رمز المقرر":"410 تمض","اسم المقرر":"الوراثة البشرية في ممارسة التمريض","الشعبة":"56824","النشاط":"محاضرة","الساعات":"3","الجنس":"ذكر","الحالة":"مفتوحة"},{"رقم المقرر":152,"رمز المقرر":"412 تمض","اسم المقرر":"البحث العلمي في التمريض","الشعبة":"43861","النشاط":"محاضرة","الساعات":"3","الجنس":"ذكر","الحالة":"مغلقة"},{"رقم المقرر":153,"رمز المقرر":"412 تمض","اسم المقرر":"البحث العلمي في التمريض","الشعبة":"56825","النشاط":"محاضرة","الساعات":"3","الجنس":"ذكر","الحالة":"مفتوحة"},{"رقم المقرر":154,"رمز المقرر":"416 تمض","اسم المقرر":"تمريض صحة المجتمع","الشعبة":"43865","النشاط":"محاضرة","الساعات":"3","الجنس":"ذكر","الحالة":"مفتوحة"},{"رقم المقرر":155,"رمز المقرر":"416 تمض","اسم المقرر":"تمريض صحة المجتمع","الشعبة":"56827","النشاط":"محاضرة","الساعات":"3","الجنس":"ذكر","الحالة":"مفتوحة"},{"رقم المقرر":156,"رمز المقرر":"417 تمض","اسم المقرر":"التطبيقات العملية لتمريض صحة المجتمع","الشعبة":"43866","النشاط":"عيادة","الساعات":"3","الجنس":"ذكر","الحالة":"مغلقة"},{"رقم المقرر":157,"رمز المقرر":"417 تمض","اسم المقرر":"التطبيقات العملية لتمريض صحة المجتمع","الشعبة":"43867","النشاط":"محاضرة","الساعات":"","الجنس":"ذكر","الحالة":"مغلقة"},{"رقم المقرر":158,"رمز المقرر":"417 تمض","اسم المقرر":"التطبيقات العملية لتمريض صحة المجتمع","الشعبة":"52762","النشاط":"عيادة","الساعات":"3","الجنس":"ذكر","الحالة":"مفتوحة"},{"رقم المقرر":159,"رمز المقرر":"417 تمض","اسم المقرر":"التطبيقات العملية لتمريض صحة المجتمع","الشعبة":"52763","النشاط":"محاضرة","الساعات":"","الجنس":"ذكر","الحالة":"مفتوحة"},{"رقم المقرر":160,"رمز المقرر":"417 تمض","اسم المقرر":"التطبيقات العملية لتمريض صحة المجتمع","الشعبة":"52764","النشاط":"عيادة","الساعات":"3","الجنس":"ذكر","الحالة":"مفتوحة"},{"رقم المقرر":161,"رمز المقرر":"417 تمض","اسم المقرر":"التطبيقات العملية لتمريض صحة المجتمع","الشعبة":"52765","النشاط":"محاضرة","الساعات":"","الجنس":"ذكر","الحالة":"مفتوحة"},{"رقم المقرر":162,"رمز المقرر":"417 تمض","اسم المقرر":"التطبيقات العملية لتمريض صحة المجتمع","الشعبة":"56848","النشاط":"عيادة","الساعات":"3","الجنس":"ذكر","الحالة":"مغلقة"},{"رقم المقرر":163,"رمز المقرر":"417 تمض","اسم المقرر":"التطبيقات العملية لتمريض صحة المجتمع","الشعبة":"56849","النشاط":"محاضرة","الساعات":"","الجنس":"ذكر","الحالة":"مغلقة"},{"رقم المقرر":164,"رمز المقرر":"417 تمض","اسم المقرر":"التطبيقات العملية لتمريض صحة المجتمع","الشعبة":"56850","النشاط":"عيادة","الساعات":"3","الجنس":"ذكر","الحالة":"مغلقة"},{"رقم المقرر":165,"رمز المقرر":"417 تمض","اسم المقرر":"التطبيقات العملية لتمريض صحة المجتمع","الشعبة":"56851","النشاط":"محاضرة","الساعات":"","الجنس":"ذكر","الحالة":"مغلقة"},{"رقم المقرر":166,"رمز المقرر":"417 تمض","اسم المقرر":"التطبيقات العملية لتمريض صحة المجتمع","الشعبة":"56852","النشاط":"عيادة","الساعات":"3","الجنس":"ذكر","الحالة":"مغلقة"},{"رقم المقرر":167,"رمز المقرر":"417 تمض","اسم المقرر":"التطبيقات العملية لتمريض صحة المجتمع","الشعبة":"56853","النشاط":"محاضرة","الساعات":"","الجنس":"ذكر","الحالة":"مغلقة"},{"رقم المقرر":168,"رمز المقرر":"425 تمض","اسم المقرر":"اتخاذ القرار في التطبيقات السريرية","الشعبة":"52773","النشاط":"محاضرة","الساعات":"2","الجنس":"ذكر","الحالة":"مفتوحة"},{"رقم المقرر":169,"رمز المقرر":"430 تمض","اسم المقرر":"قضايا معاصرة في التمريض","الشعبة":"52776","النشاط":"محاضرة","الساعات":"2","الجنس":"ذكر","الحالة":"مفتوحة"},{"رقم المقرر":170,"رمز المقرر":"428 تمض","اسم المقرر":"الإدارة والقيادة في التمريض","الشعبة":"52774","النشاط":"محاضرة","الساعات":"3","الجنس":"ذكر","الحالة":"مفتوحة"},{"رقم المقرر":171,"رمز المقرر":"428 تمض","اسم المقرر":"الإدارة والقيادة في التمريض","الشعبة":"52775","النشاط":"عملي","الساعات":"","الجنس":"ذكر","الحالة":"مفتوحة"},{"رقم المقرر":172,"رمز المقرر":"422 تمض","اسم المقرر":"المهارات المتقدمة في ممارسة التمريض","الشعبة":"52768","النشاط":"عملي","الساعات":"3","الجنس":"ذكر","الحالة":"مغلقة"},{"رقم المقرر":173,"رمز المقرر":"422 تمض","اسم المقرر":"المهارات المتقدمة في ممارسة التمريض","الشعبة":"52769","النشاط":"محاضرة","الساعات":"","الجنس":"ذكر","الحالة":"مغلقة"},{"رقم المقرر":174,"رمز المقرر":"422 تمض","اسم المقرر":"المهارات المتقدمة في ممارسة التمريض","الشعبة":"52770","النشاط":"عملي","الساعات":"3","الجنس":"ذكر","الحالة":"مفتوحة"},{"رقم المقرر":175,"رمز المقرر":"422 تمض","اسم المقرر":"المهارات المتقدمة في ممارسة التمريض","الشعبة":"52771","النشاط":"محاضرة","الساعات":"","الجنس":"ذكر","الحالة":"مفتوحة"},{"رقم المقرر":176,"رمز المقرر":"422 تمض","اسم المقرر":"المهارات المتقدمة في ممارسة التمريض","الشعبة":"60263","النشاط":"عملي","الساعات":"3","الجنس":"ذكر","الحالة":"مفتوحة"},{"رقم المقرر":177,"رمز المقرر":"422 تمض","اسم المقرر":"المهارات المتقدمة في ممارسة التمريض","الشعبة":"60262","النشاط":"محاضرة","الساعات":"","الجنس":"ذكر","الحالة":"مفتوحة"},{"رقم المقرر":178,"رمز المقرر":"422 تمض","اسم المقرر":"المهارات المتقدمة في ممارسة التمريض","الشعبة":"62976","النشاط":"عملي","الساعات":"3","الجنس":"ذكر","الحالة":"مفتوحة"},{"رقم المقرر":179,"رمز المقرر":"422 تمض","اسم المقرر":"المهارات المتقدمة في ممارسة التمريض","الشعبة":"62977","النشاط":"محاضرة","الساعات":"","الجنس":"ذكر","الحالة":"مفتوحة"},{"رقم المقرر":180,"رمز المقرر":"422 تمض","اسم المقرر":"المهارات المتقدمة في ممارسة التمريض","الشعبة":"62978","النشاط":"عملي","الساعات":"3","الجنس":"ذكر","الحالة":"مغلقة"},{"رقم المقرر":181,"رمز المقرر":"422 تمض","اسم المقرر":"المهارات المتقدمة في ممارسة التمريض","الشعبة":"62979","النشاط":"محاضرة","الساعات":"","الجنس":"ذكر","الحالة":"مغلقة"},{"رقم المقرر":182,"رمز المقرر":"422 تمض","اسم المقرر":"المهارات المتقدمة في ممارسة التمريض","الشعبة":"62980","النشاط":"عملي","الساعات":"3","الجنس":"ذكر","الحالة":"مفتوحة"},{"رقم المقرر":183,"رمز المقرر":"422 تمض","اسم المقرر":"المهارات المتقدمة في ممارسة التمريض","الشعبة":"62981","النشاط":"محاضرة","الساعات":"","الجنس":"ذكر","الحالة":"مفتوحة"},{"رقم المقرر":184,"رمز المقرر":"421 تمض","اسم المقرر":"تمريض الرعاية الحرجة","الشعبة":"52767","النشاط":"محاضرة","الساعات":"3","الجنس":"ذكر","الحالة":"مفتوحة"},{"رقم المقرر":185,"رمز المقرر":"424 تمض","اسم المقرر":"تطبيقات المهنية للأدوية","الشعبة":"52772","النشاط":"محاضرة","الساعات":"2","الجنس":"ذكر","الحالة":"مغلقة"},{"رقم المقرر":186,"رمز المقرر":"414 تمض","اسم المقرر":"التطبيقات العملية لتمريض الصحة النفسية","الشعبة":"43863","النشاط":"عملي","الساعات":"3","الجنس":"ذكر","الحالة":"مغلقة"},{"رقم المقرر":187,"رمز المقرر":"414 تمض","اسم المقرر":"التطبيقات العملية لتمريض الصحة النفسية","الشعبة":"43864","النشاط":"محاضرة","الساعات":"","الجنس":"ذكر","الحالة":"مغلقة"},{"رقم المقرر":188,"رمز المقرر":"414 تمض","اسم المقرر":"التطبيقات العملية لتمريض الصحة النفسية","الشعبة":"52757","النشاط":"عملي","الساعات":"3","الجنس":"ذكر","الحالة":"مفتوحة"},{"رقم المقرر":189,"رمز المقرر":"414 تمض","اسم المقرر":"التطبيقات العملية لتمريض الصحة النفسية","الشعبة":"52758","النشاط":"محاضرة","الساعات":"","الجنس":"ذكر","الحالة":"مفتوحة"},{"رقم المقرر":190,"رمز المقرر":"414 تمض","اسم المقرر":"التطبيقات العملية لتمريض الصحة النفسية","الشعبة":"52759","النشاط":"عملي","الساعات":"3","الجنس":"ذكر","الحالة":"مفتوحة"},{"رقم المقرر":191,"رمز المقرر":"414 تمض","اسم المقرر":"التطبيقات العملية لتمريض الصحة النفسية","الشعبة":"52760","النشاط":"محاضرة","الساعات":"","الجنس":"ذكر","الحالة":"مفتوحة"},{"رقم المقرر":192,"رمز المقرر":"414 تمض","اسم المقرر":"التطبيقات العملية لتمريض الصحة النفسية","الشعبة":"56842","النشاط":"عملي","الساعات":"3","الجنس":"ذكر","الحالة":"مغلقة"},{"رقم المقرر":193,"رمز المقرر":"414 تمض","اسم المقرر":"التطبيقات العملية لتمريض الصحة النفسية","الشعبة":"56843","النشاط":"محاضرة","الساعات":"","الجنس":"ذكر","الحالة":"مغلقة"},{"رقم المقرر":194,"رمز المقرر":"414 تمض","اسم المقرر":"التطبيقات العملية لتمريض الصحة النفسية","الشعبة":"56844","النشاط":"عملي","الساعات":"3","الجنس":"ذكر","الحالة":"مغلقة"},{"رقم المقرر":195,"رمز المقرر":"414 تمض","اسم المقرر":"التطبيقات العملية لتمريض الصحة النفسية","الشعبة":"56845","النشاط":"محاضرة","الساعات":"","الجنس":"ذكر","الحالة":"مغلقة"},{"رقم المقرر":196,"رمز المقرر":"414 تمض","اسم المقرر":"التطبيقات العملية لتمريض الصحة النفسية","الشعبة":"56846","النشاط":"عملي","الساعات":"3","الجنس":"ذكر","الحالة":"مغلقة"},{"رقم المقرر":197,"رمز المقرر":"414 تمض","اسم المقرر":"التطبيقات العملية لتمريض الصحة النفسية","الشعبة":"56847","النشاط":"محاضرة","الساعات":"","الجنس":"ذكر","الحالة":"مغلقة"},{"رقم المقرر":198,"رمز المقرر":"413 تمض","اسم المقرر":"تمريض الصحة النفسية","الشعبة":"43862","النشاط":"محاضرة","الساعات":"3","الجنس":"ذكر","الحالة":"مفتوحة"},{"رقم المقرر":199,"رمز المقرر":"413 تمض","اسم المقرر":"تمريض الصحة النفسية","الشعبة":"56826","النشاط":"محاضرة","الساعات":"3","الجنس":"ذكر","الحالة":"مغلقة"},{"رقم المقرر":200,"رمز المقرر":"420 تمض","اسم المقرر":"موضوعات مختارة في مجال التمريض","الشعبة":"52766","النشاط":"محاضرة","الساعات":"2","الجنس":"ذكر","الحالة":"مفتوحة"},{"رقم المقرر":201,"رمز المقرر":"105 سلم","اسم المقرر":"حقوق الإنسان","الشعبة":"43913","النشاط":"محاضرة","الساعات":"2","الجنس":"ذكر","الحالة":"مغلقة"},{"رقم المقرر":202,"رمز المقرر":"105 سلم","اسم المقرر":"حقوق الإنسان","الشعبة":"43914","النشاط":"محاضرة","الساعات":"2","الجنس":"ذكر","الحالة":"مغلقة"},{"رقم المقرر":203,"رمز المقرر":"105 سلم","اسم المقرر":"حقوق الإنسان","الشعبة":"43975","النشاط":"محاضرة","الساعات":"2","الجنس":"ذكر","الحالة":"مغلقة"},{"رقم المقرر":204,"رمز المقرر":"105 سلم","اسم المقرر":"حقوق الإنسان","الشعبة":"44012","النشاط":"محاضرة","الساعات":"2","الجنس":"ذكر","الحالة":"مغلقة"},{"رقم المقرر":205,"رمز المقرر":"105 سلم","اسم المقرر":"حقوق الإنسان","الشعبة":"44014","النشاط":"محاضرة","الساعات":"2","الجنس":"ذكر","الحالة":"مغلقة"},{"رقم المقرر":206,"رمز المقرر":"105 سلم","اسم المقرر":"حقوق الإنسان","الشعبة":"44018","النشاط":"محاضرة","الساعات":"2","الجنس":"ذكر","الحالة":"مغلقة"},{"رقم المقرر":207,"رمز المقرر":"105 سلم","اسم المقرر":"حقوق الإنسان","الشعبة":"44032","النشاط":"محاضرة","الساعات":"2","الجنس":"ذكر","الحالة":"مغلقة"},{"رقم المقرر":208,"رمز المقرر":"105 سلم","اسم المقرر":"حقوق الإنسان","الشعبة":"44133","النشاط":"محاضرة","الساعات":"2","الجنس":"ذكر","الحالة":"مغلقة"},{"رقم المقرر":209,"رمز المقرر":"105 سلم","اسم المقرر":"حقوق الإنسان","الشعبة":"45024","النشاط":"محاضرة","الساعات":"2","الجنس":"ذكر","الحالة":"مفتوحة"},{"رقم المقرر":210,"رمز المقرر":"105 سلم","اسم المقرر":"حقوق الإنسان","الشعبة":"45095","النشاط":"محاضرة","الساعات":"2","الجنس":"ذكر","الحالة":"مغلقة"},{"رقم المقرر":211,"رمز المقرر":"105 سلم","اسم المقرر":"حقوق الإنسان","الشعبة":"45096","النشاط":"محاضرة","الساعات":"2","الجنس":"ذكر","الحالة":"مغلقة"},{"رقم المقرر":212,"رمز المقرر":"105 سلم","اسم المقرر":"حقوق الإنسان","الشعبة":"45233","النشاط":"محاضرة","الساعات":"2","الجنس":"ذكر","الحالة":"مفتوحة"},{"رقم المقرر":213,"رمز المقرر":"105 سلم","اسم المقرر":"حقوق الإنسان","الشعبة":"45854","النشاط":"محاضرة","الساعات":"2","الجنس":"ذكر","الحالة":"مفتوحة"},{"رقم المقرر":214,"رمز المقرر":"105 سلم","اسم المقرر":"حقوق الإنسان","الشعبة":"45855","النشاط":"محاضرة","الساعات":"2","الجنس":"ذكر","الحالة":"مفتوحة"},{"رقم المقرر":215,"رمز المقرر":"105 سلم","اسم المقرر":"حقوق الإنسان","الشعبة":"51661","النشاط":"محاضرة","الساعات":"2","الجنس":"ذكر","الحالة":"مفتوحة"},{"رقم المقرر":216,"رمز المقرر":"105 سلم","اسم المقرر":"حقوق الإنسان","الشعبة":"59357","النشاط":"محاضرة","الساعات":"2","الجنس":"ذكر","الحالة":"مفتوحة"},{"رقم المقرر":217,"رمز المقرر":"105 سلم","اسم المقرر":"حقوق الإنسان","الشعبة":"59659","النشاط":"محاضرة","الساعات":"2","الجنس":"ذكر","الحالة":"مغلقة"},{"رقم المقرر":218,"رمز المقرر":"105 سلم","اسم المقرر":"حقوق الإنسان","الشعبة":"60211","النشاط":"محاضرة","الساعات":"2","الجنس":"ذكر","الحالة":"مغلقة"},{"رقم المقرر":219,"رمز المقرر":"105 سلم","اسم المقرر":"حقوق الإنسان","الشعبة":"60300","النشاط":"محاضرة","الساعات":"2","الجنس":"ذكر","الحالة":"مفتوحة"},{"رقم المقرر":220,"رمز المقرر":"105 سلم","اسم المقرر":"حقوق الإنسان","الشعبة":"60301","النشاط":"محاضرة","الساعات":"2","الجنس":"ذكر","الحالة":"مغلقة"},{"رقم المقرر":221,"رمز المقرر":"105 سلم","اسم المقرر":"حقوق الإنسان","الشعبة":"63085","النشاط":"محاضرة","الساعات":"2","الجنس":"ذكر","الحالة":"مفتوحة"},{"رقم المقرر":222,"رمز المقرر":"105 سلم","اسم المقرر":"حقوق الإنسان","الشعبة":"64892","النشاط":"محاضرة","الساعات":"2","الجنس":"ذكر","الحالة":"مفتوحة"},{"رقم المقرر":223,"رمز المقرر":"105 سلم","اسم المقرر":"حقوق الإنسان","الشعبة":"64893","النشاط":"محاضرة","الساعات":"2","الجنس":"ذكر","الحالة":"مفتوحة"},{"رقم المقرر":224,"رمز المقرر":"312 تمض","اسم المقرر":"مكافحة العدوى في التمريض","الشعبة":"37531","النشاط":"محاضرة","الساعات":"3","الجنس":"ذكر","الحالة":"مفتوحة"},{"رقم المقرر":225,"رمز المقرر":"312 تمض","اسم المقرر":"مكافحة العدوى في التمريض","الشعبة":"62965","النشاط":"محاضرة","الساعات":"3","الجنس":"ذكر","الحالة":"مغلقة"},{"رقم المقرر":226,"رمز المقرر":"102 سلم","اسم المقرر":"الأسرة في الإسلام","الشعبة":"44146","النشاط":"محاضرة","الساعات":"2","الجنس":"ذكر","الحالة":"مغلقة"},{"رقم المقرر":227,"رمز المقرر":"102 سلم","اسم المقرر":"الأسرة في الإسلام","الشعبة":"44319","النشاط":"محاضرة","الساعات":"2","الجنس":"ذكر","الحالة":"مفتوحة"},{"رقم المقرر":228,"رمز المقرر":"102 سلم","اسم المقرر":"الأسرة في الإسلام","الشعبة":"44961","النشاط":"محاضرة","الساعات":"2","الجنس":"ذكر","الحالة":"مفتوحة"},{"رقم المقرر":229,"رمز المقرر":"102 سلم","اسم المقرر":"الأسرة في الإسلام","الشعبة":"45023","النشاط":"محاضرة","الساعات":"2","الجنس":"ذكر","الحالة":"مفتوحة"},{"رقم المقرر":230,"رمز المقرر":"102 سلم","اسم المقرر":"الأسرة في الإسلام","الشعبة":"45678","النشاط":"محاضرة","الساعات":"2","الجنس":"ذكر","الحالة":"مفتوحة"},{"رقم المقرر":231,"رمز المقرر":"102 سلم","اسم المقرر":"الأسرة في الإسلام","الشعبة":"45825","النشاط":"محاضرة","الساعات":"2","الجنس":"ذكر","الحالة":"مغلقة"},{"رقم المقرر":232,"رمز المقرر":"102 سلم","اسم المقرر":"الأسرة في الإسلام","الشعبة":"45973","النشاط":"محاضرة","الساعات":"2","الجنس":"ذكر","الحالة":"مغلقة"},{"رقم المقرر":233,"رمز المقرر":"102 سلم","اسم المقرر":"الأسرة في الإسلام","الشعبة":"45974","النشاط":"محاضرة","الساعات":"2","الجنس":"ذكر","الحالة":"مغلقة"},{"رقم المقرر":234,"رمز المقرر":"102 سلم","اسم المقرر":"الأسرة في الإسلام","الشعبة":"45975","النشاط":"محاضرة","الساعات":"2","الجنس":"ذكر","الحالة":"مغلقة"},{"رقم المقرر":235,"رمز المقرر":"102 سلم","اسم المقرر":"الأسرة في الإسلام","الشعبة":"45978","النشاط":"محاضرة","الساعات":"2","الجنس":"ذكر","الحالة":"مغلقة"},{"رقم المقرر":236,"رمز المقرر":"102 سلم","اسم المقرر":"الأسرة في الإسلام","الشعبة":"45989","النشاط":"محاضرة","الساعات":"2","الجنس":"ذكر","الحالة":"مغلقة"},{"رقم المقرر":237,"رمز المقرر":"102 سلم","اسم المقرر":"الأسرة في الإسلام","الشعبة":"45990","النشاط":"محاضرة","الساعات":"2","الجنس":"ذكر","الحالة":"مفتوحة"},{"رقم المقرر":238,"رمز المقرر":"102 سلم","اسم المقرر":"الأسرة في الإسلام","الشعبة":"46039","النشاط":"محاضرة","الساعات":"2","الجنس":"ذكر","الحالة":"مفتوحة"},{"رقم المقرر":239,"رمز المقرر":"102 سلم","اسم المقرر":"الأسرة في الإسلام","الشعبة":"46040","النشاط":"محاضرة","الساعات":"2","الجنس":"ذكر","الحالة":"مفتوحة"},{"رقم المقرر":240,"رمز المقرر":"102 سلم","اسم المقرر":"الأسرة في الإسلام","الشعبة":"51658","النشاط":"محاضرة","الساعات":"2","الجنس":"ذكر","الحالة":"مفتوحة"},{"رقم المقرر":241,"رمز المقرر":"102 سلم","اسم المقرر":"الأسرة في الإسلام","الشعبة":"56922","النشاط":"محاضرة","الساعات":"2","الجنس":"ذكر","الحالة":"مغلقة"},{"رقم المقرر":242,"رمز المقرر":"102 سلم","اسم المقرر":"الأسرة في الإسلام","الشعبة":"59656","النشاط":"محاضرة","الساعات":"2","الجنس":"ذكر","الحالة":"مغلقة"},{"رقم المقرر":243,"رمز المقرر":"102 سلم","اسم المقرر":"الأسرة في الإسلام","الشعبة":"59662","النشاط":"محاضرة","الساعات":"2","الجنس":"ذكر","الحالة":"مغلقة"},{"رقم المقرر":244,"رمز المقرر":"102 سلم","اسم المقرر":"الأسرة في الإسلام","الشعبة":"59932","النشاط":"محاضرة","الساعات":"2","الجنس":"ذكر","الحالة":"مغلقة"},{"رقم المقرر":245,"رمز المقرر":"102 سلم","اسم المقرر":"الأسرة في الإسلام","الشعبة":"59941","النشاط":"محاضرة","الساعات":"2","الجنس":"ذكر","الحالة":"مغلقة"},{"رقم المقرر":246,"رمز المقرر":"102 سلم","اسم المقرر":"الأسرة في الإسلام","الشعبة":"59942","النشاط":"محاضرة","الساعات":"2","الجنس":"ذكر","الحالة":"مغلقة"},{"رقم المقرر":247,"رمز المقرر":"102 سلم","اسم المقرر":"الأسرة في الإسلام","الشعبة":"59952","النشاط":"محاضرة","الساعات":"2","الجنس":"ذكر","الحالة":"مغلقة"},{"رقم المقرر":248,"رمز المقرر":"102 سلم","اسم المقرر":"الأسرة في الإسلام","الشعبة":"59953","النشاط":"محاضرة","الساعات":"2","الجنس":"ذكر","الحالة":"مغلقة"},{"رقم المقرر":249,"رمز المقرر":"102 سلم","اسم المقرر":"الأسرة في الإسلام","الشعبة":"60208","النشاط":"محاضرة","الساعات":"2","الجنس":"ذكر","الحالة":"مفتوحة"},{"رقم المقرر":250,"رمز المقرر":"120 تمض","اسم المقرر":"مصطلحات طبية","الشعبة":"70016","النشاط":"محاضرة","الساعات":"3","الجنس":"ذكر","الحالة":"مغلقة"},{"رقم المقرر":251,"رمز المقرر":"120 تمض","اسم المقرر":"مصطلحات طبية","الشعبة":"70017","النشاط":"محاضرة","الساعات":"3","الجنس":"ذكر","الحالة":"مغلقة"},{"رقم المقرر":252,"رمز المقرر":"120 تمض","اسم المقرر":"مصطلحات طبية","الشعبة":"70018","النشاط":"محاضرة","الساعات":"3","الجنس":"ذكر","الحالة":"مغلقة"},{"رقم المقرر":253,"رمز المقرر":"210 تمض","اسم المقرر":"مقدمة في مهنة التمريض","الشعبة":"69883","النشاط":"محاضرة","الساعات":"3","الجنس":"ذكر","الحالة":"مفتوحة"},{"رقم المقرر":254,"رمز المقرر":"210 تمض","اسم المقرر":"مقدمة في مهنة التمريض","الشعبة":"69884","النشاط":"محاضرة","الساعات":"3","الجنس":"ذكر","الحالة":"مغلقة"},{"رقم المقرر":255,"رمز المقرر":"210 تمض","اسم المقرر":"مقدمة في مهنة التمريض","الشعبة":"69885","النشاط":"محاضرة","الساعات":"3","الجنس":"ذكر","الحالة":"مفتوحة"},{"رقم المقرر":256,"رمز المقرر":"210 تمض","اسم المقرر":"مقدمة في مهنة التمريض","الشعبة":"69886","النشاط":"محاضرة","الساعات":"3","الجنس":"ذكر","الحالة":"مغلقة"},{"رقم المقرر":257,"رمز المقرر":"215 تمض","اسم المقرر":"أساسيات ممارسة التمريض","الشعبة":"69889","النشاط":"محاضرة","الساعات":"5","الجنس":"ذكر","الحالة":"مغلقة"},{"رقم المقرر":258,"رمز المقرر":"215 تمض","اسم المقرر":"أساسيات ممارسة التمريض","الشعبة":"69890","النشاط":"عملي","الساعات":"","الجنس":"ذكر","الحالة":"مغلقة"},{"رقم المقرر":259,"رمز المقرر":"215 تمض","اسم المقرر":"أساسيات ممارسة التمريض","الشعبة":"72178","النشاط":"عملي","الساعات":"","الجنس":"ذكر","الحالة":"مغلقة"},{"رقم المقرر":260,"رمز المقرر":"215 تمض","اسم المقرر":"أساسيات ممارسة التمريض","الشعبة":"69891","النشاط":"محاضرة","الساعات":"5","الجنس":"ذكر","الحالة":"مفتوحة"},{"رقم المقرر":261,"رمز المقرر":"215 تمض","اسم المقرر":"أساسيات ممارسة التمريض","الشعبة":"69892","النشاط":"عملي","الساعات":"","الجنس":"ذكر","الحالة":"مفتوحة"},{"رقم المقرر":262,"رمز المقرر":"215 تمض","اسم المقرر":"أساسيات ممارسة التمريض","الشعبة":"72170","النشاط":"عملي","الساعات":"","الجنس":"ذكر","الحالة":"مغلقة"},{"رقم المقرر":263,"رمز المقرر":"215 تمض","اسم المقرر":"أساسيات ممارسة التمريض","الشعبة":"72202","النشاط":"عملي","الساعات":"","الجنس":"ذكر","الحالة":"مفتوحة"},{"رقم المقرر":264,"رمز المقرر":"215 تمض","اسم المقرر":"أساسيات ممارسة التمريض","الشعبة":"72176","النشاط":"عملي","الساعات":"","الجنس":"ذكر","الحالة":"مغلقة"},{"رقم المقرر":265,"رمز المقرر":"215 تمض","اسم المقرر":"أساسيات ممارسة التمريض","الشعبة":"69893","النشاط":"محاضرة","الساعات":"5","الجنس":"ذكر","الحالة":"مغلقة"},{"رقم المقرر":266,"رمز المقرر":"215 تمض","اسم المقرر":"أساسيات ممارسة التمريض","الشعبة":"69894","النشاط":"عملي","الساعات":"","الجنس":"ذكر","الحالة":"مغلقة"},{"رقم المقرر":267,"رمز المقرر":"215 تمض","اسم المقرر":"أساسيات ممارسة التمريض","الشعبة":"69895","النشاط":"محاضرة","الساعات":"5","الجنس":"ذكر","الحالة":"مغلقة"},{"رقم المقرر":268,"رمز المقرر":"215 تمض","اسم المقرر":"أساسيات ممارسة التمريض","الشعبة":"69896","النشاط":"عملي","الساعات":"","الجنس":"ذكر","الحالة":"مغلقة"},{"رقم المقرر":269,"رمز المقرر":"215 تمض","اسم المقرر":"أساسيات ممارسة التمريض","الشعبة":"72173","النشاط":"عملي","الساعات":"","الجنس":"ذكر","الحالة":"مغلقة"},{"رقم المقرر":270,"رمز المقرر":"215 تمض","اسم المقرر":"أساسيات ممارسة التمريض","الشعبة":"72177","النشاط":"عملي","الساعات":"","الجنس":"ذكر","الحالة":"مغلقة"},{"رقم المقرر":271,"رمز المقرر":"218 تمض","اسم المقرر":"علم الاحياء الدقيقة في التمريض","الشعبة":"69897","النشاط":"محاضرة","الساعات":"2","الجنس":"ذكر","الحالة":"مغلقة"},{"رقم المقرر":272,"رمز المقرر":"218 تمض","اسم المقرر":"علم الاحياء الدقيقة في التمريض","الشعبة":"69898","النشاط":"محاضرة","الساعات":"2","الجنس":"ذكر","الحالة":"مفتوحة"},{"رقم المقرر":273,"رمز المقرر":"218 تمض","اسم المقرر":"علم الاحياء الدقيقة في التمريض","الشعبة":"69899","النشاط":"محاضرة","الساعات":"2","الجنس":"ذكر","الحالة":"مفتوحة"},{"رقم المقرر":274,"رمز المقرر":"218 تمض","اسم المقرر":"علم الاحياء الدقيقة في التمريض","الشعبة":"69900","النشاط":"محاضرة","الساعات":"2","الجنس":"ذكر","الحالة":"مفتوحة"}]