[{"رقم المقرر":1,"رمز المقرر":"452 جرح","اسم المقرر":"جراحة العظام","الشعبة":"37125","النشاط":"محاضرة","الساعات":"6","الجنس":"ذكر","الحالة":"مفتوحة"},{"رقم المقرر":2,"رمز المقرر":"452 جرح","اسم المقرر":"جراحة العظام","الشعبة":"37126","النشاط":"عملي","الساعات":"","الجنس":"ذكر","الحالة":"مفتوحة"},{"رقم المقرر":3,"رمز المقرر":"452 جرح","اسم المقرر":"جراحة العظام","الشعبة":"42229","النشاط":"محاضرة","الساعات":"6","الجنس":"ذكر","الحالة":"مفتوحة"},{"رقم المقرر":4,"رمز المقرر":"452 جرح","اسم المقرر":"جراحة العظام","الشعبة":"42230","النشاط":"عملي","الساعات":"","الجنس":"ذكر","الحالة":"مفتوحة"},{"رقم المقرر":5,"رمز المقرر":"452 جرح","اسم المقرر":"جراحة العظام","الشعبة":"42231","النشاط":"محاضرة","الساعات":"6","الجنس":"ذكر","الحالة":"مفتوحة"},{"رقم المقرر":6,"رمز المقرر":"452 جرح","اسم المقرر":"جراحة العظام","الشعبة":"42232","النشاط":"عملي","الساعات":"","الجنس":"ذكر","الحالة":"مفتوحة"},{"رقم المقرر":7,"رمز المقرر":"452 جرح","اسم المقرر":"جراحة العظام","الشعبة":"42234","النشاط":"محاضرة","الساعات":"6","الجنس":"ذكر","الحالة":"مفتوحة"},{"رقم المقرر":8,"رمز المقرر":"452 جرح","اسم المقرر":"جراحة العظام","الشعبة":"42233","النشاط":"عملي","الساعات":"","الجنس":"ذكر","الحالة":"مفتوحة"},{"رقم المقرر":9,"رمز المقرر":"452 جرح","اسم المقرر":"جراحة العظام","الشعبة":"42237","النشاط":"محاضرة","الساعات":"6","الجنس":"ذكر","الحالة":"مفتوحة"},{"رقم المقرر":10,"رمز المقرر":"452 جرح","اسم المقرر":"جراحة العظام","الشعبة":"42238","النشاط":"عملي","الساعات":"","الجنس":"ذكر","الحالة":"مفتوحة"},{"رقم المقرر":11,"رمز المقرر":"432 عين","اسم المقرر":"امراض العيون","الشعبة":"37127","النشاط":"محاضرة","الساعات":"4","الجنس":"ذكر","الحالة":"مفتوحة"},{"رقم المقرر":12,"رمز المقرر":"432 عين","اسم المقرر":"امراض العيون","الشعبة":"37128","النشاط":"عملي","الساعات":"","الجنس":"ذكر","الحالة":"مفتوحة"},{"رقم المقرر":13,"رمز المقرر":"432 عين","اسم المقرر":"امراض العيون","الشعبة":"37129","النشاط":"محاضرة","الساعات":"4","الجنس":"ذكر","الحالة":"مفتوحة"},{"رقم المقرر":14,"رمز المقرر":"432 عين","اسم المقرر":"امراض العيون","الشعبة":"37130","النشاط":"عملي","الساعات":"","الجنس":"ذكر","الحالة":"مفتوحة"},{"رقم المقرر":15,"رمز المقرر":"432 عين","اسم المقرر":"امراض العيون","الشعبة":"37131","النشاط":"محاضرة","الساعات":"4","الجنس":"ذكر","الحالة":"مفتوحة"},{"رقم المقرر":16,"رمز المقرر":"432 عين","اسم المقرر":"امراض العيون","الشعبة":"37132","النشاط":"عملي","الساعات":"","الجنس":"ذكر","الحالة":"مفتوحة"},{"رقم المقرر":17,"رمز المقرر":"432 عين","اسم المقرر":"امراض العيون","الشعبة":"37133","النشاط":"محاضرة","الساعات":"4","الجنس":"ذكر","الحالة":"مفتوحة"},{"رقم المقرر":18,"رمز المقرر":"432 عين","اسم المقرر":"امراض العيون","الشعبة":"37134","النشاط":"عملي","الساعات":"","الجنس":"ذكر","الحالة":"مفتوحة"},{"رقم المقرر":19,"رمز المقرر":"432 عين","اسم المقرر":"امراض العيون","الشعبة":"37184","النشاط":"محاضرة","الساعات":"4","الجنس":"ذكر","الحالة":"مفتوحة"},{"رقم المقرر":20,"رمز المقرر":"432 عين","اسم المقرر":"امراض العيون","الشعبة":"37185","النشاط":"عملي","الساعات":"","الجنس":"ذكر","الحالة":"مفتوحة"},{"رقم المقرر":21,"رمز المقرر":"311 طبع","اسم المقرر":"علم  طب المجتمع","الشعبة":"33228","النشاط":"محاضرة","الساعات":"4","الجنس":"ذكر","الحالة":"مفتوحة"},{"رقم المقرر":22,"رمز المقرر":"311 طبع","اسم المقرر":"علم  طب المجتمع","الشعبة":"33229","النشاط":"محاضرة","الساعات":"4","الجنس":"ذكر","الحالة":"مفتوحة"},{"رقم المقرر":23,"رمز المقرر":"321 شرع","اسم المقرر":"الطب الشرعي والسموم","الشعبة":"33230","النشاط":"محاضرة","الساعات":"2","الجنس":"ذكر","الحالة":"مفتوحة"},{"رقم المقرر":24,"رمز المقرر":"321 شرع","اسم المقرر":"الطب الشرعي والسموم","الشعبة":"33232","النشاط":"محاضرة","الساعات":"2","الجنس":"ذكر","الحالة":"مفتوحة"},{"رقم المقرر":25,"رمز المقرر":"395 كطب","اسم المقرر":"اخلاقيات الطبيب المسلم","الشعبة":"33233","النشاط":"محاضرة","الساعات":"3","الجنس":"ذكر","الحالة":"مفتوحة"},{"رقم المقرر":26,"رمز المقرر":"395 كطب","اسم المقرر":"اخلاقيات الطبيب المسلم","الشعبة":"33235","النشاط":"محاضرة","الساعات":"3","الجنس":"ذكر","الحالة":"مفتوحة"},{"رقم المقرر":27,"رمز المقرر":"341 طبب","اسم المقرر":"الامراض الباطنية","الشعبة":"33384","النشاط":"محاضرة","الساعات":"10","الجنس":"ذكر","الحالة":"مفتوحة"},{"رقم المقرر":28,"رمز المقرر":"341 طبب","اسم المقرر":"الامراض الباطنية","الشعبة":"33385","النشاط":"عملي","الساعات":"","الجنس":"ذكر","الحالة":"مفتوحة"},{"رقم المقرر":29,"رمز المقرر":"341 طبب","اسم المقرر":"الامراض الباطنية","الشعبة":"33404","النشاط":"محاضرة","الساعات":"10","الجنس":"ذكر","الحالة":"مفتوحة"},{"رقم المقرر":30,"رمز المقرر":"341 طبب","اسم المقرر":"الامراض الباطنية","الشعبة":"33405","النشاط":"عملي","الساعات":"","الجنس":"ذكر","الحالة":"مفتوحة"},{"رقم المقرر":31,"رمز المقرر":"351 جرح","اسم المقرر":"الامراض الجراحية","الشعبة":"33392","النشاط":"محاضرة","الساعات":"8","الجنس":"ذكر","الحالة":"مفتوحة"},{"رقم المقرر":32,"رمز المقرر":"351 جرح","اسم المقرر":"الامراض الجراحية","الشعبة":"33393","النشاط":"عملي","الساعات":"","الجنس":"ذكر","الحالة":"مفتوحة"},{"رقم المقرر":33,"رمز المقرر":"351 جرح","اسم المقرر":"الامراض الجراحية","الشعبة":"33410","النشاط":"محاضرة","الساعات":"8","الجنس":"ذكر","الحالة":"مفتوحة"},{"رقم المقرر":34,"رمز المقرر":"351 جرح","اسم المقرر":"الامراض الجراحية","الشعبة":"33411","النشاط":"عملي","الساعات":"","الجنس":"ذكر","الحالة":"مفتوحة"},{"رقم المقرر":35,"رمز المقرر":"421 طبع","اسم المقرر":"الرعاية الصحية الاولية","الشعبة":"37135","النشاط":"محاضرة","الساعات":"6","الجنس":"ذكر","الحالة":"مفتوحة"},{"رقم المقرر":36,"رمز المقرر":"421 طبع","اسم المقرر":"الرعاية الصحية الاولية","الشعبة":"37136","النشاط":"عملي","الساعات":"","الجنس":"ذكر","الحالة":"مفتوحة"},{"رقم المقرر":37,"رمز المقرر":"421 طبع","اسم المقرر":"الرعاية الصحية الاولية","الشعبة":"37137","النشاط":"محاضرة","الساعات":"6","الجنس":"ذكر","الحالة":"مفتوحة"},{"رقم المقرر":38,"رمز المقرر":"421 طبع","اسم المقرر":"الرعاية الصحية الاولية","الشعبة":"37138","النشاط":"عملي","الساعات":"","الجنس":"ذكر","الحالة":"مفتوحة"},{"رقم المقرر":39,"رمز المقرر":"421 طبع","اسم المقرر":"الرعاية الصحية الاولية","الشعبة":"37139","النشاط":"محاضرة","الساعات":"6","الجنس":"ذكر","الحالة":"مفتوحة"},{"رقم المقرر":40,"رمز المقرر":"421 طبع","اسم المقرر":"الرعاية الصحية الاولية","الشعبة":"37140","النشاط":"عملي","الساعات":"","الجنس":"ذكر","الحالة":"مفتوحة"},{"رقم المقرر":41,"رمز المقرر":"421 طبع","اسم المقرر":"الرعاية الصحية الاولية","الشعبة":"37141","النشاط":"محاضرة","الساعات":"6","الجنس":"ذكر","الحالة":"مفتوحة"},{"رقم المقرر":42,"رمز المقرر":"421 طبع","اسم المقرر":"الرعاية الصحية الاولية","الشعبة":"37142","النشاط":"عملي","الساعات":"","الجنس":"ذكر","الحالة":"مفتوحة"},{"رقم المقرر":43,"رمز المقرر":"421 طبع","اسم المقرر":"الرعاية الصحية الاولية","الشعبة":"42268","النشاط":"محاضرة","الساعات":"6","الجنس":"ذكر","الحالة":"مفتوحة"},{"رقم المقرر":44,"رمز المقرر":"421 طبع","اسم المقرر":"الرعاية الصحية الاولية","الشعبة":"42269","النشاط":"عملي","الساعات":"","الجنس":"ذكر","الحالة":"مفتوحة"},{"رقم المقرر":45,"رمز المقرر":"462 طنف","اسم المقرر":"الطب النفسي","الشعبة":"37143","النشاط":"محاضرة","الساعات":"4","الجنس":"ذكر","الحالة":"مفتوحة"},{"رقم المقرر":46,"رمز المقرر":"462 طنف","اسم المقرر":"الطب النفسي","الشعبة":"37144","النشاط":"عملي","الساعات":"","الجنس":"ذكر","الحالة":"مفتوحة"},{"رقم المقرر":47,"رمز المقرر":"462 طنف","اسم المقرر":"الطب النفسي","الشعبة":"37145","النشاط":"محاضرة","الساعات":"4","الجنس":"ذكر","الحالة":"مفتوحة"},{"رقم المقرر":48,"رمز المقرر":"462 طنف","اسم المقرر":"الطب النفسي","الشعبة":"37146","النشاط":"عملي","الساعات":"","الجنس":"ذكر","الحالة":"مفتوحة"},{"رقم المقرر":49,"رمز المقرر":"462 طنف","اسم المقرر":"الطب النفسي","الشعبة":"37147","النشاط":"محاضرة","الساعات":"4","الجنس":"ذكر","الحالة":"مفتوحة"},{"رقم المقرر":50,"رمز المقرر":"462 طنف","اسم المقرر":"الطب النفسي","الشعبة":"37148","النشاط":"عملي","الساعات":"","الجنس":"ذكر","الحالة":"مفتوحة"},{"رقم المقرر":51,"رمز المقرر":"462 طنف","اسم المقرر":"الطب النفسي","الشعبة":"37149","النشاط":"محاضرة","الساعات":"4","الجنس":"ذكر","الحالة":"مفتوحة"},{"رقم المقرر":52,"رمز المقرر":"462 طنف","اسم المقرر":"الطب النفسي","الشعبة":"37150","النشاط":"عملي","الساعات":"","الجنس":"ذكر","الحالة":"مفتوحة"},{"رقم المقرر":53,"رمز المقرر":"462 طنف","اسم المقرر":"الطب النفسي","الشعبة":"37187","النشاط":"محاضرة","الساعات":"4","الجنس":"ذكر","الحالة":"مفتوحة"},{"رقم المقرر":54,"رمز المقرر":"462 طنف","اسم المقرر":"الطب النفسي","الشعبة":"37188","النشاط":"عملي","الساعات":"","الجنس":"ذكر","الحالة":"مفتوحة"},{"رقم المقرر":55,"رمز المقرر":"145 احص","اسم المقرر":"الإحصاء الحيوي","الشعبة":"71336","النشاط":"محاضرة","الساعات":"2","الجنس":"ذكر","الحالة":"مغلقة"},{"رقم المقرر":56,"رمز المقرر":"145 نجم","اسم المقرر":"اللغة الإنجليزية للأغراض الصحية","الشعبة":"68649","النشاط":"محاضرة","الساعات":"8","الجنس":"ذكر","الحالة":"مفتوحة"},{"رقم المقرر":57,"رمز المقرر":"101 مهر","اسم المقرر":"مهارات التعلم","الشعبة":"28683","النشاط":"محاضرة","الساعات":"2","الجنس":"ذكر","الحالة":"مفتوحة"},{"رقم المقرر":58,"رمز المقرر":"101 مهر","اسم المقرر":"مهارات التعلم","الشعبة":"28686","النشاط":"محاضرة","الساعات":"2","الجنس":"ذكر","الحالة":"مفتوحة"},{"رقم المقرر":59,"رمز المقرر":"111 اسس","اسم المقرر":"مقدمة في العلوم الطبية الأساسية","الشعبة":"28692","النشاط":"محاضرة","الساعات":"10","الجنس":"ذكر","الحالة":"مفتوحة"},{"رقم المقرر":60,"رمز المقرر":"111 اسس","اسم المقرر":"مقدمة في العلوم الطبية الأساسية","الشعبة":"36515","النشاط":"عملي","الساعات":"","الجنس":"ذكر","الحالة":"مفتوحة"},{"رقم المقرر":61,"رمز المقرر":"111 اسس","اسم المقرر":"مقدمة في العلوم الطبية الأساسية","الشعبة":"28693","النشاط":"محاضرة","الساعات":"10","الجنس":"ذكر","الحالة":"مفتوحة"},{"رقم المقرر":62,"رمز المقرر":"111 اسس","اسم المقرر":"مقدمة في العلوم الطبية الأساسية","الشعبة":"36525","النشاط":"عملي","الساعات":"","الجنس":"ذكر","الحالة":"مفتوحة"},{"رقم المقرر":63,"رمز المقرر":"113 قلب","اسم المقرر":"الجهاز الدوري والقلب","الشعبة":"28698","النشاط":"محاضرة","الساعات":"7","الجنس":"ذكر","الحالة":"مفتوحة"},{"رقم المقرر":64,"رمز المقرر":"113 قلب","اسم المقرر":"الجهاز الدوري والقلب","الشعبة":"36519","النشاط":"عملي","الساعات":"","الجنس":"ذكر","الحالة":"مفتوحة"},{"رقم المقرر":65,"رمز المقرر":"113 قلب","اسم المقرر":"الجهاز الدوري والقلب","الشعبة":"28699","النشاط":"محاضرة","الساعات":"7","الجنس":"ذكر","الحالة":"مفتوحة"},{"رقم المقرر":66,"رمز المقرر":"113 قلب","اسم المقرر":"الجهاز الدوري والقلب","الشعبة":"36530","النشاط":"عملي","الساعات":"","الجنس":"ذكر","الحالة":"مفتوحة"},{"رقم المقرر":67,"رمز المقرر":"113 قلب","اسم المقرر":"الجهاز الدوري والقلب","الشعبة":"59015","النشاط":"محاضرة","الساعات":"7","الجنس":"ذكر","الحالة":"مفتوحة"},{"رقم المقرر":68,"رمز المقرر":"113 قلب","اسم المقرر":"الجهاز الدوري والقلب","الشعبة":"59016","النشاط":"عملي","الساعات":"","الجنس":"ذكر","الحالة":"مفتوحة"},{"رقم المقرر":69,"رمز المقرر":"114 كلى","اسم المقرر":"الجهاز البولي والكلى","الشعبة":"28700","النشاط":"محاضرة","الساعات":"4","الجنس":"ذكر","الحالة":"مفتوحة"},{"رقم المقرر":70,"رمز المقرر":"114 كلى","اسم المقرر":"الجهاز البولي والكلى","الشعبة":"36521","النشاط":"عملي","الساعات":"","الجنس":"ذكر","الحالة":"مفتوحة"},{"رقم المقرر":71,"رمز المقرر":"114 كلى","اسم المقرر":"الجهاز البولي والكلى","الشعبة":"28701","النشاط":"محاضرة","الساعات":"4","الجنس":"ذكر","الحالة":"مفتوحة"},{"رقم المقرر":72,"رمز المقرر":"114 كلى","اسم المقرر":"الجهاز البولي والكلى","الشعبة":"36532","النشاط":"عملي","الساعات":"","الجنس":"ذكر","الحالة":"مفتوحة"},{"رقم المقرر":73,"رمز المقرر":"114 كلى","اسم المقرر":"الجهاز البولي والكلى","الشعبة":"58940","النشاط":"محاضرة","الساعات":"4","الجنس":"ذكر","الحالة":"مفتوحة"},{"رقم المقرر":74,"رمز المقرر":"114 كلى","اسم المقرر":"الجهاز البولي والكلى","الشعبة":"58941","النشاط":"عملي","الساعات":"","الجنس":"ذكر","الحالة":"مفتوحة"},{"رقم المقرر":75,"رمز المقرر":"115 حرك","اسم المقرر":"الجهاز الحركي","الشعبة":"28704","النشاط":"محاضرة","الساعات":"6","الجنس":"ذكر","الحالة":"مفتوحة"},{"رقم المقرر":76,"رمز المقرر":"115 حرك","اسم المقرر":"الجهاز الحركي","الشعبة":"36523","النشاط":"عملي","الساعات":"","الجنس":"ذكر","الحالة":"مفتوحة"},{"رقم المقرر":77,"رمز المقرر":"115 حرك","اسم المقرر":"الجهاز الحركي","الشعبة":"28705","النشاط":"محاضرة","الساعات":"6","الجنس":"ذكر","الحالة":"مفتوحة"},{"رقم المقرر":78,"رمز المقرر":"115 حرك","اسم المقرر":"الجهاز الحركي","الشعبة":"36534","النشاط":"عملي","الساعات":"","الجنس":"ذكر","الحالة":"مفتوحة"},{"رقم المقرر":79,"رمز المقرر":"112 صدر","اسم المقرر":"الجهاز التنفسي","الشعبة":"28694","النشاط":"محاضرة","الساعات":"4","الجنس":"ذكر","الحالة":"مفتوحة"},{"رقم المقرر":80,"رمز المقرر":"112 صدر","اسم المقرر":"الجهاز التنفسي","الشعبة":"36517","النشاط":"عملي","الساعات":"","الجنس":"ذكر","الحالة":"مفتوحة"},{"رقم المقرر":81,"رمز المقرر":"112 صدر","اسم المقرر":"الجهاز التنفسي","الشعبة":"28695","النشاط":"محاضرة","الساعات":"4","الجنس":"ذكر","الحالة":"مفتوحة"},{"رقم المقرر":82,"رمز المقرر":"112 صدر","اسم المقرر":"الجهاز التنفسي","الشعبة":"36527","النشاط":"عملي","الساعات":"","الجنس":"ذكر","الحالة":"مفتوحة"},{"رقم المقرر":83,"رمز المقرر":"112 صدر","اسم المقرر":"الجهاز التنفسي","الشعبة":"59034","النشاط":"محاضرة","الساعات":"4","الجنس":"ذكر","الحالة":"مفتوحة"},{"رقم المقرر":84,"رمز المقرر":"112 صدر","اسم المقرر":"الجهاز التنفسي","الشعبة":"59035","النشاط":"عملي","الساعات":"","الجنس":"ذكر","الحالة":"مفتوحة"},{"رقم المقرر":85,"رمز المقرر":"106 سلم","اسم المقرر":"الفقه الطبي","الشعبة":"42773","النشاط":"محاضرة","الساعات":"2","الجنس":"ذكر","الحالة":"مفتوحة"},{"رقم المقرر":86,"رمز المقرر":"106 سلم","اسم المقرر":"الفقه الطبي","الشعبة":"42774","النشاط":"محاضرة","الساعات":"2","الجنس":"ذكر","الحالة":"مفتوحة"},{"رقم المقرر":87,"رمز المقرر":"106 سلم","اسم المقرر":"الفقه الطبي","الشعبة":"44134","النشاط":"محاضرة","الساعات":"2","الجنس":"ذكر","الحالة":"مفتوحة"},{"رقم المقرر":88,"رمز المقرر":"106 سلم","اسم المقرر":"الفقه الطبي","الشعبة":"44307","النشاط":"محاضرة","الساعات":"2","الجنس":"ذكر","الحالة":"مفتوحة"},{"رقم المقرر":89,"رمز المقرر":"106 سلم","اسم المقرر":"الفقه الطبي","الشعبة":"44308","النشاط":"محاضرة","الساعات":"2","الجنس":"ذكر","الحالة":"مفتوحة"},{"رقم المقرر":90,"رمز المقرر":"106 سلم","اسم المقرر":"الفقه الطبي","الشعبة":"44309","النشاط":"محاضرة","الساعات":"2","الجنس":"ذكر","الحالة":"مغلقة"},{"رقم المقرر":91,"رمز المقرر":"106 سلم","اسم المقرر":"الفقه الطبي","الشعبة":"44310","النشاط":"محاضرة","الساعات":"2","الجنس":"ذكر","الحالة":"مفتوحة"},{"رقم المقرر":92,"رمز المقرر":"106 سلم","اسم المقرر":"الفقه الطبي","الشعبة":"45025","النشاط":"محاضرة","الساعات":"2","الجنس":"ذكر","الحالة":"مفتوحة"},{"رقم المقرر":93,"رمز المقرر":"106 سلم","اسم المقرر":"الفقه الطبي","الشعبة":"45235","النشاط":"محاضرة","الساعات":"2","الجنس":"ذكر","الحالة":"مفتوحة"},{"رقم المقرر":94,"رمز المقرر":"106 سلم","اسم المقرر":"الفقه الطبي","الشعبة":"51665","النشاط":"محاضرة","الساعات":"2","الجنس":"ذكر","الحالة":"مغلقة"},{"رقم المقرر":95,"رمز المقرر":"106 سلم","اسم المقرر":"الفقه الطبي","الشعبة":"53083","النشاط":"محاضرة","الساعات":"2","الجنس":"ذكر","الحالة":"مغلقة"},{"رقم المقرر":96,"رمز المقرر":"106 سلم","اسم المقرر":"الفقه الطبي","الشعبة":"60226","النشاط":"محاضرة","الساعات":"2","الجنس":"ذكر","الحالة":"مفتوحة"},{"رقم المقرر":97,"رمز المقرر":"225 غدد","اسم المقرر":"جهاز الغدد الصماء","الشعبة":"30863","النشاط":"محاضرة","الساعات":"6","الجنس":"ذكر","الحالة":"مفتوحة"},{"رقم المقرر":98,"رمز المقرر":"225 غدد","اسم المقرر":"جهاز الغدد الصماء","الشعبة":"36544","النشاط":"عملي","الساعات":"","الجنس":"ذكر","الحالة":"مفتوحة"},{"رقم المقرر":99,"رمز المقرر":"225 غدد","اسم المقرر":"جهاز الغدد الصماء","الشعبة":"30864","النشاط":"محاضرة","الساعات":"6","الجنس":"ذكر","الحالة":"مفتوحة"},{"رقم المقرر":100,"رمز المقرر":"225 غدد","اسم المقرر":"جهاز الغدد الصماء","الشعبة":"36546","النشاط":"عملي","الساعات":"","الجنس":"ذكر","الحالة":"مفتوحة"},{"رقم المقرر":101,"رمز المقرر":"223 هضم","اسم المقرر":"الجهاز الهضمي والتغذية","الشعبة":"30859","النشاط":"محاضرة","الساعات":"4","الجنس":"ذكر","الحالة":"مفتوحة"},{"رقم المقرر":102,"رمز المقرر":"223 هضم","اسم المقرر":"الجهاز الهضمي والتغذية","الشعبة":"36540","النشاط":"عملي","الساعات":"","الجنس":"ذكر","الحالة":"مفتوحة"},{"رقم المقرر":103,"رمز المقرر":"223 هضم","اسم المقرر":"الجهاز الهضمي والتغذية","الشعبة":"30860","النشاط":"محاضرة","الساعات":"4","الجنس":"ذكر","الحالة":"مغلقة"},{"رقم المقرر":104,"رمز المقرر":"223 هضم","اسم المقرر":"الجهاز الهضمي والتغذية","الشعبة":"36542","النشاط":"عملي","الساعات":"","الجنس":"ذكر","الحالة":"مغلقة"},{"رقم المقرر":105,"رمز المقرر":"222 عصب","اسم المقرر":"الجهاز العصبي و النفسي","الشعبة":"30857","النشاط":"محاضرة","الساعات":"12","الجنس":"ذكر","الحالة":"مفتوحة"},{"رقم المقرر":106,"رمز المقرر":"222 عصب","اسم المقرر":"الجهاز العصبي و النفسي","الشعبة":"36536","النشاط":"عملي","الساعات":"","الجنس":"ذكر","الحالة":"مفتوحة"},{"رقم المقرر":107,"رمز المقرر":"222 عصب","اسم المقرر":"الجهاز العصبي و النفسي","الشعبة":"30858","النشاط":"محاضرة","الساعات":"12","الجنس":"ذكر","الحالة":"مفتوحة"},{"رقم المقرر":108,"رمز المقرر":"222 عصب","اسم المقرر":"الجهاز العصبي و النفسي","الشعبة":"36538","النشاط":"عملي","الساعات":"","الجنس":"ذكر","الحالة":"مفتوحة"},{"رقم المقرر":109,"رمز المقرر":"224 نسل","اسم المقرر":"الجهاز التناسلي","الشعبة":"30861","النشاط":"محاضرة","الساعات":"6","الجنس":"ذكر","الحالة":"مفتوحة"},{"رقم المقرر":110,"رمز المقرر":"224 نسل","اسم المقرر":"الجهاز التناسلي","الشعبة":"36548","النشاط":"عملي","الساعات":"","الجنس":"ذكر","الحالة":"مفتوحة"},{"رقم المقرر":111,"رمز المقرر":"224 نسل","اسم المقرر":"الجهاز التناسلي","الشعبة":"30862","النشاط":"محاضرة","الساعات":"6","الجنس":"ذكر","الحالة":"مفتوحة"},{"رقم المقرر":112,"رمز المقرر":"224 نسل","اسم المقرر":"الجهاز التناسلي","الشعبة":"36550","النشاط":"عملي","الساعات":"","الجنس":"ذكر","الحالة":"مفتوحة"},{"رقم المقرر":113,"رمز المقرر":"221 مهر","اسم المقرر":"المهنية الطبية","الشعبة":"30855","النشاط":"محاضرة","الساعات":"6","الجنس":"ذكر","الحالة":"مفتوحة"},{"رقم المقرر":114,"رمز المقرر":"221 مهر","اسم المقرر":"المهنية الطبية","الشعبة":"30856","النشاط":"محاضرة","الساعات":"6","الجنس":"ذكر","الحالة":"مفتوحة"},{"رقم المقرر":115,"رمز المقرر":"107 سلم","اسم المقرر":"اخلاقيات المهنة","الشعبة":"44120","النشاط":"محاضرة","الساعات":"2","الجنس":"ذكر","الحالة":"مفتوحة"},{"رقم المقرر":116,"رمز المقرر":"107 سلم","اسم المقرر":"اخلاقيات المهنة","الشعبة":"44135","النشاط":"محاضرة","الساعات":"2","الجنس":"ذكر","الحالة":"مغلقة"},{"رقم المقرر":117,"رمز المقرر":"107 سلم","اسم المقرر":"اخلاقيات المهنة","الشعبة":"44154","النشاط":"محاضرة","الساعات":"2","الجنس":"ذكر","الحالة":"مغلقة"},{"رقم المقرر":118,"رمز المقرر":"107 سلم","اسم المقرر":"اخلاقيات المهنة","الشعبة":"44295","النشاط":"محاضرة","الساعات":"2","الجنس":"ذكر","الحالة":"مفتوحة"},{"رقم المقرر":119,"رمز المقرر":"107 سلم","اسم المقرر":"اخلاقيات المهنة","الشعبة":"44296","النشاط":"محاضرة","الساعات":"2","الجنس":"ذكر","الحالة":"مغلقة"},{"رقم المقرر":120,"رمز المقرر":"107 سلم","اسم المقرر":"اخلاقيات المهنة","الشعبة":"44297","النشاط":"محاضرة","الساعات":"2","الجنس":"ذكر","الحالة":"مفتوحة"},{"رقم المقرر":121,"رمز المقرر":"107 سلم","اسم المقرر":"اخلاقيات المهنة","الشعبة":"44298","النشاط":"محاضرة","الساعات":"2","الجنس":"ذكر","الحالة":"مفتوحة"},{"رقم المقرر":122,"رمز المقرر":"107 سلم","اسم المقرر":"اخلاقيات المهنة","الشعبة":"44299","النشاط":"محاضرة","الساعات":"2","الجنس":"ذكر","الحالة":"مغلقة"},{"رقم المقرر":123,"رمز المقرر":"107 سلم","اسم المقرر":"اخلاقيات المهنة","الشعبة":"44300","النشاط":"محاضرة","الساعات":"2","الجنس":"ذكر","الحالة":"مغلقة"},{"رقم المقرر":124,"رمز المقرر":"107 سلم","اسم المقرر":"اخلاقيات المهنة","الشعبة":"45027","النشاط":"محاضرة","الساعات":"2","الجنس":"ذكر","الحالة":"مفتوحة"},{"رقم المقرر":125,"رمز المقرر":"107 سلم","اسم المقرر":"اخلاقيات المهنة","الشعبة":"45098","النشاط":"محاضرة","الساعات":"2","الجنس":"ذكر","الحالة":"مغلقة"},{"رقم المقرر":126,"رمز المقرر":"107 سلم","اسم المقرر":"اخلاقيات المهنة","الشعبة":"45228","النشاط":"محاضرة","الساعات":"2","الجنس":"ذكر","الحالة":"مفتوحة"},{"رقم المقرر":127,"رمز المقرر":"107 سلم","اسم المقرر":"اخلاقيات المهنة","الشعبة":"45232","النشاط":"محاضرة","الساعات":"2","الجنس":"ذكر","الحالة":"مفتوحة"},{"رقم المقرر":128,"رمز المقرر":"107 سلم","اسم المقرر":"اخلاقيات المهنة","الشعبة":"45682","النشاط":"محاضرة","الساعات":"2","الجنس":"ذكر","الحالة":"مغلقة"},{"رقم المقرر":129,"رمز المقرر":"107 سلم","اسم المقرر":"اخلاقيات المهنة","الشعبة":"45808","النشاط":"محاضرة","الساعات":"2","الجنس":"ذكر","الحالة":"مفتوحة"},{"رقم المقرر":130,"رمز المقرر":"107 سلم","اسم المقرر":"اخلاقيات المهنة","الشعبة":"45810","النشاط":"محاضرة","الساعات":"2","الجنس":"ذكر","الحالة":"مغلقة"},{"رقم المقرر":131,"رمز المقرر":"107 سلم","اسم المقرر":"اخلاقيات المهنة","الشعبة":"45811","النشاط":"محاضرة","الساعات":"2","الجنس":"ذكر","الحالة":"مغلقة"},{"رقم المقرر":132,"رمز المقرر":"107 سلم","اسم المقرر":"اخلاقيات المهنة","الشعبة":"45812","النشاط":"محاضرة","الساعات":"2","الجنس":"ذكر","الحالة":"مغلقة"},{"رقم المقرر":133,"رمز المقرر":"107 سلم","اسم المقرر":"اخلاقيات المهنة","الشعبة":"45813","النشاط":"محاضرة","الساعات":"2","الجنس":"ذكر","الحالة":"مفتوحة"},{"رقم المقرر":134,"رمز المقرر":"107 سلم","اسم المقرر":"اخلاقيات المهنة","الشعبة":"45814","النشاط":"محاضرة","الساعات":"2","الجنس":"ذكر","الحالة":"مغلقة"},{"رقم المقرر":135,"رمز المقرر":"107 سلم","اسم المقرر":"اخلاقيات المهنة","الشعبة":"45815","النشاط":"محاضرة","الساعات":"2","الجنس":"ذكر","الحالة":"مغلقة"},{"رقم المقرر":136,"رمز المقرر":"107 سلم","اسم المقرر":"اخلاقيات المهنة","الشعبة":"45816","النشاط":"محاضرة","الساعات":"2","الجنس":"ذكر","الحالة":"مغلقة"},{"رقم المقرر":137,"رمز المقرر":"107 سلم","اسم المقرر":"اخلاقيات المهنة","الشعبة":"45858","النشاط":"محاضرة","الساعات":"2","الجنس":"ذكر","الحالة":"مفتوحة"},{"رقم المقرر":138,"رمز المقرر":"107 سلم","اسم المقرر":"اخلاقيات المهنة","الشعبة":"45859","النشاط":"محاضرة","الساعات":"2","الجنس":"ذكر","الحالة":"مفتوحة"},{"رقم المقرر":139,"رمز المقرر":"107 سلم","اسم المقرر":"اخلاقيات المهنة","الشعبة":"45985","النشاط":"محاضرة","الساعات":"2","الجنس":"ذكر","الحالة":"مغلقة"},{"رقم المقرر":140,"رمز المقرر":"107 سلم","اسم المقرر":"اخلاقيات المهنة","الشعبة":"45994","النشاط":"محاضرة","الساعات":"2","الجنس":"ذكر","الحالة":"مغلقة"},{"رقم المقرر":141,"رمز المقرر":"107 سلم","اسم المقرر":"اخلاقيات المهنة","الشعبة":"54105","النشاط":"محاضرة","الساعات":"2","الجنس":"ذكر","الحالة":"مفتوحة"},{"رقم المقرر":142,"رمز المقرر":"107 سلم","اسم المقرر":"اخلاقيات المهنة","الشعبة":"56543","النشاط":"محاضرة","الساعات":"2","الجنس":"ذكر","الحالة":"مغلقة"},{"رقم المقرر":143,"رمز المقرر":"107 سلم","اسم المقرر":"اخلاقيات المهنة","الشعبة":"59359","النشاط":"محاضرة","الساعات":"2","الجنس":"ذكر","الحالة":"مفتوحة"},{"رقم المقرر":144,"رمز المقرر":"107 سلم","اسم المقرر":"اخلاقيات المهنة","الشعبة":"59661","النشاط":"محاضرة","الساعات":"2","الجنس":"ذكر","الحالة":"مفتوحة"},{"رقم المقرر":145,"رمز المقرر":"107 سلم","اسم المقرر":"اخلاقيات المهنة","الشعبة":"59667","النشاط":"محاضرة","الساعات":"2","الجنس":"ذكر","الحالة":"مغلقة"},{"رقم المقرر":146,"رمز المقرر":"107 سلم","اسم المقرر":"اخلاقيات المهنة","الشعبة":"59935","النشاط":"محاضرة","الساعات":"2","الجنس":"ذكر","الحالة":"مغلقة"},{"رقم المقرر":147,"رمز المقرر":"107 سلم","اسم المقرر":"اخلاقيات المهنة","الشعبة":"59948","النشاط":"محاضرة","الساعات":"2","الجنس":"ذكر","الحالة":"مغلقة"},{"رقم المقرر":148,"رمز المقرر":"107 سلم","اسم المقرر":"اخلاقيات المهنة","الشعبة":"59949","النشاط":"محاضرة","الساعات":"2","الجنس":"ذكر","الحالة":"مغلقة"},{"رقم المقرر":149,"رمز المقرر":"107 سلم","اسم المقرر":"اخلاقيات المهنة","الشعبة":"59957","النشاط":"محاضرة","الساعات":"2","الجنس":"ذكر","الحالة":"مفتوحة"},{"رقم المقرر":150,"رمز المقرر":"107 سلم","اسم المقرر":"اخلاقيات المهنة","الشعبة":"60302","النشاط":"محاضرة","الساعات":"2","الجنس":"ذكر","الحالة":"مغلقة"},{"رقم المقرر":151,"رمز المقرر":"107 سلم","اسم المقرر":"اخلاقيات المهنة","الشعبة":"64894","النشاط":"محاضرة","الساعات":"2","الجنس":"ذكر","الحالة":"مغلقة"},{"رقم المقرر":152,"رمز المقرر":"107 سلم","اسم المقرر":"اخلاقيات المهنة","الشعبة":"72203","النشاط":"محاضرة","الساعات":"2","الجنس":"ذكر","الحالة":"مغلقة"},{"رقم المقرر":153,"رمز المقرر":"107 سلم","اسم المقرر":"اخلاقيات المهنة","الشعبة":"72204","النشاط":"محاضرة","الساعات":"2","الجنس":"ذكر","الحالة":"مغلقة"},{"رقم المقرر":154,"رمز المقرر":"107 سلم","اسم المقرر":"اخلاقيات المهنة","الشعبة":"72205","النشاط":"محاضرة","الساعات":"2","الجنس":"ذكر","الحالة":"مغلقة"},{"رقم المقرر":155,"رمز المقرر":"301 معط","اسم المقرر":"المعلوماتية الطبية","الشعبة":"33241","النشاط":"محاضرة","الساعات":"2","الجنس":"ذكر","الحالة":"مفتوحة"},{"رقم المقرر":156,"رمز المقرر":"301 معط","اسم المقرر":"المعلوماتية الطبية","الشعبة":"33242","النشاط":"عملي","الساعات":"","الجنس":"ذكر","الحالة":"مفتوحة"},{"رقم المقرر":157,"رمز المقرر":"301 معط","اسم المقرر":"المعلوماتية الطبية","الشعبة":"33243","النشاط":"محاضرة","الساعات":"2","الجنس":"ذكر","الحالة":"مفتوحة"},{"رقم المقرر":158,"رمز المقرر":"301 معط","اسم المقرر":"المعلوماتية الطبية","الشعبة":"33244","النشاط":"عملي","الساعات":"","الجنس":"ذكر","الحالة":"مفتوحة"},{"رقم المقرر":159,"رمز المقرر":"101 ختر","اسم المقرر":"علوم طبية إختيارية 1","الشعبة":"37151","النشاط":"عملي","الساعات":"3","الجنس":"ذكر","الحالة":"مفتوحة"},{"رقم المقرر":160,"رمز المقرر":"101 ختر","اسم المقرر":"علوم طبية إختيارية 1","الشعبة":"37152","النشاط":"عملي","الساعات":"3","الجنس":"ذكر","الحالة":"مفتوحة"},{"رقم المقرر":161,"رمز المقرر":"101 ختر","اسم المقرر":"علوم طبية إختيارية 1","الشعبة":"37153","النشاط":"عملي","الساعات":"3","الجنس":"ذكر","الحالة":"مفتوحة"},{"رقم المقرر":162,"رمز المقرر":"101 ختر","اسم المقرر":"علوم طبية إختيارية 1","الشعبة":"37154","النشاط":"عملي","الساعات":"3","الجنس":"ذكر","الحالة":"مفتوحة"},{"رقم المقرر":163,"رمز المقرر":"102 ختر","اسم المقرر":"علوم طبية إختيارية 2","الشعبة":"43796","النشاط":"عملي","الساعات":"3","الجنس":"ذكر","الحالة":"مفتوحة"},{"رقم المقرر":164,"رمز المقرر":"102 ختر","اسم المقرر":"علوم طبية إختيارية 2","الشعبة":"43797","النشاط":"عملي","الساعات":"3","الجنس":"ذكر","الحالة":"مفتوحة"},{"رقم المقرر":165,"رمز المقرر":"305 كطب","اسم المقرر":"البحوث الطبية","الشعبة":"33245","النشاط":"بحث","الساعات":"6","الجنس":"ذكر","الحالة":"مفتوحة"},{"رقم المقرر":166,"رمز المقرر":"305 كطب","اسم المقرر":"البحوث الطبية","الشعبة":"33246","النشاط":"بحث","الساعات":"6","الجنس":"ذكر","الحالة":"مفتوحة"},{"رقم المقرر":167,"رمز المقرر":"366 شاع","اسم المقرر":"التشخيص الشعاعي","الشعبة":"33249","النشاط":"عملي","الساعات":"2","الجنس":"ذكر","الحالة":"مفتوحة"},{"رقم المقرر":168,"رمز المقرر":"366 شاع","اسم المقرر":"التشخيص الشعاعي","الشعبة":"33250","النشاط":"عملي","الساعات":"2","الجنس":"ذكر","الحالة":"مفتوحة"},{"رقم المقرر":169,"رمز المقرر":"045 كطب","اسم المقرر":"أساسيات التخدير","الشعبة":"37155","النشاط":"محاضرة","الساعات":"4","الجنس":"ذكر","الحالة":"مفتوحة"},{"رقم المقرر":170,"رمز المقرر":"045 كطب","اسم المقرر":"أساسيات التخدير","الشعبة":"37156","النشاط":"عملي","الساعات":"","الجنس":"ذكر","الحالة":"مفتوحة"},{"رقم المقرر":171,"رمز المقرر":"045 كطب","اسم المقرر":"أساسيات التخدير","الشعبة":"37157","النشاط":"محاضرة","الساعات":"4","الجنس":"ذكر","الحالة":"مفتوحة"},{"رقم المقرر":172,"رمز المقرر":"045 كطب","اسم المقرر":"أساسيات التخدير","الشعبة":"37158","النشاط":"عملي","الساعات":"","الجنس":"ذكر","الحالة":"مفتوحة"},{"رقم المقرر":173,"رمز المقرر":"045 كطب","اسم المقرر":"أساسيات التخدير","الشعبة":"37159","النشاط":"محاضرة","الساعات":"4","الجنس":"ذكر","الحالة":"مفتوحة"},{"رقم المقرر":174,"رمز المقرر":"045 كطب","اسم المقرر":"أساسيات التخدير","الشعبة":"37160","النشاط":"عملي","الساعات":"","الجنس":"ذكر","الحالة":"مفتوحة"},{"رقم المقرر":175,"رمز المقرر":"045 كطب","اسم المقرر":"أساسيات التخدير","الشعبة":"37161","النشاط":"محاضرة","الساعات":"4","الجنس":"ذكر","الحالة":"مفتوحة"},{"رقم المقرر":176,"رمز المقرر":"045 كطب","اسم المقرر":"أساسيات التخدير","الشعبة":"37162","النشاط":"عملي","الساعات":"","الجنس":"ذكر","الحالة":"مفتوحة"},{"رقم المقرر":177,"رمز المقرر":"394 جلد","اسم المقرر":"الأمراض الجلدية العامة","الشعبة":"56883","النشاط":"محاضرة","الساعات":"2","الجنس":"ذكر","الحالة":"مفتوحة"},{"رقم المقرر":178,"رمز المقرر":"394 جلد","اسم المقرر":"الأمراض الجلدية العامة","الشعبة":"56884","النشاط":"عملي","الساعات":"","الجنس":"ذكر","الحالة":"مفتوحة"},{"رقم المقرر":179,"رمز المقرر":"394 جلد","اسم المقرر":"الأمراض الجلدية العامة","الشعبة":"56885","النشاط":"محاضرة","الساعات":"2","الجنس":"ذكر","الحالة":"مفتوحة"},{"رقم المقرر":180,"رمز المقرر":"394 جلد","اسم المقرر":"الأمراض الجلدية العامة","الشعبة":"56886","النشاط":"عملي","الساعات":"","الجنس":"ذكر","الحالة":"مفتوحة"},{"رقم المقرر":181,"رمز المقرر":"394 جلد","اسم المقرر":"الأمراض الجلدية العامة","الشعبة":"56887","النشاط":"محاضرة","الساعات":"2","الجنس":"ذكر","الحالة":"مفتوحة"},{"رقم المقرر":182,"رمز المقرر":"394 جلد","اسم المقرر":"الأمراض الجلدية العامة","الشعبة":"56888","النشاط":"عملي","الساعات":"","الجنس":"ذكر","الحالة":"مفتوحة"},{"رقم المقرر":183,"رمز المقرر":"394 جلد","اسم المقرر":"الأمراض الجلدية العامة","الشعبة":"56889","النشاط":"محاضرة","الساعات":"2","الجنس":"ذكر","الحالة":"مفتوحة"},{"رقم المقرر":184,"رمز المقرر":"394 جلد","اسم المقرر":"الأمراض الجلدية العامة","الشعبة":"56890","النشاط":"عملي","الساعات":"","الجنس":"ذكر","الحالة":"مفتوحة"},{"رقم المقرر":185,"رمز المقرر":"432 اذن","اسم المقرر":"جراحة الأنف والأذن والحنجرة وجراحة الرأس والرقبة","الشعبة":"37167","النشاط":"محاضرة","الساعات":"4","الجنس":"ذكر","الحالة":"مفتوحة"},{"رقم المقرر":186,"رمز المقرر":"432 اذن","اسم المقرر":"جراحة الأنف والأذن والحنجرة وجراحة الرأس والرقبة","الشعبة":"37168","النشاط":"عملي","الساعات":"","الجنس":"ذكر","الحالة":"مفتوحة"},{"رقم المقرر":187,"رمز المقرر":"432 اذن","اسم المقرر":"جراحة الأنف والأذن والحنجرة وجراحة الرأس والرقبة","الشعبة":"37169","النشاط":"محاضرة","الساعات":"4","الجنس":"ذكر","الحالة":"مفتوحة"},{"رقم المقرر":188,"رمز المقرر":"432 اذن","اسم المقرر":"جراحة الأنف والأذن والحنجرة وجراحة الرأس والرقبة","الشعبة":"37170","النشاط":"عملي","الساعات":"","الجنس":"ذكر","الحالة":"مفتوحة"},{"رقم المقرر":189,"رمز المقرر":"432 اذن","اسم المقرر":"جراحة الأنف والأذن والحنجرة وجراحة الرأس والرقبة","الشعبة":"37171","النشاط":"محاضرة","الساعات":"4","الجنس":"ذكر","الحالة":"مفتوحة"},{"رقم المقرر":190,"رمز المقرر":"432 اذن","اسم المقرر":"جراحة الأنف والأذن والحنجرة وجراحة الرأس والرقبة","الشعبة":"37172","النشاط":"عملي","الساعات":"","الجنس":"ذكر","الحالة":"مفتوحة"},{"رقم المقرر":191,"رمز المقرر":"432 اذن","اسم المقرر":"جراحة الأنف والأذن والحنجرة وجراحة الرأس والرقبة","الشعبة":"37173","النشاط":"محاضرة","الساعات":"4","الجنس":"ذكر","الحالة":"مفتوحة"},{"رقم المقرر":192,"رمز المقرر":"432 اذن","اسم المقرر":"جراحة الأنف والأذن والحنجرة وجراحة الرأس والرقبة","الشعبة":"37174","النشاط":"عملي","الساعات":"","الجنس":"ذكر","الحالة":"مفتوحة"},{"رقم المقرر":193,"رمز المقرر":"482 نسا","اسم المقرر":"النساء والولادة","الشعبة":"37175","النشاط":"محاضرة","الساعات":"8","الجنس":"ذكر","الحالة":"مفتوحة"},{"رقم المقرر":194,"رمز المقرر":"482 نسا","اسم المقرر":"النساء والولادة","الشعبة":"37176","النشاط":"عيادة","الساعات":"","الجنس":"ذكر","الحالة":"مفتوحة"},{"رقم المقرر":195,"رمز المقرر":"482 نسا","اسم المقرر":"النساء والولادة","الشعبة":"37177","النشاط":"محاضرة","الساعات":"8","الجنس":"ذكر","الحالة":"مفتوحة"},{"رقم المقرر":196,"رمز المقرر":"482 نسا","اسم المقرر":"النساء والولادة","الشعبة":"37178","النشاط":"عيادة","الساعات":"","الجنس":"ذكر","الحالة":"مفتوحة"},{"رقم المقرر":197,"رمز المقرر":"482 نسا","اسم المقرر":"النساء والولادة","الشعبة":"37179","النشاط":"محاضرة","الساعات":"8","الجنس":"ذكر","الحالة":"مفتوحة"},{"رقم المقرر":198,"رمز المقرر":"482 نسا","اسم المقرر":"النساء والولادة","الشعبة":"37180","النشاط":"عيادة","الساعات":"","الجنس":"ذكر","الحالة":"مفتوحة"},{"رقم المقرر":199,"رمز المقرر":"482 نسا","اسم المقرر":"النساء والولادة","الشعبة":"37181","النشاط":"محاضرة","الساعات":"8","الجنس":"ذكر","الحالة":"مفتوحة"},{"رقم المقرر":200,"رمز المقرر":"482 نسا","اسم المقرر":"النساء والولادة","الشعبة":"37182","النشاط":"عيادة","الساعات":"","الجنس":"ذكر","الحالة":"مفتوحة"},{"رقم المقرر":201,"رمز المقرر":"442 طبب","اسم المقرر":"ممارسة الطب الباطني","الشعبة":"43790","النشاط":"عيادة","الساعات":"10","الجنس":"ذكر","الحالة":"مفتوحة"},{"رقم المقرر":202,"رمز المقرر":"442 طبب","اسم المقرر":"ممارسة الطب الباطني","الشعبة":"43791","النشاط":"عيادة","الساعات":"10","الجنس":"ذكر","الحالة":"مفتوحة"},{"رقم المقرر":203,"رمز المقرر":"453 جرح","اسم المقرر":"ممارسة الجراحة العامة","الشعبة":"43786","النشاط":"محاضرة","الساعات":"10","الجنس":"ذكر","الحالة":"مفتوحة"},{"رقم المقرر":204,"رمز المقرر":"453 جرح","اسم المقرر":"ممارسة الجراحة العامة","الشعبة":"43787","النشاط":"عيادة","الساعات":"","الجنس":"ذكر","الحالة":"مفتوحة"},{"رقم المقرر":205,"رمز المقرر":"453 جرح","اسم المقرر":"ممارسة الجراحة العامة","الشعبة":"43788","النشاط":"محاضرة","الساعات":"10","الجنس":"ذكر","الحالة":"مفتوحة"},{"رقم المقرر":206,"رمز المقرر":"453 جرح","اسم المقرر":"ممارسة الجراحة العامة","الشعبة":"43789","النشاط":"عيادة","الساعات":"","الجنس":"ذكر","الحالة":"مفتوحة"},{"رقم المقرر":207,"رمز المقرر":"474 طفل","اسم المقرر":"طب الأطفال","الشعبة":"43792","النشاط":"محاضرة","الساعات":"10","الجنس":"ذكر","الحالة":"مفتوحة"},{"رقم المقرر":208,"رمز المقرر":"474 طفل","اسم المقرر":"طب الأطفال","الشعبة":"43793","النشاط":"عيادة","الساعات":"","الجنس":"ذكر","الحالة":"مفتوحة"},{"رقم المقرر":209,"رمز المقرر":"474 طفل","اسم المقرر":"طب الأطفال","الشعبة":"43794","النشاط":"محاضرة","الساعات":"10","الجنس":"ذكر","الحالة":"مفتوحة"},{"رقم المقرر":210,"رمز المقرر":"474 طفل","اسم المقرر":"طب الأطفال","الشعبة":"43795","النشاط":"عيادة","الساعات":"","الجنس":"ذكر","الحالة":"مفتوحة"},{"رقم المقرر":211,"رمز المقرر":"999 طبب","اسم المقرر":"تدريب امتياز","الشعبة":"56034","النشاط":"تدريب","الساعات":"0","الجنس":"ذكر","الحالة":"مفتوحة"},{"رقم المقرر":212,"رمز المقرر":"999 طبب","اسم المقرر":"تدريب امتياز","الشعبة":"56769","النشاط":"تدريب","الساعات":"0","الجنس":"ذكر","الحالة":"مفتوحة"},{"رقم المقرر":213,"رمز المقرر":"105 سلم","اسم المقرر":"حقوق الإنسان","الشعبة":"43913","النشاط":"محاضرة","الساعات":"2","الجنس":"ذكر","الحالة":"مغلقة"},{"رقم المقرر":214,"رمز المقرر":"105 سلم","اسم المقرر":"حقوق الإنسان","الشعبة":"43914","النشاط":"محاضرة","الساعات":"2","الجنس":"ذكر","الحالة":"مغلقة"},{"رقم المقرر":215,"رمز المقرر":"105 سلم","اسم المقرر":"حقوق الإنسان","الشعبة":"43975","النشاط":"محاضرة","الساعات":"2","الجنس":"ذكر","الحالة":"مغلقة"},{"رقم المقرر":216,"رمز المقرر":"105 سلم","اسم المقرر":"حقوق الإنسان","الشعبة":"44012","النشاط":"محاضرة","الساعات":"2","الجنس":"ذكر","الحالة":"مغلقة"},{"رقم المقرر":217,"رمز المقرر":"105 سلم","اسم المقرر":"حقوق الإنسان","الشعبة":"44014","النشاط":"محاضرة","الساعات":"2","الجنس":"ذكر","الحالة":"مغلقة"},{"رقم المقرر":218,"رمز المقرر":"105 سلم","اسم المقرر":"حقوق الإنسان","الشعبة":"44018","النشاط":"محاضرة","الساعات":"2","الجنس":"ذكر","الحالة":"مغلقة"},{"رقم المقرر":219,"رمز المقرر":"105 سلم","اسم المقرر":"حقوق الإنسان","الشعبة":"44032","النشاط":"محاضرة","الساعات":"2","الجنس":"ذكر","الحالة":"مغلقة"},{"رقم المقرر":220,"رمز المقرر":"105 سلم","اسم المقرر":"حقوق الإنسان","الشعبة":"44133","النشاط":"محاضرة","الساعات":"2","الجنس":"ذكر","الحالة":"مغلقة"},{"رقم المقرر":221,"رمز المقرر":"105 سلم","اسم المقرر":"حقوق الإنسان","الشعبة":"45024","النشاط":"محاضرة","الساعات":"2","الجنس":"ذكر","الحالة":"مفتوحة"},{"رقم المقرر":222,"رمز المقرر":"105 سلم","اسم المقرر":"حقوق الإنسان","الشعبة":"45095","النشاط":"محاضرة","الساعات":"2","الجنس":"ذكر","الحالة":"مغلقة"},{"رقم المقرر":223,"رمز المقرر":"105 سلم","اسم المقرر":"حقوق الإنسان","الشعبة":"45096","النشاط":"محاضرة","الساعات":"2","الجنس":"ذكر","الحالة":"مغلقة"},{"رقم المقرر":224,"رمز المقرر":"105 سلم","اسم المقرر":"حقوق الإنسان","الشعبة":"45233","النشاط":"محاضرة","الساعات":"2","الجنس":"ذكر","الحالة":"مفتوحة"},{"رقم المقرر":225,"رمز المقرر":"105 سلم","اسم المقرر":"حقوق الإنسان","الشعبة":"45854","النشاط":"محاضرة","الساعات":"2","الجنس":"ذكر","الحالة":"مفتوحة"},{"رقم المقرر":226,"رمز المقرر":"105 سلم","اسم المقرر":"حقوق الإنسان","الشعبة":"45855","النشاط":"محاضرة","الساعات":"2","الجنس":"ذكر","الحالة":"مفتوحة"},{"رقم المقرر":227,"رمز المقرر":"105 سلم","اسم المقرر":"حقوق الإنسان","الشعبة":"51661","النشاط":"محاضرة","الساعات":"2","الجنس":"ذكر","الحالة":"مفتوحة"},{"رقم المقرر":228,"رمز المقرر":"105 سلم","اسم المقرر":"حقوق الإنسان","الشعبة":"59357","النشاط":"محاضرة","الساعات":"2","الجنس":"ذكر","الحالة":"مفتوحة"},{"رقم المقرر":229,"رمز المقرر":"105 سلم","اسم المقرر":"حقوق الإنسان","الشعبة":"59659","النشاط":"محاضرة","الساعات":"2","الجنس":"ذكر","الحالة":"مغلقة"},{"رقم المقرر":230,"رمز المقرر":"105 سلم","اسم المقرر":"حقوق الإنسان","الشعبة":"60211","النشاط":"محاضرة","الساعات":"2","الجنس":"ذكر","الحالة":"مغلقة"},{"رقم المقرر":231,"رمز المقرر":"105 سلم","اسم المقرر":"حقوق الإنسان","الشعبة":"60300","النشاط":"محاضرة","الساعات":"2","الجنس":"ذكر","الحالة":"مفتوحة"},{"رقم المقرر":232,"رمز المقرر":"105 سلم","اسم المقرر":"حقوق الإنسان","الشعبة":"60301","النشاط":"محاضرة","الساعات":"2","الجنس":"ذكر","الحالة":"مغلقة"},{"رقم المقرر":233,"رمز المقرر":"105 سلم","اسم المقرر":"حقوق الإنسان","الشعبة":"63085","النشاط":"محاضرة","الساعات":"2","الجنس":"ذكر","الحالة":"مفتوحة"},{"رقم المقرر":234,"رمز المقرر":"105 سلم","اسم المقرر":"حقوق الإنسان","الشعبة":"64892","النشاط":"محاضرة","الساعات":"2","الجنس":"ذكر","الحالة":"مفتوحة"},{"رقم المقرر":235,"رمز المقرر":"105 سلم","اسم المقرر":"حقوق الإنسان","الشعبة":"64893","النشاط":"محاضرة","الساعات":"2","الجنس":"ذكر","الحالة":"مفتوحة"},{"رقم المقرر":236,"رمز المقرر":"108 سلم","اسم المقرر":"قضايا معاصرة","الشعبة":"45099","النشاط":"محاضرة","الساعات":"2","الجنس":"ذكر","الحالة":"مغلقة"},{"رقم المقرر":237,"رمز المقرر":"108 سلم","اسم المقرر":"قضايا معاصرة","الشعبة":"45100","النشاط":"محاضرة","الساعات":"2","الجنس":"ذكر","الحالة":"مغلقة"},{"رقم المقرر":238,"رمز المقرر":"108 سلم","اسم المقرر":"قضايا معاصرة","الشعبة":"45685","النشاط":"محاضرة","الساعات":"2","الجنس":"ذكر","الحالة":"مفتوحة"},{"رقم المقرر":239,"رمز المقرر":"108 سلم","اسم المقرر":"قضايا معاصرة","الشعبة":"45817","النشاط":"محاضرة","الساعات":"2","الجنس":"ذكر","الحالة":"مغلقة"},{"رقم المقرر":240,"رمز المقرر":"108 سلم","اسم المقرر":"قضايا معاصرة","الشعبة":"45818","النشاط":"محاضرة","الساعات":"2","الجنس":"ذكر","الحالة":"مغلقة"},{"رقم المقرر":241,"رمز المقرر":"108 سلم","اسم المقرر":"قضايا معاصرة","الشعبة":"45819","النشاط":"محاضرة","الساعات":"2","الجنس":"ذكر","الحالة":"مغلقة"},{"رقم المقرر":242,"رمز المقرر":"108 سلم","اسم المقرر":"قضايا معاصرة","الشعبة":"45839","النشاط":"محاضرة","الساعات":"2","الجنس":"ذكر","الحالة":"مغلقة"},{"رقم المقرر":243,"رمز المقرر":"108 سلم","اسم المقرر":"قضايا معاصرة","الشعبة":"45856","النشاط":"محاضرة","الساعات":"2","الجنس":"ذكر","الحالة":"مفتوحة"},{"رقم المقرر":244,"رمز المقرر":"108 سلم","اسم المقرر":"قضايا معاصرة","الشعبة":"45857","النشاط":"محاضرة","الساعات":"2","الجنس":"ذكر","الحالة":"مفتوحة"},{"رقم المقرر":245,"رمز المقرر":"108 سلم","اسم المقرر":"قضايا معاصرة","الشعبة":"45987","النشاط":"محاضرة","الساعات":"2","الجنس":"ذكر","الحالة":"مغلقة"},{"رقم المقرر":246,"رمز المقرر":"108 سلم","اسم المقرر":"قضايا معاصرة","الشعبة":"45988","النشاط":"محاضرة","الساعات":"2","الجنس":"ذكر","الحالة":"مغلقة"},{"رقم المقرر":247,"رمز المقرر":"108 سلم","اسم المقرر":"قضايا معاصرة","الشعبة":"51653","النشاط":"محاضرة","الساعات":"2","الجنس":"ذكر","الحالة":"مغلقة"},{"رقم المقرر":248,"رمز المقرر":"108 سلم","اسم المقرر":"قضايا معاصرة","الشعبة":"51667","النشاط":"محاضرة","الساعات":"2","الجنس":"ذكر","الحالة":"مغلقة"},{"رقم المقرر":249,"رمز المقرر":"108 سلم","اسم المقرر":"قضايا معاصرة","الشعبة":"59936","النشاط":"محاضرة","الساعات":"2","الجنس":"ذكر","الحالة":"مغلقة"},{"رقم المقرر":250,"رمز المقرر":"108 سلم","اسم المقرر":"قضايا معاصرة","الشعبة":"59937","النشاط":"محاضرة","الساعات":"2","الجنس":"ذكر","الحالة":"مغلقة"}]