[{"رقم المقرر":1,"رمز المقرر":"101 عرب","اسم المقرر":"المهارات اللغوية","الشعبة":"1936","النشاط":"محاضرة","الساعات":"2","الجنس":"ذكر","الحالة":"مفتوحة"},{"رقم المقرر":2,"رمز المقرر":"101 عرب","اسم المقرر":"المهارات اللغوية","الشعبة":"1982","النشاط":"محاضرة","الساعات":"2","الجنس":"ذكر","الحالة":"مفتوحة"},{"رقم المقرر":3,"رمز المقرر":"101 عرب","اسم المقرر":"المهارات اللغوية","الشعبة":"3376","النشاط":"محاضرة","الساعات":"2","الجنس":"ذكر","الحالة":"مفتوحة"},{"رقم المقرر":4,"رمز المقرر":"101 عرب","اسم المقرر":"المهارات اللغوية","الشعبة":"3378","النشاط":"محاضرة","الساعات":"2","الجنس":"ذكر","الحالة":"مغلقة"},{"رقم المقرر":5,"رمز المقرر":"101 عرب","اسم المقرر":"المهارات اللغوية","الشعبة":"3596","النشاط":"محاضرة","الساعات":"2","الجنس":"ذكر","الحالة":"مفتوحة"},{"رقم المقرر":6,"رمز المقرر":"101 عرب","اسم المقرر":"المهارات اللغوية","الشعبة":"5328","النشاط":"محاضرة","الساعات":"2","الجنس":"ذكر","الحالة":"مغلقة"},{"رقم المقرر":7,"رمز المقرر":"101 عرب","اسم المقرر":"المهارات اللغوية","الشعبة":"5348","النشاط":"محاضرة","الساعات":"2","الجنس":"ذكر","الحالة":"مفتوحة"},{"رقم المقرر":8,"رمز المقرر":"101 عرب","اسم المقرر":"المهارات اللغوية","الشعبة":"5371","النشاط":"محاضرة","الساعات":"2","الجنس":"ذكر","الحالة":"مغلقة"},{"رقم المقرر":9,"رمز المقرر":"101 عرب","اسم المقرر":"المهارات اللغوية","الشعبة":"5395","النشاط":"محاضرة","الساعات":"2","الجنس":"ذكر","الحالة":"مغلقة"},{"رقم المقرر":10,"رمز المقرر":"101 عرب","اسم المقرر":"المهارات اللغوية","الشعبة":"5413","النشاط":"محاضرة","الساعات":"2","الجنس":"ذكر","الحالة":"مغلقة"},{"رقم المقرر":11,"رمز المقرر":"101 عرب","اسم المقرر":"المهارات اللغوية","الشعبة":"5424","النشاط":"محاضرة","الساعات":"2","الجنس":"ذكر","الحالة":"مفتوحة"},{"رقم المقرر":12,"رمز المقرر":"101 عرب","اسم المقرر":"المهارات اللغوية","الشعبة":"6022","النشاط":"محاضرة","الساعات":"2","الجنس":"ذكر","الحالة":"مفتوحة"},{"رقم المقرر":13,"رمز المقرر":"101 عرب","اسم المقرر":"المهارات اللغوية","الشعبة":"6027","النشاط":"محاضرة","الساعات":"2","الجنس":"ذكر","الحالة":"مفتوحة"},{"رقم المقرر":14,"رمز المقرر":"101 عرب","اسم المقرر":"المهارات اللغوية","الشعبة":"6038","النشاط":"محاضرة","الساعات":"2","الجنس":"ذكر","الحالة":"مغلقة"},{"رقم المقرر":15,"رمز المقرر":"101 عرب","اسم المقرر":"المهارات اللغوية","الشعبة":"6043","النشاط":"محاضرة","الساعات":"2","الجنس":"ذكر","الحالة":"مفتوحة"},{"رقم المقرر":16,"رمز المقرر":"101 عرب","اسم المقرر":"المهارات اللغوية","الشعبة":"6055","النشاط":"محاضرة","الساعات":"2","الجنس":"ذكر","الحالة":"مغلقة"},{"رقم المقرر":17,"رمز المقرر":"101 عرب","اسم المقرر":"المهارات اللغوية","الشعبة":"6075","النشاط":"محاضرة","الساعات":"2","الجنس":"ذكر","الحالة":"مفتوحة"},{"رقم المقرر":18,"رمز المقرر":"101 عرب","اسم المقرر":"المهارات اللغوية","الشعبة":"8751","النشاط":"محاضرة","الساعات":"2","الجنس":"ذكر","الحالة":"مفتوحة"},{"رقم المقرر":19,"رمز المقرر":"101 عرب","اسم المقرر":"المهارات اللغوية","الشعبة":"10650","النشاط":"محاضرة","الساعات":"2","الجنس":"ذكر","الحالة":"مفتوحة"},{"رقم المقرر":20,"رمز المقرر":"101 عرب","اسم المقرر":"المهارات اللغوية","الشعبة":"10658","النشاط":"محاضرة","الساعات":"2","الجنس":"ذكر","الحالة":"مفتوحة"},{"رقم المقرر":21,"رمز المقرر":"101 عرب","اسم المقرر":"المهارات اللغوية","الشعبة":"10659","النشاط":"محاضرة","الساعات":"2","الجنس":"ذكر","الحالة":"مفتوحة"},{"رقم المقرر":22,"رمز المقرر":"101 عرب","اسم المقرر":"المهارات اللغوية","الشعبة":"11652","النشاط":"محاضرة","الساعات":"2","الجنس":"ذكر","الحالة":"مفتوحة"},{"رقم المقرر":23,"رمز المقرر":"101 عرب","اسم المقرر":"المهارات اللغوية","الشعبة":"11653","النشاط":"محاضرة","الساعات":"2","الجنس":"ذكر","الحالة":"مفتوحة"},{"رقم المقرر":24,"رمز المقرر":"101 عرب","اسم المقرر":"المهارات اللغوية","الشعبة":"11655","النشاط":"محاضرة","الساعات":"2","الجنس":"ذكر","الحالة":"مفتوحة"},{"رقم المقرر":25,"رمز المقرر":"101 عرب","اسم المقرر":"المهارات اللغوية","الشعبة":"11656","النشاط":"محاضرة","الساعات":"2","الجنس":"ذكر","الحالة":"مغلقة"},{"رقم المقرر":26,"رمز المقرر":"101 عرب","اسم المقرر":"المهارات اللغوية","الشعبة":"11658","النشاط":"محاضرة","الساعات":"2","الجنس":"ذكر","الحالة":"مفتوحة"},{"رقم المقرر":27,"رمز المقرر":"101 عرب","اسم المقرر":"المهارات اللغوية","الشعبة":"17795","النشاط":"محاضرة","الساعات":"2","الجنس":"ذكر","الحالة":"مفتوحة"},{"رقم المقرر":28,"رمز المقرر":"101 عرب","اسم المقرر":"المهارات اللغوية","الشعبة":"18530","النشاط":"محاضرة","الساعات":"2","الجنس":"ذكر","الحالة":"مفتوحة"},{"رقم المقرر":29,"رمز المقرر":"101 عرب","اسم المقرر":"المهارات اللغوية","الشعبة":"18531","النشاط":"محاضرة","الساعات":"2","الجنس":"ذكر","الحالة":"مغلقة"},{"رقم المقرر":30,"رمز المقرر":"101 عرب","اسم المقرر":"المهارات اللغوية","الشعبة":"31412","النشاط":"محاضرة","الساعات":"2","الجنس":"ذكر","الحالة":"مفتوحة"},{"رقم المقرر":31,"رمز المقرر":"101 عرب","اسم المقرر":"المهارات اللغوية","الشعبة":"31415","النشاط":"محاضرة","الساعات":"2","الجنس":"ذكر","الحالة":"مفتوحة"},{"رقم المقرر":32,"رمز المقرر":"101 عرب","اسم المقرر":"المهارات اللغوية","الشعبة":"32426","النشاط":"محاضرة","الساعات":"2","الجنس":"ذكر","الحالة":"مفتوحة"},{"رقم المقرر":33,"رمز المقرر":"101 عرب","اسم المقرر":"المهارات اللغوية","الشعبة":"33613","النشاط":"محاضرة","الساعات":"2","الجنس":"ذكر","الحالة":"مفتوحة"},{"رقم المقرر":34,"رمز المقرر":"101 عرب","اسم المقرر":"المهارات اللغوية","الشعبة":"33614","النشاط":"محاضرة","الساعات":"2","الجنس":"ذكر","الحالة":"مفتوحة"},{"رقم المقرر":35,"رمز المقرر":"101 عرب","اسم المقرر":"المهارات اللغوية","الشعبة":"33709","النشاط":"محاضرة","الساعات":"2","الجنس":"ذكر","الحالة":"مفتوحة"},{"رقم المقرر":36,"رمز المقرر":"101 عرب","اسم المقرر":"المهارات اللغوية","الشعبة":"33757","النشاط":"محاضرة","الساعات":"2","الجنس":"ذكر","الحالة":"مغلقة"},{"رقم المقرر":37,"رمز المقرر":"101 عرب","اسم المقرر":"المهارات اللغوية","الشعبة":"37012","النشاط":"محاضرة","الساعات":"2","الجنس":"ذكر","الحالة":"مفتوحة"},{"رقم المقرر":38,"رمز المقرر":"101 عرب","اسم المقرر":"المهارات اللغوية","الشعبة":"37013","النشاط":"محاضرة","الساعات":"2","الجنس":"ذكر","الحالة":"مفتوحة"},{"رقم المقرر":39,"رمز المقرر":"101 عرب","اسم المقرر":"المهارات اللغوية","الشعبة":"37014","النشاط":"محاضرة","الساعات":"2","الجنس":"ذكر","الحالة":"مفتوحة"},{"رقم المقرر":40,"رمز المقرر":"101 عرب","اسم المقرر":"المهارات اللغوية","الشعبة":"37015","النشاط":"محاضرة","الساعات":"2","الجنس":"ذكر","الحالة":"مفتوحة"},{"رقم المقرر":41,"رمز المقرر":"101 عرب","اسم المقرر":"المهارات اللغوية","الشعبة":"42186","النشاط":"محاضرة","الساعات":"2","الجنس":"ذكر","الحالة":"مفتوحة"},{"رقم المقرر":42,"رمز المقرر":"101 عرب","اسم المقرر":"المهارات اللغوية","الشعبة":"42188","النشاط":"محاضرة","الساعات":"2","الجنس":"ذكر","الحالة":"مغلقة"},{"رقم المقرر":43,"رمز المقرر":"101 عرب","اسم المقرر":"المهارات اللغوية","الشعبة":"43494","النشاط":"محاضرة","الساعات":"2","الجنس":"ذكر","الحالة":"مفتوحة"},{"رقم المقرر":44,"رمز المقرر":"101 عرب","اسم المقرر":"المهارات اللغوية","الشعبة":"43495","النشاط":"محاضرة","الساعات":"2","الجنس":"ذكر","الحالة":"مفتوحة"},{"رقم المقرر":45,"رمز المقرر":"101 عرب","اسم المقرر":"المهارات اللغوية","الشعبة":"43511","النشاط":"محاضرة","الساعات":"2","الجنس":"ذكر","الحالة":"مفتوحة"},{"رقم المقرر":46,"رمز المقرر":"101 عرب","اسم المقرر":"المهارات اللغوية","الشعبة":"43513","النشاط":"محاضرة","الساعات":"2","الجنس":"ذكر","الحالة":"مفتوحة"},{"رقم المقرر":47,"رمز المقرر":"101 عرب","اسم المقرر":"المهارات اللغوية","الشعبة":"43514","النشاط":"محاضرة","الساعات":"2","الجنس":"ذكر","الحالة":"مفتوحة"},{"رقم المقرر":48,"رمز المقرر":"101 عرب","اسم المقرر":"المهارات اللغوية","الشعبة":"43518","النشاط":"محاضرة","الساعات":"2","الجنس":"ذكر","الحالة":"مفتوحة"},{"رقم المقرر":49,"رمز المقرر":"101 عرب","اسم المقرر":"المهارات اللغوية","الشعبة":"43519","النشاط":"محاضرة","الساعات":"2","الجنس":"ذكر","الحالة":"مفتوحة"},{"رقم المقرر":50,"رمز المقرر":"101 عرب","اسم المقرر":"المهارات اللغوية","الشعبة":"43520","النشاط":"محاضرة","الساعات":"2","الجنس":"ذكر","الحالة":"مغلقة"},{"رقم المقرر":51,"رمز المقرر":"101 عرب","اسم المقرر":"المهارات اللغوية","الشعبة":"43521","النشاط":"محاضرة","الساعات":"2","الجنس":"ذكر","الحالة":"مفتوحة"},{"رقم المقرر":52,"رمز المقرر":"101 عرب","اسم المقرر":"المهارات اللغوية","الشعبة":"44886","النشاط":"محاضرة","الساعات":"2","الجنس":"ذكر","الحالة":"مفتوحة"},{"رقم المقرر":53,"رمز المقرر":"101 عرب","اسم المقرر":"المهارات اللغوية","الشعبة":"44887","النشاط":"محاضرة","الساعات":"2","الجنس":"ذكر","الحالة":"مفتوحة"},{"رقم المقرر":54,"رمز المقرر":"101 عرب","اسم المقرر":"المهارات اللغوية","الشعبة":"45101","النشاط":"محاضرة","الساعات":"2","الجنس":"ذكر","الحالة":"مفتوحة"},{"رقم المقرر":55,"رمز المقرر":"101 عرب","اسم المقرر":"المهارات اللغوية","الشعبة":"52557","النشاط":"محاضرة","الساعات":"2","الجنس":"ذكر","الحالة":"مفتوحة"},{"رقم المقرر":56,"رمز المقرر":"101 عرب","اسم المقرر":"المهارات اللغوية","الشعبة":"52558","النشاط":"محاضرة","الساعات":"2","الجنس":"ذكر","الحالة":"مفتوحة"},{"رقم المقرر":57,"رمز المقرر":"101 عرب","اسم المقرر":"المهارات اللغوية","الشعبة":"53540","النشاط":"محاضرة","الساعات":"2","الجنس":"ذكر","الحالة":"مفتوحة"},{"رقم المقرر":58,"رمز المقرر":"101 عرب","اسم المقرر":"المهارات اللغوية","الشعبة":"55842","النشاط":"محاضرة","الساعات":"2","الجنس":"ذكر","الحالة":"مفتوحة"},{"رقم المقرر":59,"رمز المقرر":"101 عرب","اسم المقرر":"المهارات اللغوية","الشعبة":"56470","النشاط":"محاضرة","الساعات":"2","الجنس":"ذكر","الحالة":"مفتوحة"},{"رقم المقرر":60,"رمز المقرر":"101 عرب","اسم المقرر":"المهارات اللغوية","الشعبة":"56995","النشاط":"محاضرة","الساعات":"2","الجنس":"ذكر","الحالة":"مفتوحة"},{"رقم المقرر":61,"رمز المقرر":"101 عرب","اسم المقرر":"المهارات اللغوية","الشعبة":"56996","النشاط":"محاضرة","الساعات":"2","الجنس":"ذكر","الحالة":"مفتوحة"},{"رقم المقرر":62,"رمز المقرر":"101 عرب","اسم المقرر":"المهارات اللغوية","الشعبة":"59691","النشاط":"محاضرة","الساعات":"2","الجنس":"ذكر","الحالة":"مفتوحة"},{"رقم المقرر":63,"رمز المقرر":"101 عرب","اسم المقرر":"المهارات اللغوية","الشعبة":"59692","النشاط":"محاضرة","الساعات":"2","الجنس":"ذكر","الحالة":"مفتوحة"},{"رقم المقرر":64,"رمز المقرر":"101 عرب","اسم المقرر":"المهارات اللغوية","الشعبة":"59850","النشاط":"محاضرة","الساعات":"2","الجنس":"ذكر","الحالة":"مفتوحة"},{"رقم المقرر":65,"رمز المقرر":"101 عرب","اسم المقرر":"المهارات اللغوية","الشعبة":"60793","النشاط":"محاضرة","الساعات":"2","الجنس":"ذكر","الحالة":"مفتوحة"},{"رقم المقرر":66,"رمز المقرر":"101 عرب","اسم المقرر":"المهارات اللغوية","الشعبة":"62797","النشاط":"محاضرة","الساعات":"2","الجنس":"ذكر","الحالة":"مفتوحة"},{"رقم المقرر":67,"رمز المقرر":"101 عرب","اسم المقرر":"المهارات اللغوية","الشعبة":"64854","النشاط":"محاضرة","الساعات":"2","الجنس":"ذكر","الحالة":"مفتوحة"},{"رقم المقرر":68,"رمز المقرر":"101 عرب","اسم المقرر":"المهارات اللغوية","الشعبة":"64855","النشاط":"محاضرة","الساعات":"2","الجنس":"ذكر","الحالة":"مفتوحة"},{"رقم المقرر":69,"رمز المقرر":"103 عرب","اسم المقرر":"التحرير العربي","الشعبة":"807","النشاط":"محاضرة","الساعات":"2","الجنس":"ذكر","الحالة":"مفتوحة"},{"رقم المقرر":70,"رمز المقرر":"103 عرب","اسم المقرر":"التحرير العربي","الشعبة":"1698","النشاط":"محاضرة","الساعات":"2","الجنس":"ذكر","الحالة":"مغلقة"},{"رقم المقرر":71,"رمز المقرر":"103 عرب","اسم المقرر":"التحرير العربي","الشعبة":"1996","النشاط":"محاضرة","الساعات":"2","الجنس":"ذكر","الحالة":"مفتوحة"},{"رقم المقرر":72,"رمز المقرر":"103 عرب","اسم المقرر":"التحرير العربي","الشعبة":"2007","النشاط":"محاضرة","الساعات":"2","الجنس":"ذكر","الحالة":"مغلقة"},{"رقم المقرر":73,"رمز المقرر":"103 عرب","اسم المقرر":"التحرير العربي","الشعبة":"2014","النشاط":"محاضرة","الساعات":"2","الجنس":"ذكر","الحالة":"مفتوحة"},{"رقم المقرر":74,"رمز المقرر":"103 عرب","اسم المقرر":"التحرير العربي","الشعبة":"2028","النشاط":"محاضرة","الساعات":"2","الجنس":"ذكر","الحالة":"مفتوحة"},{"رقم المقرر":75,"رمز المقرر":"103 عرب","اسم المقرر":"التحرير العربي","الشعبة":"3380","النشاط":"محاضرة","الساعات":"2","الجنس":"ذكر","الحالة":"مفتوحة"},{"رقم المقرر":76,"رمز المقرر":"103 عرب","اسم المقرر":"التحرير العربي","الشعبة":"3381","النشاط":"محاضرة","الساعات":"2","الجنس":"ذكر","الحالة":"مفتوحة"},{"رقم المقرر":77,"رمز المقرر":"103 عرب","اسم المقرر":"التحرير العربي","الشعبة":"5460","النشاط":"محاضرة","الساعات":"2","الجنس":"ذكر","الحالة":"مفتوحة"},{"رقم المقرر":78,"رمز المقرر":"103 عرب","اسم المقرر":"التحرير العربي","الشعبة":"5469","النشاط":"محاضرة","الساعات":"2","الجنس":"ذكر","الحالة":"مفتوحة"},{"رقم المقرر":79,"رمز المقرر":"103 عرب","اسم المقرر":"التحرير العربي","الشعبة":"5488","النشاط":"محاضرة","الساعات":"2","الجنس":"ذكر","الحالة":"مفتوحة"},{"رقم المقرر":80,"رمز المقرر":"103 عرب","اسم المقرر":"التحرير العربي","الشعبة":"6164","النشاط":"محاضرة","الساعات":"2","الجنس":"ذكر","الحالة":"مفتوحة"},{"رقم المقرر":81,"رمز المقرر":"103 عرب","اسم المقرر":"التحرير العربي","الشعبة":"6179","النشاط":"محاضرة","الساعات":"2","الجنس":"ذكر","الحالة":"مفتوحة"},{"رقم المقرر":82,"رمز المقرر":"103 عرب","اسم المقرر":"التحرير العربي","الشعبة":"8753","النشاط":"محاضرة","الساعات":"2","الجنس":"ذكر","الحالة":"مفتوحة"},{"رقم المقرر":83,"رمز المقرر":"103 عرب","اسم المقرر":"التحرير العربي","الشعبة":"8754","النشاط":"محاضرة","الساعات":"2","الجنس":"ذكر","الحالة":"مغلقة"},{"رقم المقرر":84,"رمز المقرر":"103 عرب","اسم المقرر":"التحرير العربي","الشعبة":"11665","النشاط":"محاضرة","الساعات":"2","الجنس":"ذكر","الحالة":"مغلقة"},{"رقم المقرر":85,"رمز المقرر":"103 عرب","اسم المقرر":"التحرير العربي","الشعبة":"11667","النشاط":"محاضرة","الساعات":"2","الجنس":"ذكر","الحالة":"مغلقة"},{"رقم المقرر":86,"رمز المقرر":"103 عرب","اسم المقرر":"التحرير العربي","الشعبة":"11669","النشاط":"محاضرة","الساعات":"2","الجنس":"ذكر","الحالة":"مفتوحة"},{"رقم المقرر":87,"رمز المقرر":"103 عرب","اسم المقرر":"التحرير العربي","الشعبة":"11671","النشاط":"محاضرة","الساعات":"2","الجنس":"ذكر","الحالة":"مفتوحة"},{"رقم المقرر":88,"رمز المقرر":"103 عرب","اسم المقرر":"التحرير العربي","الشعبة":"11673","النشاط":"محاضرة","الساعات":"2","الجنس":"ذكر","الحالة":"مغلقة"},{"رقم المقرر":89,"رمز المقرر":"103 عرب","اسم المقرر":"التحرير العربي","الشعبة":"12000","النشاط":"محاضرة","الساعات":"2","الجنس":"ذكر","الحالة":"مفتوحة"},{"رقم المقرر":90,"رمز المقرر":"103 عرب","اسم المقرر":"التحرير العربي","الشعبة":"16162","النشاط":"محاضرة","الساعات":"2","الجنس":"ذكر","الحالة":"مفتوحة"},{"رقم المقرر":91,"رمز المقرر":"103 عرب","اسم المقرر":"التحرير العربي","الشعبة":"18900","النشاط":"محاضرة","الساعات":"2","الجنس":"ذكر","الحالة":"مفتوحة"},{"رقم المقرر":92,"رمز المقرر":"103 عرب","اسم المقرر":"التحرير العربي","الشعبة":"20138","النشاط":"محاضرة","الساعات":"2","الجنس":"ذكر","الحالة":"مغلقة"},{"رقم المقرر":93,"رمز المقرر":"103 عرب","اسم المقرر":"التحرير العربي","الشعبة":"27252","النشاط":"محاضرة","الساعات":"2","الجنس":"ذكر","الحالة":"مفتوحة"},{"رقم المقرر":94,"رمز المقرر":"103 عرب","اسم المقرر":"التحرير العربي","الشعبة":"29189","النشاط":"محاضرة","الساعات":"2","الجنس":"ذكر","الحالة":"مفتوحة"},{"رقم المقرر":95,"رمز المقرر":"103 عرب","اسم المقرر":"التحرير العربي","الشعبة":"29190","النشاط":"محاضرة","الساعات":"2","الجنس":"ذكر","الحالة":"مفتوحة"},{"رقم المقرر":96,"رمز المقرر":"103 عرب","اسم المقرر":"التحرير العربي","الشعبة":"32331","النشاط":"محاضرة","الساعات":"2","الجنس":"ذكر","الحالة":"مغلقة"},{"رقم المقرر":97,"رمز المقرر":"103 عرب","اسم المقرر":"التحرير العربي","الشعبة":"32333","النشاط":"محاضرة","الساعات":"2","الجنس":"ذكر","الحالة":"مغلقة"},{"رقم المقرر":98,"رمز المقرر":"103 عرب","اسم المقرر":"التحرير العربي","الشعبة":"32432","النشاط":"محاضرة","الساعات":"2","الجنس":"ذكر","الحالة":"مغلقة"},{"رقم المقرر":99,"رمز المقرر":"103 عرب","اسم المقرر":"التحرير العربي","الشعبة":"32433","النشاط":"محاضرة","الساعات":"2","الجنس":"ذكر","الحالة":"مفتوحة"},{"رقم المقرر":100,"رمز المقرر":"103 عرب","اسم المقرر":"التحرير العربي","الشعبة":"32436","النشاط":"محاضرة","الساعات":"2","الجنس":"ذكر","الحالة":"مفتوحة"},{"رقم المقرر":101,"رمز المقرر":"103 عرب","اسم المقرر":"التحرير العربي","الشعبة":"32443","النشاط":"محاضرة","الساعات":"2","الجنس":"ذكر","الحالة":"مفتوحة"},{"رقم المقرر":102,"رمز المقرر":"103 عرب","اسم المقرر":"التحرير العربي","الشعبة":"34060","النشاط":"محاضرة","الساعات":"2","الجنس":"ذكر","الحالة":"مفتوحة"},{"رقم المقرر":103,"رمز المقرر":"103 عرب","اسم المقرر":"التحرير العربي","الشعبة":"34061","النشاط":"محاضرة","الساعات":"2","الجنس":"ذكر","الحالة":"مفتوحة"},{"رقم المقرر":104,"رمز المقرر":"103 عرب","اسم المقرر":"التحرير العربي","الشعبة":"43497","النشاط":"محاضرة","الساعات":"2","الجنس":"ذكر","الحالة":"مفتوحة"},{"رقم المقرر":105,"رمز المقرر":"103 عرب","اسم المقرر":"التحرير العربي","الشعبة":"43523","النشاط":"محاضرة","الساعات":"2","الجنس":"ذكر","الحالة":"مفتوحة"},{"رقم المقرر":106,"رمز المقرر":"103 عرب","اسم المقرر":"التحرير العربي","الشعبة":"52559","النشاط":"محاضرة","الساعات":"2","الجنس":"ذكر","الحالة":"مغلقة"},{"رقم المقرر":107,"رمز المقرر":"103 عرب","اسم المقرر":"التحرير العربي","الشعبة":"52560","النشاط":"محاضرة","الساعات":"2","الجنس":"ذكر","الحالة":"مغلقة"},{"رقم المقرر":108,"رمز المقرر":"103 عرب","اسم المقرر":"التحرير العربي","الشعبة":"53276","النشاط":"محاضرة","الساعات":"2","الجنس":"ذكر","الحالة":"مفتوحة"},{"رقم المقرر":109,"رمز المقرر":"103 عرب","اسم المقرر":"التحرير العربي","الشعبة":"53279","النشاط":"محاضرة","الساعات":"2","الجنس":"ذكر","الحالة":"مفتوحة"},{"رقم المقرر":110,"رمز المقرر":"103 عرب","اسم المقرر":"التحرير العربي","الشعبة":"53280","النشاط":"محاضرة","الساعات":"2","الجنس":"ذكر","الحالة":"مفتوحة"},{"رقم المقرر":111,"رمز المقرر":"103 عرب","اسم المقرر":"التحرير العربي","الشعبة":"59851","النشاط":"محاضرة","الساعات":"2","الجنس":"ذكر","الحالة":"مفتوحة"},{"رقم المقرر":112,"رمز المقرر":"103 عرب","اسم المقرر":"التحرير العربي","الشعبة":"59852","النشاط":"محاضرة","الساعات":"2","الجنس":"ذكر","الحالة":"مفتوحة"},{"رقم المقرر":113,"رمز المقرر":"103 عرب","اسم المقرر":"التحرير العربي","الشعبة":"59853","النشاط":"محاضرة","الساعات":"2","الجنس":"ذكر","الحالة":"مفتوحة"},{"رقم المقرر":114,"رمز المقرر":"103 عرب","اسم المقرر":"التحرير العربي","الشعبة":"59854","النشاط":"محاضرة","الساعات":"2","الجنس":"ذكر","الحالة":"مفتوحة"},{"رقم المقرر":115,"رمز المقرر":"103 عرب","اسم المقرر":"التحرير العربي","الشعبة":"59855","النشاط":"محاضرة","الساعات":"2","الجنس":"ذكر","الحالة":"مفتوحة"},{"رقم المقرر":116,"رمز المقرر":"103 عرب","اسم المقرر":"التحرير العربي","الشعبة":"59856","النشاط":"محاضرة","الساعات":"2","الجنس":"ذكر","الحالة":"مفتوحة"},{"رقم المقرر":117,"رمز المقرر":"103 عرب","اسم المقرر":"التحرير العربي","الشعبة":"59857","النشاط":"محاضرة","الساعات":"2","الجنس":"ذكر","الحالة":"مفتوحة"},{"رقم المقرر":118,"رمز المقرر":"103 عرب","اسم المقرر":"التحرير العربي","الشعبة":"59858","النشاط":"محاضرة","الساعات":"2","الجنس":"ذكر","الحالة":"مفتوحة"},{"رقم المقرر":119,"رمز المقرر":"103 عرب","اسم المقرر":"التحرير العربي","الشعبة":"63107","النشاط":"محاضرة","الساعات":"2","الجنس":"ذكر","الحالة":"مفتوحة"},{"رقم المقرر":120,"رمز المقرر":"103 عرب","اسم المقرر":"التحرير العربي","الشعبة":"64856","النشاط":"محاضرة","الساعات":"2","الجنس":"ذكر","الحالة":"مفتوحة"},{"رقم المقرر":121,"رمز المقرر":"103 عرب","اسم المقرر":"التحرير العربي","الشعبة":"64857","النشاط":"محاضرة","الساعات":"2","الجنس":"ذكر","الحالة":"مفتوحة"},{"رقم المقرر":122,"رمز المقرر":"103 عرب","اسم المقرر":"التحرير العربي","الشعبة":"65563","النشاط":"محاضرة","الساعات":"2","الجنس":"ذكر","الحالة":"مفتوحة"},{"رقم المقرر":123,"رمز المقرر":"103 عرب","اسم المقرر":"التحرير العربي","الشعبة":"69071","النشاط":"محاضرة","الساعات":"2","الجنس":"ذكر","الحالة":"مغلقة"},{"رقم المقرر":124,"رمز المقرر":"381 طسن","اسم المقرر":"اسعاف التوقف الدوري التنفسي","الشعبة":"20161","النشاط":"محاضرة","الساعات":"1","الجنس":"ذكر","الحالة":"مفتوحة"},{"رقم المقرر":125,"رمز المقرر":"145 احص","اسم المقرر":"الإحصاء الحيوي","الشعبة":"71336","النشاط":"محاضرة","الساعات":"2","الجنس":"ذكر","الحالة":"مغلقة"},{"رقم المقرر":126,"رمز المقرر":"145 نجم","اسم المقرر":"اللغة الإنجليزية للأغراض الصحية","الشعبة":"68649","النشاط":"محاضرة","الساعات":"8","الجنس":"ذكر","الحالة":"مفتوحة"},{"رقم المقرر":127,"رمز المقرر":"113 فسل","اسم المقرر":"علم وظائف الاعضاء","الشعبة":"29240","النشاط":"محاضرة","الساعات":"5","الجنس":"ذكر","الحالة":"مفتوحة"},{"رقم المقرر":128,"رمز المقرر":"113 فسل","اسم المقرر":"علم وظائف الاعضاء","الشعبة":"29241","النشاط":"عملي","الساعات":"","الجنس":"ذكر","الحالة":"مفتوحة"},{"رقم المقرر":129,"رمز المقرر":"110 لاس","اسم المقرر":"تشريح الأسنان","الشعبة":"29236","النشاط":"محاضرة","الساعات":"2","الجنس":"ذكر","الحالة":"مفتوحة"},{"رقم المقرر":130,"رمز المقرر":"110 لاس","اسم المقرر":"تشريح الأسنان","الشعبة":"29237","النشاط":"عملي","الساعات":"","الجنس":"ذكر","الحالة":"مفتوحة"},{"رقم المقرر":131,"رمز المقرر":"112 لاس","اسم المقرر":"مبادئ ترميم الأسنان","الشعبة":"29238","النشاط":"محاضرة","الساعات":"2","الجنس":"ذكر","الحالة":"مفتوحة"},{"رقم المقرر":132,"رمز المقرر":"112 لاس","اسم المقرر":"مبادئ ترميم الأسنان","الشعبة":"29239","النشاط":"عملي","الساعات":"","الجنس":"ذكر","الحالة":"مفتوحة"},{"رقم المقرر":133,"رمز المقرر":"132 لاس","اسم المقرر":"أساسيات مواد طب الأسنان","الشعبة":"29242","النشاط":"محاضرة","الساعات":"1","الجنس":"ذكر","الحالة":"مفتوحة"},{"رقم المقرر":134,"رمز المقرر":"211 جاس","اسم المقرر":"مقدمة في التخدير الموضعي","الشعبة":"30945","النشاط":"محاضرة","الساعات":"1","الجنس":"ذكر","الحالة":"مفتوحة"},{"رقم المقرر":135,"رمز المقرر":"212 جاس","اسم المقرر":"مقدمة في خلع الأسنان","الشعبة":"30946","النشاط":"محاضرة","الساعات":"1","الجنس":"ذكر","الحالة":"مفتوحة"},{"رقم المقرر":136,"رمز المقرر":"343 تاس","اسم المقرر":"اشعة الفم والوجه والفكين السريري (2)","الشعبة":"33738","النشاط":"محاضرة","الساعات":"2","الجنس":"ذكر","الحالة":"مفتوحة"},{"رقم المقرر":137,"رمز المقرر":"343 تاس","اسم المقرر":"اشعة الفم والوجه والفكين السريري (2)","الشعبة":"33739","النشاط":"عيادة","الساعات":"","الجنس":"ذكر","الحالة":"مفتوحة"},{"رقم المقرر":138,"رمز المقرر":"243 تاس","اسم المقرر":"أشعة الفم والوجه والفكين السريري (1)","الشعبة":"30951","النشاط":"محاضرة","الساعات":"4","الجنس":"ذكر","الحالة":"مفتوحة"},{"رقم المقرر":139,"رمز المقرر":"243 تاس","اسم المقرر":"أشعة الفم والوجه والفكين السريري (1)","الشعبة":"30952","النشاط":"عملي","الساعات":"","الجنس":"ذكر","الحالة":"مفتوحة"},{"رقم المقرر":140,"رمز المقرر":"281 طسن","اسم المقرر":"الأخلاقيات في طب الأسنان","الشعبة":"30960","النشاط":"محاضرة","الساعات":"1","الجنس":"ذكر","الحالة":"مفتوحة"},{"رقم المقرر":141,"رمز المقرر":"231 مرض","اسم المقرر":"علم الأمراض العام","الشعبة":"30961","النشاط":"محاضرة","الساعات":"3","الجنس":"ذكر","الحالة":"مفتوحة"},{"رقم المقرر":142,"رمز المقرر":"231 مرض","اسم المقرر":"علم الأمراض العام","الشعبة":"30962","النشاط":"عملي","الساعات":"","الجنس":"ذكر","الحالة":"مفتوحة"},{"رقم المقرر":143,"رمز المقرر":"213 لاس","اسم المقرر":"ترميم الأسنان قبل السريري","الشعبة":"30953","النشاط":"محاضرة","الساعات":"6","الجنس":"ذكر","الحالة":"مفتوحة"},{"رقم المقرر":144,"رمز المقرر":"213 لاس","اسم المقرر":"ترميم الأسنان قبل السريري","الشعبة":"30954","النشاط":"عملي","الساعات":"","الجنس":"ذكر","الحالة":"مفتوحة"},{"رقم المقرر":145,"رمز المقرر":"233 لاس","اسم المقرر":"علم مواد طب الأسنان الحيوية","الشعبة":"30975","النشاط":"محاضرة","الساعات":"3","الجنس":"ذكر","الحالة":"مفتوحة"},{"رقم المقرر":146,"رمز المقرر":"233 لاس","اسم المقرر":"علم مواد طب الأسنان الحيوية","الشعبة":"30976","النشاط":"عملي","الساعات":"","الجنس":"ذكر","الحالة":"مفتوحة"},{"رقم المقرر":147,"رمز المقرر":"242 تاس","اسم المقرر":"تشخيص أمراض الفم (1)","الشعبة":"30963","النشاط":"محاضرة","الساعات":"2","الجنس":"ذكر","الحالة":"مفتوحة"},{"رقم المقرر":148,"رمز المقرر":"242 تاس","اسم المقرر":"تشخيص أمراض الفم (1)","الشعبة":"30964","النشاط":"عملي","الساعات":"","الجنس":"ذكر","الحالة":"مفتوحة"},{"رقم المقرر":149,"رمز المقرر":"212 ماس","اسم المقرر":"مقدمة في الاستعاضة السنية والاطباق قبل السريري","الشعبة":"30958","النشاط":"محاضرة","الساعات":"2","الجنس":"ذكر","الحالة":"مفتوحة"},{"رقم المقرر":150,"رمز المقرر":"212 ماس","اسم المقرر":"مقدمة في الاستعاضة السنية والاطباق قبل السريري","الشعبة":"30959","النشاط":"عملي","الساعات":"","الجنس":"ذكر","الحالة":"مفتوحة"},{"رقم المقرر":151,"رمز المقرر":"311 جاس","اسم المقرر":"جراحة الفم السريري  (1)","الشعبة":"33730","النشاط":"محاضرة","الساعات":"2","الجنس":"ذكر","الحالة":"مفتوحة"},{"رقم المقرر":152,"رمز المقرر":"311 جاس","اسم المقرر":"جراحة الفم السريري  (1)","الشعبة":"33731","النشاط":"عيادة","الساعات":"","الجنس":"ذكر","الحالة":"مفتوحة"},{"رقم المقرر":153,"رمز المقرر":"312 جاس","اسم المقرر":"جراحة الفم السريري (2)","الشعبة":"33732","النشاط":"محاضرة","الساعات":"2","الجنس":"ذكر","الحالة":"مفتوحة"},{"رقم المقرر":154,"رمز المقرر":"312 جاس","اسم المقرر":"جراحة الفم السريري (2)","الشعبة":"33733","النشاط":"عيادة","الساعات":"","الجنس":"ذكر","الحالة":"مفتوحة"},{"رقم المقرر":155,"رمز المقرر":"341 تاس","اسم المقرر":"تشخيص أمراض الفم (2)","الشعبة":"33734","النشاط":"محاضرة","الساعات":"2","الجنس":"ذكر","الحالة":"مفتوحة"},{"رقم المقرر":156,"رمز المقرر":"341 تاس","اسم المقرر":"تشخيص أمراض الفم (2)","الشعبة":"33735","النشاط":"عيادة","الساعات":"","الجنس":"ذكر","الحالة":"مفتوحة"},{"رقم المقرر":157,"رمز المقرر":"313 لاس","اسم المقرر":"ترميم الاسنان السريري (1)","الشعبة":"33740","النشاط":"محاضرة","الساعات":"3","الجنس":"ذكر","الحالة":"مفتوحة"},{"رقم المقرر":158,"رمز المقرر":"313 لاس","اسم المقرر":"ترميم الاسنان السريري (1)","الشعبة":"33741","النشاط":"عيادة","الساعات":"","الجنس":"ذكر","الحالة":"مفتوحة"},{"رقم المقرر":159,"رمز المقرر":"323 لاس","اسم المقرر":"علاج اللب والجذور قبل السريري","الشعبة":"33743","النشاط":"محاضرة","الساعات":"3","الجنس":"ذكر","الحالة":"مفتوحة"},{"رقم المقرر":160,"رمز المقرر":"323 لاس","اسم المقرر":"علاج اللب والجذور قبل السريري","الشعبة":"33744","النشاط":"عملي","الساعات":"","الجنس":"ذكر","الحالة":"مفتوحة"},{"رقم المقرر":161,"رمز المقرر":"312 طاس","اسم المقرر":"طب أسنان الأطفال قبل السريري","الشعبة":"33736","النشاط":"محاضرة","الساعات":"2","الجنس":"ذكر","الحالة":"مفتوحة"},{"رقم المقرر":162,"رمز المقرر":"312 طاس","اسم المقرر":"طب أسنان الأطفال قبل السريري","الشعبة":"33737","النشاط":"عملي","الساعات":"","الجنس":"ذكر","الحالة":"مفتوحة"},{"رقم المقرر":163,"رمز المقرر":"323 ماس","اسم المقرر":"التعويضات السنية المتحركة قبل السريرية","الشعبة":"36429","النشاط":"محاضرة","الساعات":"4","الجنس":"ذكر","الحالة":"مفتوحة"},{"رقم المقرر":164,"رمز المقرر":"323 ماس","اسم المقرر":"التعويضات السنية المتحركة قبل السريرية","الشعبة":"36430","النشاط":"عملي","الساعات":"","الجنس":"ذكر","الحالة":"مفتوحة"},{"رقم المقرر":165,"رمز المقرر":"333 ماس","اسم المقرر":"التعويضات السنية الثابتة قبل السريرية","الشعبة":"33749","النشاط":"محاضرة","الساعات":"6","الجنس":"ذكر","الحالة":"مفتوحة"},{"رقم المقرر":166,"رمز المقرر":"333 ماس","اسم المقرر":"التعويضات السنية الثابتة قبل السريرية","الشعبة":"33750","النشاط":"عملي","الساعات":"","الجنس":"ذكر","الحالة":"مفتوحة"},{"رقم المقرر":167,"رمز المقرر":"411 جاس","اسم المقرر":"الحالات الطبية الطارئة في طب الأسنان","الشعبة":"37363","النشاط":"محاضرة","الساعات":"1","الجنس":"ذكر","الحالة":"مفتوحة"},{"رقم المقرر":168,"رمز المقرر":"413 جاس","اسم المقرر":"جراحة الفم السريري في المستشفيات","الشعبة":"37370","النشاط":"عيادة","الساعات":"2","الجنس":"ذكر","الحالة":"مفتوحة"},{"رقم المقرر":169,"رمز المقرر":"422 تاس","اسم المقرر":"طب الفم (1)","الشعبة":"37402","النشاط":"محاضرة","الساعات":"2","الجنس":"ذكر","الحالة":"مفتوحة"},{"رقم المقرر":170,"رمز المقرر":"422 تاس","اسم المقرر":"طب الفم (1)","الشعبة":"37403","النشاط":"عيادة","الساعات":"","الجنس":"ذكر","الحالة":"مفتوحة"},{"رقم المقرر":171,"رمز المقرر":"413 لاس","اسم المقرر":"ترميم الاسنان السريري (2)","الشعبة":"37379","النشاط":"محاضرة","الساعات":"3","الجنس":"ذكر","الحالة":"مفتوحة"},{"رقم المقرر":172,"رمز المقرر":"413 لاس","اسم المقرر":"ترميم الاسنان السريري (2)","الشعبة":"37380","النشاط":"عيادة","الساعات":"","الجنس":"ذكر","الحالة":"مفتوحة"},{"رقم المقرر":173,"رمز المقرر":"423 لاس","اسم المقرر":"علاج اللب والجذور السريري","الشعبة":"37407","النشاط":"محاضرة","الساعات":"3","الجنس":"ذكر","الحالة":"مفتوحة"},{"رقم المقرر":174,"رمز المقرر":"423 لاس","اسم المقرر":"علاج اللب والجذور السريري","الشعبة":"37408","النشاط":"عيادة","الساعات":"","الجنس":"ذكر","الحالة":"مفتوحة"},{"رقم المقرر":175,"رمز المقرر":"413 طاس","اسم المقرر":"طب أسنان الأطفال السريري (1)","الشعبة":"37374","النشاط":"محاضرة","الساعات":"4","الجنس":"ذكر","الحالة":"مفتوحة"},{"رقم المقرر":176,"رمز المقرر":"413 طاس","اسم المقرر":"طب أسنان الأطفال السريري (1)","الشعبة":"37375","النشاط":"عيادة","الساعات":"","الجنس":"ذكر","الحالة":"مفتوحة"},{"رقم المقرر":177,"رمز المقرر":"423 طاس","اسم المقرر":"تقويم الأسنان قبل السريري","الشعبة":"37404","النشاط":"محاضرة","الساعات":"4","الجنس":"ذكر","الحالة":"مفتوحة"},{"رقم المقرر":178,"رمز المقرر":"423 طاس","اسم المقرر":"تقويم الأسنان قبل السريري","الشعبة":"37405","النشاط":"عملي","الساعات":"","الجنس":"ذكر","الحالة":"مفتوحة"},{"رقم المقرر":179,"رمز المقرر":"423 ماس","اسم المقرر":"التعويضات السنية المتحركة السريرية","الشعبة":"37409","النشاط":"محاضرة","الساعات":"3","الجنس":"ذكر","الحالة":"مفتوحة"},{"رقم المقرر":180,"رمز المقرر":"423 ماس","اسم المقرر":"التعويضات السنية المتحركة السريرية","الشعبة":"37410","النشاط":"عيادة","الساعات":"","الجنس":"ذكر","الحالة":"مفتوحة"},{"رقم المقرر":181,"رمز المقرر":"433 ماس","اسم المقرر":"التعويضات السنية الثابتة السريرية","الشعبة":"37413","النشاط":"محاضرة","الساعات":"3","الجنس":"ذكر","الحالة":"مفتوحة"},{"رقم المقرر":182,"رمز المقرر":"433 ماس","اسم المقرر":"التعويضات السنية الثابتة السريرية","الشعبة":"37414","النشاط":"عيادة","الساعات":"","الجنس":"ذكر","الحالة":"مفتوحة"},{"رقم المقرر":183,"رمز المقرر":"411 طبب","اسم المقرر":"الطب الباطني العام","الشعبة":"37367","النشاط":"محاضرة","الساعات":"2","الجنس":"ذكر","الحالة":"مفتوحة"},{"رقم المقرر":184,"رمز المقرر":"411 جرح","اسم المقرر":"الجراحة العامة","الشعبة":"37364","النشاط":"محاضرة","الساعات":"1","الجنس":"ذكر","الحالة":"مفتوحة"},{"رقم المقرر":185,"رمز المقرر":"491 تاس","اسم المقرر":"طب الفم (2)","الشعبة":"43756","النشاط":"محاضرة","الساعات":"2","الجنس":"ذكر","الحالة":"مفتوحة"},{"رقم المقرر":186,"رمز المقرر":"491 تاس","اسم المقرر":"طب الفم (2)","الشعبة":"43757","النشاط":"عيادة","الساعات":"","الجنس":"ذكر","الحالة":"مفتوحة"},{"رقم المقرر":187,"رمز المقرر":"491 طاس","اسم المقرر":"التشخيص والتخطيط العلاجي في تقويم الأسنان","الشعبة":"43758","النشاط":"محاضرة","الساعات":"1","الجنس":"ذكر","الحالة":"مفتوحة"},{"رقم المقرر":188,"رمز المقرر":"493 طاس","اسم المقرر":"طب أسنان الأطفال السريري (2)","الشعبة":"43759","النشاط":"عيادة","الساعات":"2","الجنس":"ذكر","الحالة":"مفتوحة"},{"رقم المقرر":189,"رمز المقرر":"493 طسن","اسم المقرر":"طب الأسنان الشامل","الشعبة":"43767","النشاط":"محاضرة","الساعات":"10","الجنس":"ذكر","الحالة":"مفتوحة"},{"رقم المقرر":190,"رمز المقرر":"493 طسن","اسم المقرر":"طب الأسنان الشامل","الشعبة":"43768","النشاط":"عيادة","الساعات":"","الجنس":"ذكر","الحالة":"مفتوحة"},{"رقم المقرر":191,"رمز المقرر":"493 ماس","اسم المقرر":"التعويضات السنية المتقدمة وزراعة الأسنان","الشعبة":"43764","النشاط":"محاضرة","الساعات":"4","الجنس":"ذكر","الحالة":"مفتوحة"},{"رقم المقرر":192,"رمز المقرر":"493 ماس","اسم المقرر":"التعويضات السنية المتقدمة وزراعة الأسنان","الشعبة":"43765","النشاط":"عيادة","الساعات":"","الجنس":"ذكر","الحالة":"مفتوحة"},{"رقم المقرر":193,"رمز المقرر":"492 طسن","اسم المقرر":"طب الأسنان في الشيخوخة","الشعبة":"43766","النشاط":"محاضرة","الساعات":"1","الجنس":"ذكر","الحالة":"مفتوحة"},{"رقم المقرر":194,"رمز المقرر":"113 شرح","اسم المقرر":"علم التشريح والأجنة والأنسجة","الشعبة":"29275","النشاط":"محاضرة","الساعات":"7","الجنس":"ذكر","الحالة":"مفتوحة"},{"رقم المقرر":195,"رمز المقرر":"113 شرح","اسم المقرر":"علم التشريح والأجنة والأنسجة","الشعبة":"29276","النشاط":"عملي","الساعات":"","الجنس":"ذكر","الحالة":"مفتوحة"},{"رقم المقرر":196,"رمز المقرر":"181 ناس","اسم المقرر":"مقدمة في طب الأسنان","الشعبة":"29245","النشاط":"محاضرة","الساعات":"1","الجنس":"ذكر","الحالة":"مفتوحة"},{"رقم المقرر":197,"رمز المقرر":"182 ناس","اسم المقرر":"مقدمة في علم السلوك ووقاية الأسنان","الشعبة":"29246","النشاط":"محاضرة","الساعات":"1","الجنس":"ذكر","الحالة":"مفتوحة"},{"رقم المقرر":198,"رمز المقرر":"222 ناس","اسم المقرر":"طب الأسنان الوقائي","الشعبة":"30977","النشاط":"محاضرة","الساعات":"1","الجنس":"ذكر","الحالة":"مفتوحة"},{"رقم المقرر":199,"رمز المقرر":"106 سلم","اسم المقرر":"الفقه الطبي","الشعبة":"42773","النشاط":"محاضرة","الساعات":"2","الجنس":"ذكر","الحالة":"مفتوحة"},{"رقم المقرر":200,"رمز المقرر":"106 سلم","اسم المقرر":"الفقه الطبي","الشعبة":"42774","النشاط":"محاضرة","الساعات":"2","الجنس":"ذكر","الحالة":"مفتوحة"},{"رقم المقرر":201,"رمز المقرر":"106 سلم","اسم المقرر":"الفقه الطبي","الشعبة":"44134","النشاط":"محاضرة","الساعات":"2","الجنس":"ذكر","الحالة":"مفتوحة"},{"رقم المقرر":202,"رمز المقرر":"106 سلم","اسم المقرر":"الفقه الطبي","الشعبة":"44307","النشاط":"محاضرة","الساعات":"2","الجنس":"ذكر","الحالة":"مفتوحة"},{"رقم المقرر":203,"رمز المقرر":"106 سلم","اسم المقرر":"الفقه الطبي","الشعبة":"44308","النشاط":"محاضرة","الساعات":"2","الجنس":"ذكر","الحالة":"مفتوحة"},{"رقم المقرر":204,"رمز المقرر":"106 سلم","اسم المقرر":"الفقه الطبي","الشعبة":"44309","النشاط":"محاضرة","الساعات":"2","الجنس":"ذكر","الحالة":"مغلقة"},{"رقم المقرر":205,"رمز المقرر":"106 سلم","اسم المقرر":"الفقه الطبي","الشعبة":"44310","النشاط":"محاضرة","الساعات":"2","الجنس":"ذكر","الحالة":"مفتوحة"},{"رقم المقرر":206,"رمز المقرر":"106 سلم","اسم المقرر":"الفقه الطبي","الشعبة":"45025","النشاط":"محاضرة","الساعات":"2","الجنس":"ذكر","الحالة":"مفتوحة"},{"رقم المقرر":207,"رمز المقرر":"106 سلم","اسم المقرر":"الفقه الطبي","الشعبة":"45235","النشاط":"محاضرة","الساعات":"2","الجنس":"ذكر","الحالة":"مفتوحة"},{"رقم المقرر":208,"رمز المقرر":"106 سلم","اسم المقرر":"الفقه الطبي","الشعبة":"51665","النشاط":"محاضرة","الساعات":"2","الجنس":"ذكر","الحالة":"مغلقة"},{"رقم المقرر":209,"رمز المقرر":"106 سلم","اسم المقرر":"الفقه الطبي","الشعبة":"53083","النشاط":"محاضرة","الساعات":"2","الجنس":"ذكر","الحالة":"مغلقة"},{"رقم المقرر":210,"رمز المقرر":"106 سلم","اسم المقرر":"الفقه الطبي","الشعبة":"60226","النشاط":"محاضرة","الساعات":"2","الجنس":"ذكر","الحالة":"مفتوحة"},{"رقم المقرر":211,"رمز المقرر":"210 دوى","اسم المقرر":"علم الأدوية في طب الأسنان (1)","الشعبة":"31058","النشاط":"محاضرة","الساعات":"2","الجنس":"ذكر","الحالة":"مفتوحة"},{"رقم المقرر":212,"رمز المقرر":"107 سلم","اسم المقرر":"اخلاقيات المهنة","الشعبة":"44120","النشاط":"محاضرة","الساعات":"2","الجنس":"ذكر","الحالة":"مفتوحة"},{"رقم المقرر":213,"رمز المقرر":"107 سلم","اسم المقرر":"اخلاقيات المهنة","الشعبة":"44135","النشاط":"محاضرة","الساعات":"2","الجنس":"ذكر","الحالة":"مغلقة"},{"رقم المقرر":214,"رمز المقرر":"107 سلم","اسم المقرر":"اخلاقيات المهنة","الشعبة":"44154","النشاط":"محاضرة","الساعات":"2","الجنس":"ذكر","الحالة":"مغلقة"},{"رقم المقرر":215,"رمز المقرر":"107 سلم","اسم المقرر":"اخلاقيات المهنة","الشعبة":"44295","النشاط":"محاضرة","الساعات":"2","الجنس":"ذكر","الحالة":"مفتوحة"},{"رقم المقرر":216,"رمز المقرر":"107 سلم","اسم المقرر":"اخلاقيات المهنة","الشعبة":"44296","النشاط":"محاضرة","الساعات":"2","الجنس":"ذكر","الحالة":"مغلقة"},{"رقم المقرر":217,"رمز المقرر":"107 سلم","اسم المقرر":"اخلاقيات المهنة","الشعبة":"44297","النشاط":"محاضرة","الساعات":"2","الجنس":"ذكر","الحالة":"مفتوحة"},{"رقم المقرر":218,"رمز المقرر":"107 سلم","اسم المقرر":"اخلاقيات المهنة","الشعبة":"44298","النشاط":"محاضرة","الساعات":"2","الجنس":"ذكر","الحالة":"مفتوحة"},{"رقم المقرر":219,"رمز المقرر":"107 سلم","اسم المقرر":"اخلاقيات المهنة","الشعبة":"44299","النشاط":"محاضرة","الساعات":"2","الجنس":"ذكر","الحالة":"مغلقة"},{"رقم المقرر":220,"رمز المقرر":"107 سلم","اسم المقرر":"اخلاقيات المهنة","الشعبة":"44300","النشاط":"محاضرة","الساعات":"2","الجنس":"ذكر","الحالة":"مغلقة"},{"رقم المقرر":221,"رمز المقرر":"107 سلم","اسم المقرر":"اخلاقيات المهنة","الشعبة":"45027","النشاط":"محاضرة","الساعات":"2","الجنس":"ذكر","الحالة":"مفتوحة"},{"رقم المقرر":222,"رمز المقرر":"107 سلم","اسم المقرر":"اخلاقيات المهنة","الشعبة":"45098","النشاط":"محاضرة","الساعات":"2","الجنس":"ذكر","الحالة":"مغلقة"},{"رقم المقرر":223,"رمز المقرر":"107 سلم","اسم المقرر":"اخلاقيات المهنة","الشعبة":"45228","النشاط":"محاضرة","الساعات":"2","الجنس":"ذكر","الحالة":"مفتوحة"},{"رقم المقرر":224,"رمز المقرر":"107 سلم","اسم المقرر":"اخلاقيات المهنة","الشعبة":"45232","النشاط":"محاضرة","الساعات":"2","الجنس":"ذكر","الحالة":"مفتوحة"},{"رقم المقرر":225,"رمز المقرر":"107 سلم","اسم المقرر":"اخلاقيات المهنة","الشعبة":"45682","النشاط":"محاضرة","الساعات":"2","الجنس":"ذكر","الحالة":"مغلقة"},{"رقم المقرر":226,"رمز المقرر":"107 سلم","اسم المقرر":"اخلاقيات المهنة","الشعبة":"45808","النشاط":"محاضرة","الساعات":"2","الجنس":"ذكر","الحالة":"مفتوحة"},{"رقم المقرر":227,"رمز المقرر":"107 سلم","اسم المقرر":"اخلاقيات المهنة","الشعبة":"45810","النشاط":"محاضرة","الساعات":"2","الجنس":"ذكر","الحالة":"مغلقة"},{"رقم المقرر":228,"رمز المقرر":"107 سلم","اسم المقرر":"اخلاقيات المهنة","الشعبة":"45811","النشاط":"محاضرة","الساعات":"2","الجنس":"ذكر","الحالة":"مغلقة"},{"رقم المقرر":229,"رمز المقرر":"107 سلم","اسم المقرر":"اخلاقيات المهنة","الشعبة":"45812","النشاط":"محاضرة","الساعات":"2","الجنس":"ذكر","الحالة":"مغلقة"},{"رقم المقرر":230,"رمز المقرر":"107 سلم","اسم المقرر":"اخلاقيات المهنة","الشعبة":"45813","النشاط":"محاضرة","الساعات":"2","الجنس":"ذكر","الحالة":"مفتوحة"},{"رقم المقرر":231,"رمز المقرر":"107 سلم","اسم المقرر":"اخلاقيات المهنة","الشعبة":"45814","النشاط":"محاضرة","الساعات":"2","الجنس":"ذكر","الحالة":"مغلقة"},{"رقم المقرر":232,"رمز المقرر":"107 سلم","اسم المقرر":"اخلاقيات المهنة","الشعبة":"45815","النشاط":"محاضرة","الساعات":"2","الجنس":"ذكر","الحالة":"مغلقة"},{"رقم المقرر":233,"رمز المقرر":"107 سلم","اسم المقرر":"اخلاقيات المهنة","الشعبة":"45816","النشاط":"محاضرة","الساعات":"2","الجنس":"ذكر","الحالة":"مغلقة"},{"رقم المقرر":234,"رمز المقرر":"107 سلم","اسم المقرر":"اخلاقيات المهنة","الشعبة":"45858","النشاط":"محاضرة","الساعات":"2","الجنس":"ذكر","الحالة":"مفتوحة"},{"رقم المقرر":235,"رمز المقرر":"107 سلم","اسم المقرر":"اخلاقيات المهنة","الشعبة":"45859","النشاط":"محاضرة","الساعات":"2","الجنس":"ذكر","الحالة":"مفتوحة"},{"رقم المقرر":236,"رمز المقرر":"107 سلم","اسم المقرر":"اخلاقيات المهنة","الشعبة":"45985","النشاط":"محاضرة","الساعات":"2","الجنس":"ذكر","الحالة":"مغلقة"},{"رقم المقرر":237,"رمز المقرر":"107 سلم","اسم المقرر":"اخلاقيات المهنة","الشعبة":"45994","النشاط":"محاضرة","الساعات":"2","الجنس":"ذكر","الحالة":"مغلقة"},{"رقم المقرر":238,"رمز المقرر":"107 سلم","اسم المقرر":"اخلاقيات المهنة","الشعبة":"54105","النشاط":"محاضرة","الساعات":"2","الجنس":"ذكر","الحالة":"مفتوحة"},{"رقم المقرر":239,"رمز المقرر":"107 سلم","اسم المقرر":"اخلاقيات المهنة","الشعبة":"56543","النشاط":"محاضرة","الساعات":"2","الجنس":"ذكر","الحالة":"مغلقة"},{"رقم المقرر":240,"رمز المقرر":"107 سلم","اسم المقرر":"اخلاقيات المهنة","الشعبة":"59359","النشاط":"محاضرة","الساعات":"2","الجنس":"ذكر","الحالة":"مفتوحة"},{"رقم المقرر":241,"رمز المقرر":"107 سلم","اسم المقرر":"اخلاقيات المهنة","الشعبة":"59661","النشاط":"محاضرة","الساعات":"2","الجنس":"ذكر","الحالة":"مفتوحة"},{"رقم المقرر":242,"رمز المقرر":"107 سلم","اسم المقرر":"اخلاقيات المهنة","الشعبة":"59667","النشاط":"محاضرة","الساعات":"2","الجنس":"ذكر","الحالة":"مغلقة"},{"رقم المقرر":243,"رمز المقرر":"107 سلم","اسم المقرر":"اخلاقيات المهنة","الشعبة":"59935","النشاط":"محاضرة","الساعات":"2","الجنس":"ذكر","الحالة":"مغلقة"},{"رقم المقرر":244,"رمز المقرر":"107 سلم","اسم المقرر":"اخلاقيات المهنة","الشعبة":"59948","النشاط":"محاضرة","الساعات":"2","الجنس":"ذكر","الحالة":"مغلقة"},{"رقم المقرر":245,"رمز المقرر":"107 سلم","اسم المقرر":"اخلاقيات المهنة","الشعبة":"59949","النشاط":"محاضرة","الساعات":"2","الجنس":"ذكر","الحالة":"مغلقة"},{"رقم المقرر":246,"رمز المقرر":"107 سلم","اسم المقرر":"اخلاقيات المهنة","الشعبة":"59957","النشاط":"محاضرة","الساعات":"2","الجنس":"ذكر","الحالة":"مفتوحة"},{"رقم المقرر":247,"رمز المقرر":"107 سلم","اسم المقرر":"اخلاقيات المهنة","الشعبة":"60302","النشاط":"محاضرة","الساعات":"2","الجنس":"ذكر","الحالة":"مغلقة"},{"رقم المقرر":248,"رمز المقرر":"107 سلم","اسم المقرر":"اخلاقيات المهنة","الشعبة":"64894","النشاط":"محاضرة","الساعات":"2","الجنس":"ذكر","الحالة":"مغلقة"},{"رقم المقرر":249,"رمز المقرر":"107 سلم","اسم المقرر":"اخلاقيات المهنة","الشعبة":"72203","النشاط":"محاضرة","الساعات":"2","الجنس":"ذكر","الحالة":"مغلقة"},{"رقم المقرر":250,"رمز المقرر":"107 سلم","اسم المقرر":"اخلاقيات المهنة","الشعبة":"72204","النشاط":"محاضرة","الساعات":"2","الجنس":"ذكر","الحالة":"مغلقة"},{"رقم المقرر":251,"رمز المقرر":"107 سلم","اسم المقرر":"اخلاقيات المهنة","الشعبة":"72205","النشاط":"محاضرة","الساعات":"2","الجنس":"ذكر","الحالة":"مغلقة"},{"رقم المقرر":252,"رمز المقرر":"313 ناس","اسم المقرر":"علم الأنسجة المحيطة بالأسنان السريري (1)","الشعبة":"33745","النشاط":"محاضرة","الساعات":"4","الجنس":"ذكر","الحالة":"مفتوحة"},{"رقم المقرر":253,"رمز المقرر":"313 ناس","اسم المقرر":"علم الأنسجة المحيطة بالأسنان السريري (1)","الشعبة":"33746","النشاط":"عيادة","الساعات":"","الجنس":"ذكر","الحالة":"مفتوحة"},{"رقم المقرر":254,"رمز المقرر":"105 سلم","اسم المقرر":"حقوق الإنسان","الشعبة":"43913","النشاط":"محاضرة","الساعات":"2","الجنس":"ذكر","الحالة":"مغلقة"},{"رقم المقرر":255,"رمز المقرر":"105 سلم","اسم المقرر":"حقوق الإنسان","الشعبة":"43914","النشاط":"محاضرة","الساعات":"2","الجنس":"ذكر","الحالة":"مغلقة"},{"رقم المقرر":256,"رمز المقرر":"105 سلم","اسم المقرر":"حقوق الإنسان","الشعبة":"43975","النشاط":"محاضرة","الساعات":"2","الجنس":"ذكر","الحالة":"مغلقة"},{"رقم المقرر":257,"رمز المقرر":"105 سلم","اسم المقرر":"حقوق الإنسان","الشعبة":"44012","النشاط":"محاضرة","الساعات":"2","الجنس":"ذكر","الحالة":"مغلقة"},{"رقم المقرر":258,"رمز المقرر":"105 سلم","اسم المقرر":"حقوق الإنسان","الشعبة":"44014","النشاط":"محاضرة","الساعات":"2","الجنس":"ذكر","الحالة":"مغلقة"},{"رقم المقرر":259,"رمز المقرر":"105 سلم","اسم المقرر":"حقوق الإنسان","الشعبة":"44018","النشاط":"محاضرة","الساعات":"2","الجنس":"ذكر","الحالة":"مغلقة"},{"رقم المقرر":260,"رمز المقرر":"105 سلم","اسم المقرر":"حقوق الإنسان","الشعبة":"44032","النشاط":"محاضرة","الساعات":"2","الجنس":"ذكر","الحالة":"مغلقة"},{"رقم المقرر":261,"رمز المقرر":"105 سلم","اسم المقرر":"حقوق الإنسان","الشعبة":"44133","النشاط":"محاضرة","الساعات":"2","الجنس":"ذكر","الحالة":"مغلقة"},{"رقم المقرر":262,"رمز المقرر":"105 سلم","اسم المقرر":"حقوق الإنسان","الشعبة":"45024","النشاط":"محاضرة","الساعات":"2","الجنس":"ذكر","الحالة":"مفتوحة"},{"رقم المقرر":263,"رمز المقرر":"105 سلم","اسم المقرر":"حقوق الإنسان","الشعبة":"45095","النشاط":"محاضرة","الساعات":"2","الجنس":"ذكر","الحالة":"مغلقة"},{"رقم المقرر":264,"رمز المقرر":"105 سلم","اسم المقرر":"حقوق الإنسان","الشعبة":"45096","النشاط":"محاضرة","الساعات":"2","الجنس":"ذكر","الحالة":"مغلقة"},{"رقم المقرر":265,"رمز المقرر":"105 سلم","اسم المقرر":"حقوق الإنسان","الشعبة":"45233","النشاط":"محاضرة","الساعات":"2","الجنس":"ذكر","الحالة":"مفتوحة"},{"رقم المقرر":266,"رمز المقرر":"105 سلم","اسم المقرر":"حقوق الإنسان","الشعبة":"45854","النشاط":"محاضرة","الساعات":"2","الجنس":"ذكر","الحالة":"مفتوحة"},{"رقم المقرر":267,"رمز المقرر":"105 سلم","اسم المقرر":"حقوق الإنسان","الشعبة":"45855","النشاط":"محاضرة","الساعات":"2","الجنس":"ذكر","الحالة":"مفتوحة"},{"رقم المقرر":268,"رمز المقرر":"105 سلم","اسم المقرر":"حقوق الإنسان","الشعبة":"51661","النشاط":"محاضرة","الساعات":"2","الجنس":"ذكر","الحالة":"مفتوحة"},{"رقم المقرر":269,"رمز المقرر":"105 سلم","اسم المقرر":"حقوق الإنسان","الشعبة":"59357","النشاط":"محاضرة","الساعات":"2","الجنس":"ذكر","الحالة":"مفتوحة"},{"رقم المقرر":270,"رمز المقرر":"105 سلم","اسم المقرر":"حقوق الإنسان","الشعبة":"59659","النشاط":"محاضرة","الساعات":"2","الجنس":"ذكر","الحالة":"مغلقة"},{"رقم المقرر":271,"رمز المقرر":"105 سلم","اسم المقرر":"حقوق الإنسان","الشعبة":"60211","النشاط":"محاضرة","الساعات":"2","الجنس":"ذكر","الحالة":"مغلقة"},{"رقم المقرر":272,"رمز المقرر":"105 سلم","اسم المقرر":"حقوق الإنسان","الشعبة":"60300","النشاط":"محاضرة","الساعات":"2","الجنس":"ذكر","الحالة":"مفتوحة"},{"رقم المقرر":273,"رمز المقرر":"105 سلم","اسم المقرر":"حقوق الإنسان","الشعبة":"60301","النشاط":"محاضرة","الساعات":"2","الجنس":"ذكر","الحالة":"مغلقة"},{"رقم المقرر":274,"رمز المقرر":"105 سلم","اسم المقرر":"حقوق الإنسان","الشعبة":"63085","النشاط":"محاضرة","الساعات":"2","الجنس":"ذكر","الحالة":"مفتوحة"},{"رقم المقرر":275,"رمز المقرر":"105 سلم","اسم المقرر":"حقوق الإنسان","الشعبة":"64892","النشاط":"محاضرة","الساعات":"2","الجنس":"ذكر","الحالة":"مفتوحة"},{"رقم المقرر":276,"رمز المقرر":"105 سلم","اسم المقرر":"حقوق الإنسان","الشعبة":"64893","النشاط":"محاضرة","الساعات":"2","الجنس":"ذكر","الحالة":"مفتوحة"},{"رقم المقرر":277,"رمز المقرر":"413 ناس","اسم المقرر":"علم الأنسجة المحيطة بالأسنان السريري (2)","الشعبة":"37385","النشاط":"محاضرة","الساعات":"4","الجنس":"ذكر","الحالة":"مفتوحة"},{"رقم المقرر":278,"رمز المقرر":"413 ناس","اسم المقرر":"علم الأنسجة المحيطة بالأسنان السريري (2)","الشعبة":"37386","النشاط":"عيادة","الساعات":"","الجنس":"ذكر","الحالة":"مفتوحة"},{"رقم المقرر":279,"رمز المقرر":"411 اذن","اسم المقرر":"جراحة الأنف والأذن والحنجرة","الشعبة":"37418","النشاط":"محاضرة","الساعات":"1","الجنس":"ذكر","الحالة":"مفتوحة"},{"رقم المقرر":280,"رمز المقرر":"491 دوى","اسم المقرر":"علم الأدوية في طب الأسنان (2)","الشعبة":"43805","النشاط":"محاضرة","الساعات":"1","الجنس":"ذكر","الحالة":"مفتوحة"},{"رقم المقرر":281,"رمز المقرر":"491 ناس","اسم المقرر":"الإحصاء الحيوي في طب الأسنان","الشعبة":"43760","النشاط":"محاضرة","الساعات":"1","الجنس":"ذكر","الحالة":"مفتوحة"},{"رقم المقرر":282,"رمز المقرر":"492 ناس","اسم المقرر":"إدارة ممارسة طب الأسنان","الشعبة":"43761","النشاط":"محاضرة","الساعات":"1","الجنس":"ذكر","الحالة":"مفتوحة"},{"رقم المقرر":283,"رمز المقرر":"493 ناس","اسم المقرر":"طب اسنان المجتمع والصحة العامة","الشعبة":"43762","النشاط":"محاضرة","الساعات":"4","الجنس":"ذكر","الحالة":"مفتوحة"},{"رقم المقرر":284,"رمز المقرر":"493 ناس","اسم المقرر":"طب اسنان المجتمع والصحة العامة","الشعبة":"43763","النشاط":"عملي","الساعات":"","الجنس":"ذكر","الحالة":"مفتوحة"},{"رقم المقرر":285,"رمز المقرر":"421 ميك","اسم المقرر":"علم الأحياء الدقيقة التطبيقي","الشعبة":"37419","النشاط":"محاضرة","الساعات":"1","الجنس":"ذكر","الحالة":"مفتوحة"},{"رقم المقرر":286,"رمز المقرر":"183 طسن","اسم المقرر":"أساسيات تقنية المعلوماتية الصحية","الشعبة":"37480","النشاط":"محاضرة","الساعات":"2","الجنس":"ذكر","الحالة":"مفتوحة"},{"رقم المقرر":287,"رمز المقرر":"163 دوى","اسم المقرر":"كيمياء حيوية","الشعبة":"37584","النشاط":"محاضرة","الساعات":"4","الجنس":"ذكر","الحالة":"مفتوحة"},{"رقم المقرر":288,"رمز المقرر":"253 تاس","اسم المقرر":"علم الأحياء والأنسجة للفم","الشعبة":"37481","النشاط":"محاضرة","الساعات":"3","الجنس":"ذكر","الحالة":"مفتوحة"},{"رقم المقرر":289,"رمز المقرر":"253 تاس","اسم المقرر":"علم الأحياء والأنسجة للفم","الشعبة":"37482","النشاط":"عملي","الساعات":"","الجنس":"ذكر","الحالة":"مفتوحة"},{"رقم المقرر":290,"رمز المقرر":"221 ميك","اسم المقرر":"علم الأحياء الدقيقة والمناعة","الشعبة":"37422","النشاط":"محاضرة","الساعات":"3","الجنس":"ذكر","الحالة":"مفتوحة"},{"رقم المقرر":291,"رمز المقرر":"221 ميك","اسم المقرر":"علم الأحياء الدقيقة والمناعة","الشعبة":"37423","النشاط":"عملي","الساعات":"","الجنس":"ذكر","الحالة":"مفتوحة"},{"رقم المقرر":292,"رمز المقرر":"331 تاس","اسم المقرر":"علم أمراض الفم (2)","الشعبة":"38004","النشاط":"محاضرة","الساعات":"2","الجنس":"ذكر","الحالة":"مفتوحة"},{"رقم المقرر":293,"رمز المقرر":"331 تاس","اسم المقرر":"علم أمراض الفم (2)","الشعبة":"38005","النشاط":"عملي","الساعات":"","الجنس":"ذكر","الحالة":"مفتوحة"},{"رقم المقرر":294,"رمز المقرر":"212 تاس","اسم المقرر":"علم أمراض الفم -1-","الشعبة":"38780","النشاط":"محاضرة","الساعات":"2","الجنس":"ذكر","الحالة":"مفتوحة"},{"رقم المقرر":295,"رمز المقرر":"212 تاس","اسم المقرر":"علم أمراض الفم -1-","الشعبة":"38781","النشاط":"عملي","الساعات":"","الجنس":"ذكر","الحالة":"مفتوحة"},{"رقم المقرر":296,"رمز المقرر":"100 سلم","اسم المقرر":"دراسات في السيرة النبوية","الشعبة":"44101","النشاط":"محاضرة","الساعات":"2","الجنس":"ذكر","الحالة":"مغلقة"},{"رقم المقرر":297,"رمز المقرر":"100 سلم","اسم المقرر":"دراسات في السيرة النبوية","الشعبة":"45675","النشاط":"محاضرة","الساعات":"2","الجنس":"ذكر","الحالة":"مفتوحة"},{"رقم المقرر":298,"رمز المقرر":"100 سلم","اسم المقرر":"دراسات في السيرة النبوية","الشعبة":"45820","النشاط":"محاضرة","الساعات":"2","الجنس":"ذكر","الحالة":"مغلقة"},{"رقم المقرر":299,"رمز المقرر":"100 سلم","اسم المقرر":"دراسات في السيرة النبوية","الشعبة":"52568","النشاط":"محاضرة","الساعات":"2","الجنس":"ذكر","الحالة":"مغلقة"},{"رقم المقرر":300,"رمز المقرر":"100 سلم","اسم المقرر":"دراسات في السيرة النبوية","الشعبة":"59358","النشاط":"محاضرة","الساعات":"2","الجنس":"ذكر","الحالة":"مغلقة"},{"رقم المقرر":301,"رمز المقرر":"100 سلم","اسم المقرر":"دراسات في السيرة النبوية","الشعبة":"59938","النشاط":"محاضرة","الساعات":"2","الجنس":"ذكر","الحالة":"مغلقة"},{"رقم المقرر":302,"رمز المقرر":"100 سلم","اسم المقرر":"دراسات في السيرة النبوية","الشعبة":"59940","النشاط":"محاضرة","الساعات":"2","الجنس":"ذكر","الحالة":"مفتوحة"},{"رقم المقرر":303,"رمز المقرر":"100 سلم","اسم المقرر":"دراسات في السيرة النبوية","الشعبة":"60206","النشاط":"محاضرة","الساعات":"2","الجنس":"ذكر","الحالة":"مفتوحة"},{"رقم المقرر":304,"رمز المقرر":"100 سلم","اسم المقرر":"دراسات في السيرة النبوية","الشعبة":"60213","النشاط":"محاضرة","الساعات":"2","الجنس":"ذكر","الحالة":"مغلقة"}]