[{"رقم المقرر":1,"رمز المقرر":"234 عرب","اسم المقرر":"النحو (1)","الشعبة":"40011","النشاط":"محاضرة","الساعات":"3","الجنس":"ذكر","الحالة":"مفتوحة"},{"رقم المقرر":2,"رمز المقرر":"234 عرب","اسم المقرر":"النحو (1)","الشعبة":"46117","النشاط":"عملي","الساعات":"","الجنس":"ذكر","الحالة":"مفتوحة"},{"رقم المقرر":3,"رمز المقرر":"234 عرب","اسم المقرر":"النحو (1)","الشعبة":"47071","النشاط":"محاضرة","الساعات":"3","الجنس":"ذكر","الحالة":"مفتوحة"},{"رقم المقرر":4,"رمز المقرر":"234 عرب","اسم المقرر":"النحو (1)","الشعبة":"47072","النشاط":"عملي","الساعات":"","الجنس":"ذكر","الحالة":"مفتوحة"},{"رقم المقرر":5,"رمز المقرر":"234 عرب","اسم المقرر":"النحو (1)","الشعبة":"57160","النشاط":"محاضرة","الساعات":"3","الجنس":"ذكر","الحالة":"مفتوحة"},{"رقم المقرر":6,"رمز المقرر":"234 عرب","اسم المقرر":"النحو (1)","الشعبة":"57161","النشاط":"عملي","الساعات":"","الجنس":"ذكر","الحالة":"مفتوحة"},{"رقم المقرر":7,"رمز المقرر":"234 عرب","اسم المقرر":"النحو (1)","الشعبة":"57162","النشاط":"محاضرة","الساعات":"3","الجنس":"ذكر","الحالة":"مغلقة"},{"رقم المقرر":8,"رمز المقرر":"234 عرب","اسم المقرر":"النحو (1)","الشعبة":"57163","النشاط":"عملي","الساعات":"","الجنس":"ذكر","الحالة":"مغلقة"},{"رقم المقرر":9,"رمز المقرر":"234 عرب","اسم المقرر":"النحو (1)","الشعبة":"61710","النشاط":"محاضرة","الساعات":"3","الجنس":"ذكر","الحالة":"مفتوحة"},{"رقم المقرر":10,"رمز المقرر":"234 عرب","اسم المقرر":"النحو (1)","الشعبة":"61711","النشاط":"عملي","الساعات":"","الجنس":"ذكر","الحالة":"مفتوحة"},{"رقم المقرر":11,"رمز المقرر":"234 عرب","اسم المقرر":"النحو (1)","الشعبة":"70073","النشاط":"محاضرة","الساعات":"3","الجنس":"ذكر","الحالة":"مفتوحة"},{"رقم المقرر":12,"رمز المقرر":"234 عرب","اسم المقرر":"النحو (1)","الشعبة":"70074","النشاط":"عملي","الساعات":"","الجنس":"ذكر","الحالة":"مفتوحة"},{"رقم المقرر":13,"رمز المقرر":"234 عرب","اسم المقرر":"النحو (1)","الشعبة":"72233","النشاط":"محاضرة","الساعات":"3","الجنس":"ذكر","الحالة":"مفتوحة"},{"رقم المقرر":14,"رمز المقرر":"234 عرب","اسم المقرر":"النحو (1)","الشعبة":"72234","النشاط":"عملي","الساعات":"","الجنس":"ذكر","الحالة":"مفتوحة"},{"رقم المقرر":15,"رمز المقرر":"234 عرب","اسم المقرر":"النحو (1)","الشعبة":"72235","النشاط":"محاضرة","الساعات":"3","الجنس":"ذكر","الحالة":"مفتوحة"},{"رقم المقرر":16,"رمز المقرر":"234 عرب","اسم المقرر":"النحو (1)","الشعبة":"72236","النشاط":"عملي","الساعات":"","الجنس":"ذكر","الحالة":"مفتوحة"},{"رقم المقرر":17,"رمز المقرر":"234 عرب","اسم المقرر":"النحو (1)","الشعبة":"72237","النشاط":"محاضرة","الساعات":"3","الجنس":"ذكر","الحالة":"مفتوحة"},{"رقم المقرر":18,"رمز المقرر":"234 عرب","اسم المقرر":"النحو (1)","الشعبة":"72238","النشاط":"عملي","الساعات":"","الجنس":"ذكر","الحالة":"مفتوحة"},{"رقم المقرر":19,"رمز المقرر":"106 سلم","اسم المقرر":"الفقه الطبي","الشعبة":"42773","النشاط":"محاضرة","الساعات":"2","الجنس":"ذكر","الحالة":"مفتوحة"},{"رقم المقرر":20,"رمز المقرر":"106 سلم","اسم المقرر":"الفقه الطبي","الشعبة":"42774","النشاط":"محاضرة","الساعات":"2","الجنس":"ذكر","الحالة":"مفتوحة"},{"رقم المقرر":21,"رمز المقرر":"106 سلم","اسم المقرر":"الفقه الطبي","الشعبة":"44134","النشاط":"محاضرة","الساعات":"2","الجنس":"ذكر","الحالة":"مفتوحة"},{"رقم المقرر":22,"رمز المقرر":"106 سلم","اسم المقرر":"الفقه الطبي","الشعبة":"44307","النشاط":"محاضرة","الساعات":"2","الجنس":"ذكر","الحالة":"مفتوحة"},{"رقم المقرر":23,"رمز المقرر":"106 سلم","اسم المقرر":"الفقه الطبي","الشعبة":"44308","النشاط":"محاضرة","الساعات":"2","الجنس":"ذكر","الحالة":"مفتوحة"},{"رقم المقرر":24,"رمز المقرر":"106 سلم","اسم المقرر":"الفقه الطبي","الشعبة":"44309","النشاط":"محاضرة","الساعات":"2","الجنس":"ذكر","الحالة":"مغلقة"},{"رقم المقرر":25,"رمز المقرر":"106 سلم","اسم المقرر":"الفقه الطبي","الشعبة":"44310","النشاط":"محاضرة","الساعات":"2","الجنس":"ذكر","الحالة":"مفتوحة"},{"رقم المقرر":26,"رمز المقرر":"106 سلم","اسم المقرر":"الفقه الطبي","الشعبة":"45025","النشاط":"محاضرة","الساعات":"2","الجنس":"ذكر","الحالة":"مفتوحة"},{"رقم المقرر":27,"رمز المقرر":"106 سلم","اسم المقرر":"الفقه الطبي","الشعبة":"45235","النشاط":"محاضرة","الساعات":"2","الجنس":"ذكر","الحالة":"مفتوحة"},{"رقم المقرر":28,"رمز المقرر":"106 سلم","اسم المقرر":"الفقه الطبي","الشعبة":"51665","النشاط":"محاضرة","الساعات":"2","الجنس":"ذكر","الحالة":"مغلقة"},{"رقم المقرر":29,"رمز المقرر":"106 سلم","اسم المقرر":"الفقه الطبي","الشعبة":"53083","النشاط":"محاضرة","الساعات":"2","الجنس":"ذكر","الحالة":"مغلقة"},{"رقم المقرر":30,"رمز المقرر":"106 سلم","اسم المقرر":"الفقه الطبي","الشعبة":"60226","النشاط":"محاضرة","الساعات":"2","الجنس":"ذكر","الحالة":"مفتوحة"},{"رقم المقرر":31,"رمز المقرر":"107 سلم","اسم المقرر":"اخلاقيات المهنة","الشعبة":"44120","النشاط":"محاضرة","الساعات":"2","الجنس":"ذكر","الحالة":"مفتوحة"},{"رقم المقرر":32,"رمز المقرر":"107 سلم","اسم المقرر":"اخلاقيات المهنة","الشعبة":"44135","النشاط":"محاضرة","الساعات":"2","الجنس":"ذكر","الحالة":"مغلقة"},{"رقم المقرر":33,"رمز المقرر":"107 سلم","اسم المقرر":"اخلاقيات المهنة","الشعبة":"44154","النشاط":"محاضرة","الساعات":"2","الجنس":"ذكر","الحالة":"مغلقة"},{"رقم المقرر":34,"رمز المقرر":"107 سلم","اسم المقرر":"اخلاقيات المهنة","الشعبة":"44295","النشاط":"محاضرة","الساعات":"2","الجنس":"ذكر","الحالة":"مفتوحة"},{"رقم المقرر":35,"رمز المقرر":"107 سلم","اسم المقرر":"اخلاقيات المهنة","الشعبة":"44296","النشاط":"محاضرة","الساعات":"2","الجنس":"ذكر","الحالة":"مغلقة"},{"رقم المقرر":36,"رمز المقرر":"107 سلم","اسم المقرر":"اخلاقيات المهنة","الشعبة":"44297","النشاط":"محاضرة","الساعات":"2","الجنس":"ذكر","الحالة":"مفتوحة"},{"رقم المقرر":37,"رمز المقرر":"107 سلم","اسم المقرر":"اخلاقيات المهنة","الشعبة":"44298","النشاط":"محاضرة","الساعات":"2","الجنس":"ذكر","الحالة":"مفتوحة"},{"رقم المقرر":38,"رمز المقرر":"107 سلم","اسم المقرر":"اخلاقيات المهنة","الشعبة":"44299","النشاط":"محاضرة","الساعات":"2","الجنس":"ذكر","الحالة":"مغلقة"},{"رقم المقرر":39,"رمز المقرر":"107 سلم","اسم المقرر":"اخلاقيات المهنة","الشعبة":"44300","النشاط":"محاضرة","الساعات":"2","الجنس":"ذكر","الحالة":"مغلقة"},{"رقم المقرر":40,"رمز المقرر":"107 سلم","اسم المقرر":"اخلاقيات المهنة","الشعبة":"45027","النشاط":"محاضرة","الساعات":"2","الجنس":"ذكر","الحالة":"مفتوحة"},{"رقم المقرر":41,"رمز المقرر":"107 سلم","اسم المقرر":"اخلاقيات المهنة","الشعبة":"45098","النشاط":"محاضرة","الساعات":"2","الجنس":"ذكر","الحالة":"مغلقة"},{"رقم المقرر":42,"رمز المقرر":"107 سلم","اسم المقرر":"اخلاقيات المهنة","الشعبة":"45228","النشاط":"محاضرة","الساعات":"2","الجنس":"ذكر","الحالة":"مفتوحة"},{"رقم المقرر":43,"رمز المقرر":"107 سلم","اسم المقرر":"اخلاقيات المهنة","الشعبة":"45232","النشاط":"محاضرة","الساعات":"2","الجنس":"ذكر","الحالة":"مفتوحة"},{"رقم المقرر":44,"رمز المقرر":"107 سلم","اسم المقرر":"اخلاقيات المهنة","الشعبة":"45682","النشاط":"محاضرة","الساعات":"2","الجنس":"ذكر","الحالة":"مغلقة"},{"رقم المقرر":45,"رمز المقرر":"107 سلم","اسم المقرر":"اخلاقيات المهنة","الشعبة":"45808","النشاط":"محاضرة","الساعات":"2","الجنس":"ذكر","الحالة":"مفتوحة"},{"رقم المقرر":46,"رمز المقرر":"107 سلم","اسم المقرر":"اخلاقيات المهنة","الشعبة":"45810","النشاط":"محاضرة","الساعات":"2","الجنس":"ذكر","الحالة":"مغلقة"},{"رقم المقرر":47,"رمز المقرر":"107 سلم","اسم المقرر":"اخلاقيات المهنة","الشعبة":"45811","النشاط":"محاضرة","الساعات":"2","الجنس":"ذكر","الحالة":"مغلقة"},{"رقم المقرر":48,"رمز المقرر":"107 سلم","اسم المقرر":"اخلاقيات المهنة","الشعبة":"45812","النشاط":"محاضرة","الساعات":"2","الجنس":"ذكر","الحالة":"مغلقة"},{"رقم المقرر":49,"رمز المقرر":"107 سلم","اسم المقرر":"اخلاقيات المهنة","الشعبة":"45813","النشاط":"محاضرة","الساعات":"2","الجنس":"ذكر","الحالة":"مفتوحة"},{"رقم المقرر":50,"رمز المقرر":"107 سلم","اسم المقرر":"اخلاقيات المهنة","الشعبة":"45814","النشاط":"محاضرة","الساعات":"2","الجنس":"ذكر","الحالة":"مغلقة"},{"رقم المقرر":51,"رمز المقرر":"107 سلم","اسم المقرر":"اخلاقيات المهنة","الشعبة":"45815","النشاط":"محاضرة","الساعات":"2","الجنس":"ذكر","الحالة":"مغلقة"},{"رقم المقرر":52,"رمز المقرر":"107 سلم","اسم المقرر":"اخلاقيات المهنة","الشعبة":"45816","النشاط":"محاضرة","الساعات":"2","الجنس":"ذكر","الحالة":"مغلقة"},{"رقم المقرر":53,"رمز المقرر":"107 سلم","اسم المقرر":"اخلاقيات المهنة","الشعبة":"45858","النشاط":"محاضرة","الساعات":"2","الجنس":"ذكر","الحالة":"مفتوحة"},{"رقم المقرر":54,"رمز المقرر":"107 سلم","اسم المقرر":"اخلاقيات المهنة","الشعبة":"45859","النشاط":"محاضرة","الساعات":"2","الجنس":"ذكر","الحالة":"مفتوحة"},{"رقم المقرر":55,"رمز المقرر":"107 سلم","اسم المقرر":"اخلاقيات المهنة","الشعبة":"45985","النشاط":"محاضرة","الساعات":"2","الجنس":"ذكر","الحالة":"مغلقة"},{"رقم المقرر":56,"رمز المقرر":"107 سلم","اسم المقرر":"اخلاقيات المهنة","الشعبة":"45994","النشاط":"محاضرة","الساعات":"2","الجنس":"ذكر","الحالة":"مغلقة"},{"رقم المقرر":57,"رمز المقرر":"107 سلم","اسم المقرر":"اخلاقيات المهنة","الشعبة":"54105","النشاط":"محاضرة","الساعات":"2","الجنس":"ذكر","الحالة":"مفتوحة"},{"رقم المقرر":58,"رمز المقرر":"107 سلم","اسم المقرر":"اخلاقيات المهنة","الشعبة":"56543","النشاط":"محاضرة","الساعات":"2","الجنس":"ذكر","الحالة":"مغلقة"},{"رقم المقرر":59,"رمز المقرر":"107 سلم","اسم المقرر":"اخلاقيات المهنة","الشعبة":"59359","النشاط":"محاضرة","الساعات":"2","الجنس":"ذكر","الحالة":"مفتوحة"},{"رقم المقرر":60,"رمز المقرر":"107 سلم","اسم المقرر":"اخلاقيات المهنة","الشعبة":"59661","النشاط":"محاضرة","الساعات":"2","الجنس":"ذكر","الحالة":"مفتوحة"},{"رقم المقرر":61,"رمز المقرر":"107 سلم","اسم المقرر":"اخلاقيات المهنة","الشعبة":"59667","النشاط":"محاضرة","الساعات":"2","الجنس":"ذكر","الحالة":"مغلقة"},{"رقم المقرر":62,"رمز المقرر":"107 سلم","اسم المقرر":"اخلاقيات المهنة","الشعبة":"59935","النشاط":"محاضرة","الساعات":"2","الجنس":"ذكر","الحالة":"مغلقة"},{"رقم المقرر":63,"رمز المقرر":"107 سلم","اسم المقرر":"اخلاقيات المهنة","الشعبة":"59948","النشاط":"محاضرة","الساعات":"2","الجنس":"ذكر","الحالة":"مغلقة"},{"رقم المقرر":64,"رمز المقرر":"107 سلم","اسم المقرر":"اخلاقيات المهنة","الشعبة":"59949","النشاط":"محاضرة","الساعات":"2","الجنس":"ذكر","الحالة":"مغلقة"},{"رقم المقرر":65,"رمز المقرر":"107 سلم","اسم المقرر":"اخلاقيات المهنة","الشعبة":"59957","النشاط":"محاضرة","الساعات":"2","الجنس":"ذكر","الحالة":"مفتوحة"},{"رقم المقرر":66,"رمز المقرر":"107 سلم","اسم المقرر":"اخلاقيات المهنة","الشعبة":"60302","النشاط":"محاضرة","الساعات":"2","الجنس":"ذكر","الحالة":"مغلقة"},{"رقم المقرر":67,"رمز المقرر":"107 سلم","اسم المقرر":"اخلاقيات المهنة","الشعبة":"64894","النشاط":"محاضرة","الساعات":"2","الجنس":"ذكر","الحالة":"مغلقة"},{"رقم المقرر":68,"رمز المقرر":"107 سلم","اسم المقرر":"اخلاقيات المهنة","الشعبة":"72203","النشاط":"محاضرة","الساعات":"2","الجنس":"ذكر","الحالة":"مغلقة"},{"رقم المقرر":69,"رمز المقرر":"107 سلم","اسم المقرر":"اخلاقيات المهنة","الشعبة":"72204","النشاط":"محاضرة","الساعات":"2","الجنس":"ذكر","الحالة":"مغلقة"},{"رقم المقرر":70,"رمز المقرر":"107 سلم","اسم المقرر":"اخلاقيات المهنة","الشعبة":"72205","النشاط":"محاضرة","الساعات":"2","الجنس":"ذكر","الحالة":"مغلقة"},{"رقم المقرر":71,"رمز المقرر":"105 سلم","اسم المقرر":"حقوق الإنسان","الشعبة":"43913","النشاط":"محاضرة","الساعات":"2","الجنس":"ذكر","الحالة":"مغلقة"},{"رقم المقرر":72,"رمز المقرر":"105 سلم","اسم المقرر":"حقوق الإنسان","الشعبة":"43914","النشاط":"محاضرة","الساعات":"2","الجنس":"ذكر","الحالة":"مغلقة"},{"رقم المقرر":73,"رمز المقرر":"105 سلم","اسم المقرر":"حقوق الإنسان","الشعبة":"43975","النشاط":"محاضرة","الساعات":"2","الجنس":"ذكر","الحالة":"مغلقة"},{"رقم المقرر":74,"رمز المقرر":"105 سلم","اسم المقرر":"حقوق الإنسان","الشعبة":"44012","النشاط":"محاضرة","الساعات":"2","الجنس":"ذكر","الحالة":"مغلقة"},{"رقم المقرر":75,"رمز المقرر":"105 سلم","اسم المقرر":"حقوق الإنسان","الشعبة":"44014","النشاط":"محاضرة","الساعات":"2","الجنس":"ذكر","الحالة":"مغلقة"},{"رقم المقرر":76,"رمز المقرر":"105 سلم","اسم المقرر":"حقوق الإنسان","الشعبة":"44018","النشاط":"محاضرة","الساعات":"2","الجنس":"ذكر","الحالة":"مغلقة"},{"رقم المقرر":77,"رمز المقرر":"105 سلم","اسم المقرر":"حقوق الإنسان","الشعبة":"44032","النشاط":"محاضرة","الساعات":"2","الجنس":"ذكر","الحالة":"مغلقة"},{"رقم المقرر":78,"رمز المقرر":"105 سلم","اسم المقرر":"حقوق الإنسان","الشعبة":"44133","النشاط":"محاضرة","الساعات":"2","الجنس":"ذكر","الحالة":"مغلقة"},{"رقم المقرر":79,"رمز المقرر":"105 سلم","اسم المقرر":"حقوق الإنسان","الشعبة":"45024","النشاط":"محاضرة","الساعات":"2","الجنس":"ذكر","الحالة":"مفتوحة"},{"رقم المقرر":80,"رمز المقرر":"105 سلم","اسم المقرر":"حقوق الإنسان","الشعبة":"45095","النشاط":"محاضرة","الساعات":"2","الجنس":"ذكر","الحالة":"مغلقة"},{"رقم المقرر":81,"رمز المقرر":"105 سلم","اسم المقرر":"حقوق الإنسان","الشعبة":"45096","النشاط":"محاضرة","الساعات":"2","الجنس":"ذكر","الحالة":"مغلقة"},{"رقم المقرر":82,"رمز المقرر":"105 سلم","اسم المقرر":"حقوق الإنسان","الشعبة":"45233","النشاط":"محاضرة","الساعات":"2","الجنس":"ذكر","الحالة":"مفتوحة"},{"رقم المقرر":83,"رمز المقرر":"105 سلم","اسم المقرر":"حقوق الإنسان","الشعبة":"45854","النشاط":"محاضرة","الساعات":"2","الجنس":"ذكر","الحالة":"مفتوحة"},{"رقم المقرر":84,"رمز المقرر":"105 سلم","اسم المقرر":"حقوق الإنسان","الشعبة":"45855","النشاط":"محاضرة","الساعات":"2","الجنس":"ذكر","الحالة":"مفتوحة"},{"رقم المقرر":85,"رمز المقرر":"105 سلم","اسم المقرر":"حقوق الإنسان","الشعبة":"51661","النشاط":"محاضرة","الساعات":"2","الجنس":"ذكر","الحالة":"مفتوحة"},{"رقم المقرر":86,"رمز المقرر":"105 سلم","اسم المقرر":"حقوق الإنسان","الشعبة":"59357","النشاط":"محاضرة","الساعات":"2","الجنس":"ذكر","الحالة":"مفتوحة"},{"رقم المقرر":87,"رمز المقرر":"105 سلم","اسم المقرر":"حقوق الإنسان","الشعبة":"59659","النشاط":"محاضرة","الساعات":"2","الجنس":"ذكر","الحالة":"مغلقة"},{"رقم المقرر":88,"رمز المقرر":"105 سلم","اسم المقرر":"حقوق الإنسان","الشعبة":"60211","النشاط":"محاضرة","الساعات":"2","الجنس":"ذكر","الحالة":"مغلقة"},{"رقم المقرر":89,"رمز المقرر":"105 سلم","اسم المقرر":"حقوق الإنسان","الشعبة":"60300","النشاط":"محاضرة","الساعات":"2","الجنس":"ذكر","الحالة":"مفتوحة"},{"رقم المقرر":90,"رمز المقرر":"105 سلم","اسم المقرر":"حقوق الإنسان","الشعبة":"60301","النشاط":"محاضرة","الساعات":"2","الجنس":"ذكر","الحالة":"مغلقة"},{"رقم المقرر":91,"رمز المقرر":"105 سلم","اسم المقرر":"حقوق الإنسان","الشعبة":"63085","النشاط":"محاضرة","الساعات":"2","الجنس":"ذكر","الحالة":"مفتوحة"},{"رقم المقرر":92,"رمز المقرر":"105 سلم","اسم المقرر":"حقوق الإنسان","الشعبة":"64892","النشاط":"محاضرة","الساعات":"2","الجنس":"ذكر","الحالة":"مفتوحة"},{"رقم المقرر":93,"رمز المقرر":"105 سلم","اسم المقرر":"حقوق الإنسان","الشعبة":"64893","النشاط":"محاضرة","الساعات":"2","الجنس":"ذكر","الحالة":"مفتوحة"},{"رقم المقرر":94,"رمز المقرر":"118 عرب","اسم المقرر":"مهارات القراءة","الشعبة":"38263","النشاط":"محاضرة","الساعات":"2","الجنس":"ذكر","الحالة":"مفتوحة"},{"رقم المقرر":95,"رمز المقرر":"118 عرب","اسم المقرر":"مهارات القراءة","الشعبة":"38264","النشاط":"محاضرة","الساعات":"2","الجنس":"ذكر","الحالة":"مفتوحة"},{"رقم المقرر":96,"رمز المقرر":"118 عرب","اسم المقرر":"مهارات القراءة","الشعبة":"38265","النشاط":"محاضرة","الساعات":"2","الجنس":"ذكر","الحالة":"مفتوحة"},{"رقم المقرر":97,"رمز المقرر":"118 عرب","اسم المقرر":"مهارات القراءة","الشعبة":"38266","النشاط":"محاضرة","الساعات":"2","الجنس":"ذكر","الحالة":"مغلقة"},{"رقم المقرر":98,"رمز المقرر":"118 عرب","اسم المقرر":"مهارات القراءة","الشعبة":"40007","النشاط":"محاضرة","الساعات":"2","الجنس":"ذكر","الحالة":"مفتوحة"},{"رقم المقرر":99,"رمز المقرر":"118 عرب","اسم المقرر":"مهارات القراءة","الشعبة":"57158","النشاط":"محاضرة","الساعات":"2","الجنس":"ذكر","الحالة":"مفتوحة"},{"رقم المقرر":100,"رمز المقرر":"118 عرب","اسم المقرر":"مهارات القراءة","الشعبة":"72226","النشاط":"محاضرة","الساعات":"2","الجنس":"ذكر","الحالة":"مغلقة"},{"رقم المقرر":101,"رمز المقرر":"118 عرب","اسم المقرر":"مهارات القراءة","الشعبة":"72227","النشاط":"محاضرة","الساعات":"2","الجنس":"ذكر","الحالة":"مفتوحة"},{"رقم المقرر":102,"رمز المقرر":"118 عرب","اسم المقرر":"مهارات القراءة","الشعبة":"72228","النشاط":"محاضرة","الساعات":"2","الجنس":"ذكر","الحالة":"مفتوحة"},{"رقم المقرر":103,"رمز المقرر":"119 عرب","اسم المقرر":"مهارات الكتابة","الشعبة":"38267","النشاط":"محاضرة","الساعات":"2","الجنس":"ذكر","الحالة":"مغلقة"},{"رقم المقرر":104,"رمز المقرر":"119 عرب","اسم المقرر":"مهارات الكتابة","الشعبة":"38268","النشاط":"محاضرة","الساعات":"2","الجنس":"ذكر","الحالة":"مفتوحة"},{"رقم المقرر":105,"رمز المقرر":"119 عرب","اسم المقرر":"مهارات الكتابة","الشعبة":"38269","النشاط":"محاضرة","الساعات":"2","الجنس":"ذكر","الحالة":"مفتوحة"},{"رقم المقرر":106,"رمز المقرر":"119 عرب","اسم المقرر":"مهارات الكتابة","الشعبة":"38270","النشاط":"محاضرة","الساعات":"2","الجنس":"ذكر","الحالة":"مفتوحة"},{"رقم المقرر":107,"رمز المقرر":"119 عرب","اسم المقرر":"مهارات الكتابة","الشعبة":"40009","النشاط":"محاضرة","الساعات":"2","الجنس":"ذكر","الحالة":"مفتوحة"},{"رقم المقرر":108,"رمز المقرر":"119 عرب","اسم المقرر":"مهارات الكتابة","الشعبة":"57159","النشاط":"محاضرة","الساعات":"2","الجنس":"ذكر","الحالة":"مفتوحة"},{"رقم المقرر":109,"رمز المقرر":"111 لمن","اسم المقرر":"القراءة (1)","الشعبة":"36771","النشاط":"محاضرة","الساعات":"3","الجنس":"ذكر","الحالة":"مغلقة"},{"رقم المقرر":110,"رمز المقرر":"112 لمن","اسم المقرر":"الاستماع (1)","الشعبة":"36772","النشاط":"محاضرة","الساعات":"3","الجنس":"ذكر","الحالة":"مغلقة"},{"رقم المقرر":111,"رمز المقرر":"113 لمن","اسم المقرر":"القواعد (1)","الشعبة":"36776","النشاط":"محاضرة","الساعات":"3","الجنس":"ذكر","الحالة":"مغلقة"},{"رقم المقرر":112,"رمز المقرر":"114 لمن","اسم المقرر":"الكتابة (1)","الشعبة":"36784","النشاط":"محاضرة","الساعات":"3","الجنس":"ذكر","الحالة":"مغلقة"},{"رقم المقرر":113,"رمز المقرر":"115 لمن","اسم المقرر":"الحديث (1)","الشعبة":"36780","النشاط":"محاضرة","الساعات":"3","الجنس":"ذكر","الحالة":"مغلقة"},{"رقم المقرر":114,"رمز المقرر":"122 لمن","اسم المقرر":"القراءة (2)","الشعبة":"37721","النشاط":"محاضرة","الساعات":"3","الجنس":"ذكر","الحالة":"مغلقة"},{"رقم المقرر":115,"رمز المقرر":"123 لمن","اسم المقرر":"الاستماع (2)","الشعبة":"37722","النشاط":"محاضرة","الساعات":"2","الجنس":"ذكر","الحالة":"مغلقة"},{"رقم المقرر":116,"رمز المقرر":"124 لمن","اسم المقرر":"القواعد (2)","الشعبة":"37723","النشاط":"محاضرة","الساعات":"3","الجنس":"ذكر","الحالة":"مغلقة"},{"رقم المقرر":117,"رمز المقرر":"125 لمن","اسم المقرر":"الكتابة (2)","الشعبة":"37724","النشاط":"محاضرة","الساعات":"3","الجنس":"ذكر","الحالة":"مغلقة"},{"رقم المقرر":118,"رمز المقرر":"126 لمن","اسم المقرر":"الحديث (2)","الشعبة":"37730","النشاط":"محاضرة","الساعات":"2","الجنس":"ذكر","الحالة":"مغلقة"},{"رقم المقرر":119,"رمز المقرر":"213 لمن","اسم المقرر":"القراءة (3)","الشعبة":"43358","النشاط":"محاضرة","الساعات":"2","الجنس":"ذكر","الحالة":"مفتوحة"},{"رقم المقرر":120,"رمز المقرر":"214 لمن","اسم المقرر":"الاستماع (3)","الشعبة":"43359","النشاط":"محاضرة","الساعات":"2","الجنس":"ذكر","الحالة":"مفتوحة"},{"رقم المقرر":121,"رمز المقرر":"215 لمن","اسم المقرر":"القواعد (3)","الشعبة":"43360","النشاط":"محاضرة","الساعات":"3","الجنس":"ذكر","الحالة":"مفتوحة"},{"رقم المقرر":122,"رمز المقرر":"216 لمن","اسم المقرر":"الكتابة (3)","الشعبة":"43362","النشاط":"محاضرة","الساعات":"2","الجنس":"ذكر","الحالة":"مفتوحة"},{"رقم المقرر":123,"رمز المقرر":"217 لمن","اسم المقرر":"الحديث (3)","الشعبة":"43361","النشاط":"محاضرة","الساعات":"2","الجنس":"ذكر","الحالة":"مفتوحة"},{"رقم المقرر":124,"رمز المقرر":"108 سلم","اسم المقرر":"قضايا معاصرة","الشعبة":"45099","النشاط":"محاضرة","الساعات":"2","الجنس":"ذكر","الحالة":"مغلقة"},{"رقم المقرر":125,"رمز المقرر":"108 سلم","اسم المقرر":"قضايا معاصرة","الشعبة":"45100","النشاط":"محاضرة","الساعات":"2","الجنس":"ذكر","الحالة":"مغلقة"},{"رقم المقرر":126,"رمز المقرر":"108 سلم","اسم المقرر":"قضايا معاصرة","الشعبة":"45685","النشاط":"محاضرة","الساعات":"2","الجنس":"ذكر","الحالة":"مفتوحة"},{"رقم المقرر":127,"رمز المقرر":"108 سلم","اسم المقرر":"قضايا معاصرة","الشعبة":"45817","النشاط":"محاضرة","الساعات":"2","الجنس":"ذكر","الحالة":"مغلقة"},{"رقم المقرر":128,"رمز المقرر":"108 سلم","اسم المقرر":"قضايا معاصرة","الشعبة":"45818","النشاط":"محاضرة","الساعات":"2","الجنس":"ذكر","الحالة":"مغلقة"},{"رقم المقرر":129,"رمز المقرر":"108 سلم","اسم المقرر":"قضايا معاصرة","الشعبة":"45819","النشاط":"محاضرة","الساعات":"2","الجنس":"ذكر","الحالة":"مغلقة"},{"رقم المقرر":130,"رمز المقرر":"108 سلم","اسم المقرر":"قضايا معاصرة","الشعبة":"45839","النشاط":"محاضرة","الساعات":"2","الجنس":"ذكر","الحالة":"مغلقة"},{"رقم المقرر":131,"رمز المقرر":"108 سلم","اسم المقرر":"قضايا معاصرة","الشعبة":"45856","النشاط":"محاضرة","الساعات":"2","الجنس":"ذكر","الحالة":"مفتوحة"},{"رقم المقرر":132,"رمز المقرر":"108 سلم","اسم المقرر":"قضايا معاصرة","الشعبة":"45857","النشاط":"محاضرة","الساعات":"2","الجنس":"ذكر","الحالة":"مفتوحة"},{"رقم المقرر":133,"رمز المقرر":"108 سلم","اسم المقرر":"قضايا معاصرة","الشعبة":"45987","النشاط":"محاضرة","الساعات":"2","الجنس":"ذكر","الحالة":"مغلقة"},{"رقم المقرر":134,"رمز المقرر":"108 سلم","اسم المقرر":"قضايا معاصرة","الشعبة":"45988","النشاط":"محاضرة","الساعات":"2","الجنس":"ذكر","الحالة":"مغلقة"},{"رقم المقرر":135,"رمز المقرر":"108 سلم","اسم المقرر":"قضايا معاصرة","الشعبة":"51653","النشاط":"محاضرة","الساعات":"2","الجنس":"ذكر","الحالة":"مغلقة"},{"رقم المقرر":136,"رمز المقرر":"108 سلم","اسم المقرر":"قضايا معاصرة","الشعبة":"51667","النشاط":"محاضرة","الساعات":"2","الجنس":"ذكر","الحالة":"مغلقة"},{"رقم المقرر":137,"رمز المقرر":"108 سلم","اسم المقرر":"قضايا معاصرة","الشعبة":"59936","النشاط":"محاضرة","الساعات":"2","الجنس":"ذكر","الحالة":"مغلقة"},{"رقم المقرر":138,"رمز المقرر":"108 سلم","اسم المقرر":"قضايا معاصرة","الشعبة":"59937","النشاط":"محاضرة","الساعات":"2","الجنس":"ذكر","الحالة":"مغلقة"},{"رقم المقرر":139,"رمز المقرر":"101 سلم","اسم المقرر":"أصول الثقافة الإسلامية","الشعبة":"43904","النشاط":"محاضرة","الساعات":"2","الجنس":"ذكر","الحالة":"مغلقة"},{"رقم المقرر":140,"رمز المقرر":"101 سلم","اسم المقرر":"أصول الثقافة الإسلامية","الشعبة":"43905","النشاط":"محاضرة","الساعات":"2","الجنس":"ذكر","الحالة":"مغلقة"},{"رقم المقرر":141,"رمز المقرر":"101 سلم","اسم المقرر":"أصول الثقافة الإسلامية","الشعبة":"43907","النشاط":"محاضرة","الساعات":"2","الجنس":"ذكر","الحالة":"مغلقة"},{"رقم المقرر":142,"رمز المقرر":"101 سلم","اسم المقرر":"أصول الثقافة الإسلامية","الشعبة":"43990","النشاط":"محاضرة","الساعات":"2","الجنس":"ذكر","الحالة":"مغلقة"},{"رقم المقرر":143,"رمز المقرر":"101 سلم","اسم المقرر":"أصول الثقافة الإسلامية","الشعبة":"43991","النشاط":"محاضرة","الساعات":"2","الجنس":"ذكر","الحالة":"مفتوحة"},{"رقم المقرر":144,"رمز المقرر":"101 سلم","اسم المقرر":"أصول الثقافة الإسلامية","الشعبة":"44010","النشاط":"محاضرة","الساعات":"2","الجنس":"ذكر","الحالة":"مفتوحة"},{"رقم المقرر":145,"رمز المقرر":"101 سلم","اسم المقرر":"أصول الثقافة الإسلامية","الشعبة":"44011","النشاط":"محاضرة","الساعات":"2","الجنس":"ذكر","الحالة":"مغلقة"},{"رقم المقرر":146,"رمز المقرر":"101 سلم","اسم المقرر":"أصول الثقافة الإسلامية","الشعبة":"44016","النشاط":"محاضرة","الساعات":"2","الجنس":"ذكر","الحالة":"مغلقة"},{"رقم المقرر":147,"رمز المقرر":"101 سلم","اسم المقرر":"أصول الثقافة الإسلامية","الشعبة":"44030","النشاط":"محاضرة","الساعات":"2","الجنس":"ذكر","الحالة":"مغلقة"},{"رقم المقرر":148,"رمز المقرر":"101 سلم","اسم المقرر":"أصول الثقافة الإسلامية","الشعبة":"44031","النشاط":"محاضرة","الساعات":"2","الجنس":"ذكر","الحالة":"مغلقة"},{"رقم المقرر":149,"رمز المقرر":"101 سلم","اسم المقرر":"أصول الثقافة الإسلامية","الشعبة":"44034","النشاط":"محاضرة","الساعات":"2","الجنس":"ذكر","الحالة":"مفتوحة"},{"رقم المقرر":150,"رمز المقرر":"101 سلم","اسم المقرر":"أصول الثقافة الإسلامية","الشعبة":"44035","النشاط":"محاضرة","الساعات":"2","الجنس":"ذكر","الحالة":"مفتوحة"},{"رقم المقرر":151,"رمز المقرر":"101 سلم","اسم المقرر":"أصول الثقافة الإسلامية","الشعبة":"44102","النشاط":"محاضرة","الساعات":"2","الجنس":"ذكر","الحالة":"مفتوحة"},{"رقم المقرر":152,"رمز المقرر":"101 سلم","اسم المقرر":"أصول الثقافة الإسلامية","الشعبة":"44140","النشاط":"محاضرة","الساعات":"2","الجنس":"ذكر","الحالة":"مغلقة"},{"رقم المقرر":153,"رمز المقرر":"101 سلم","اسم المقرر":"أصول الثقافة الإسلامية","الشعبة":"44142","النشاط":"محاضرة","الساعات":"2","الجنس":"ذكر","الحالة":"مغلقة"},{"رقم المقرر":154,"رمز المقرر":"101 سلم","اسم المقرر":"أصول الثقافة الإسلامية","الشعبة":"44143","النشاط":"محاضرة","الساعات":"2","الجنس":"ذكر","الحالة":"مغلقة"},{"رقم المقرر":155,"رمز المقرر":"101 سلم","اسم المقرر":"أصول الثقافة الإسلامية","الشعبة":"44144","النشاط":"محاضرة","الساعات":"2","الجنس":"ذكر","الحالة":"مغلقة"},{"رقم المقرر":156,"رمز المقرر":"101 سلم","اسم المقرر":"أصول الثقافة الإسلامية","الشعبة":"44346","النشاط":"محاضرة","الساعات":"2","الجنس":"ذكر","الحالة":"مفتوحة"},{"رقم المقرر":157,"رمز المقرر":"101 سلم","اسم المقرر":"أصول الثقافة الإسلامية","الشعبة":"44347","النشاط":"محاضرة","الساعات":"2","الجنس":"ذكر","الحالة":"مغلقة"},{"رقم المقرر":158,"رمز المقرر":"101 سلم","اسم المقرر":"أصول الثقافة الإسلامية","الشعبة":"44955","النشاط":"محاضرة","الساعات":"2","الجنس":"ذكر","الحالة":"مفتوحة"},{"رقم المقرر":159,"رمز المقرر":"101 سلم","اسم المقرر":"أصول الثقافة الإسلامية","الشعبة":"44960","النشاط":"محاضرة","الساعات":"2","الجنس":"ذكر","الحالة":"مفتوحة"},{"رقم المقرر":160,"رمز المقرر":"101 سلم","اسم المقرر":"أصول الثقافة الإسلامية","الشعبة":"44962","النشاط":"محاضرة","الساعات":"2","الجنس":"ذكر","الحالة":"مغلقة"},{"رقم المقرر":161,"رمز المقرر":"101 سلم","اسم المقرر":"أصول الثقافة الإسلامية","الشعبة":"45088","النشاط":"محاضرة","الساعات":"2","الجنس":"ذكر","الحالة":"مغلقة"},{"رقم المقرر":162,"رمز المقرر":"101 سلم","اسم المقرر":"أصول الثقافة الإسلامية","الشعبة":"45089","النشاط":"محاضرة","الساعات":"2","الجنس":"ذكر","الحالة":"مغلقة"},{"رقم المقرر":163,"رمز المقرر":"101 سلم","اسم المقرر":"أصول الثقافة الإسلامية","الشعبة":"45677","النشاط":"محاضرة","الساعات":"2","الجنس":"ذكر","الحالة":"مفتوحة"},{"رقم المقرر":164,"رمز المقرر":"101 سلم","اسم المقرر":"أصول الثقافة الإسلامية","الشعبة":"45823","النشاط":"محاضرة","الساعات":"2","الجنس":"ذكر","الحالة":"مغلقة"},{"رقم المقرر":165,"رمز المقرر":"101 سلم","اسم المقرر":"أصول الثقافة الإسلامية","الشعبة":"45824","النشاط":"محاضرة","الساعات":"2","الجنس":"ذكر","الحالة":"مغلقة"},{"رقم المقرر":166,"رمز المقرر":"101 سلم","اسم المقرر":"أصول الثقافة الإسلامية","الشعبة":"45972","النشاط":"محاضرة","الساعات":"2","الجنس":"ذكر","الحالة":"مغلقة"},{"رقم المقرر":167,"رمز المقرر":"101 سلم","اسم المقرر":"أصول الثقافة الإسلامية","الشعبة":"46003","النشاط":"محاضرة","الساعات":"2","الجنس":"ذكر","الحالة":"مغلقة"},{"رقم المقرر":168,"رمز المقرر":"101 سلم","اسم المقرر":"أصول الثقافة الإسلامية","الشعبة":"46007","النشاط":"محاضرة","الساعات":"2","الجنس":"ذكر","الحالة":"مفتوحة"},{"رقم المقرر":169,"رمز المقرر":"101 سلم","اسم المقرر":"أصول الثقافة الإسلامية","الشعبة":"51892","النشاط":"محاضرة","الساعات":"2","الجنس":"ذكر","الحالة":"مغلقة"},{"رقم المقرر":170,"رمز المقرر":"101 سلم","اسم المقرر":"أصول الثقافة الإسلامية","الشعبة":"53088","النشاط":"محاضرة","الساعات":"2","الجنس":"ذكر","الحالة":"مغلقة"},{"رقم المقرر":171,"رمز المقرر":"101 سلم","اسم المقرر":"أصول الثقافة الإسلامية","الشعبة":"53091","النشاط":"محاضرة","الساعات":"2","الجنس":"ذكر","الحالة":"مفتوحة"},{"رقم المقرر":172,"رمز المقرر":"101 سلم","اسم المقرر":"أصول الثقافة الإسلامية","الشعبة":"56642","النشاط":"محاضرة","الساعات":"2","الجنس":"ذكر","الحالة":"مغلقة"},{"رقم المقرر":173,"رمز المقرر":"101 سلم","اسم المقرر":"أصول الثقافة الإسلامية","الشعبة":"57141","النشاط":"محاضرة","الساعات":"2","الجنس":"ذكر","الحالة":"مفتوحة"},{"رقم المقرر":174,"رمز المقرر":"101 سلم","اسم المقرر":"أصول الثقافة الإسلامية","الشعبة":"59330","النشاط":"محاضرة","الساعات":"2","الجنس":"ذكر","الحالة":"مغلقة"},{"رقم المقرر":175,"رمز المقرر":"101 سلم","اسم المقرر":"أصول الثقافة الإسلامية","الشعبة":"60207","النشاط":"محاضرة","الساعات":"2","الجنس":"ذكر","الحالة":"مغلقة"},{"رقم المقرر":176,"رمز المقرر":"102 سلم","اسم المقرر":"الأسرة في الإسلام","الشعبة":"44146","النشاط":"محاضرة","الساعات":"2","الجنس":"ذكر","الحالة":"مغلقة"},{"رقم المقرر":177,"رمز المقرر":"102 سلم","اسم المقرر":"الأسرة في الإسلام","الشعبة":"44319","النشاط":"محاضرة","الساعات":"2","الجنس":"ذكر","الحالة":"مفتوحة"},{"رقم المقرر":178,"رمز المقرر":"102 سلم","اسم المقرر":"الأسرة في الإسلام","الشعبة":"44961","النشاط":"محاضرة","الساعات":"2","الجنس":"ذكر","الحالة":"مفتوحة"},{"رقم المقرر":179,"رمز المقرر":"102 سلم","اسم المقرر":"الأسرة في الإسلام","الشعبة":"45023","النشاط":"محاضرة","الساعات":"2","الجنس":"ذكر","الحالة":"مفتوحة"},{"رقم المقرر":180,"رمز المقرر":"102 سلم","اسم المقرر":"الأسرة في الإسلام","الشعبة":"45678","النشاط":"محاضرة","الساعات":"2","الجنس":"ذكر","الحالة":"مفتوحة"},{"رقم المقرر":181,"رمز المقرر":"102 سلم","اسم المقرر":"الأسرة في الإسلام","الشعبة":"45825","النشاط":"محاضرة","الساعات":"2","الجنس":"ذكر","الحالة":"مغلقة"},{"رقم المقرر":182,"رمز المقرر":"102 سلم","اسم المقرر":"الأسرة في الإسلام","الشعبة":"45973","النشاط":"محاضرة","الساعات":"2","الجنس":"ذكر","الحالة":"مغلقة"},{"رقم المقرر":183,"رمز المقرر":"102 سلم","اسم المقرر":"الأسرة في الإسلام","الشعبة":"45974","النشاط":"محاضرة","الساعات":"2","الجنس":"ذكر","الحالة":"مغلقة"},{"رقم المقرر":184,"رمز المقرر":"102 سلم","اسم المقرر":"الأسرة في الإسلام","الشعبة":"45975","النشاط":"محاضرة","الساعات":"2","الجنس":"ذكر","الحالة":"مغلقة"},{"رقم المقرر":185,"رمز المقرر":"102 سلم","اسم المقرر":"الأسرة في الإسلام","الشعبة":"45978","النشاط":"محاضرة","الساعات":"2","الجنس":"ذكر","الحالة":"مغلقة"},{"رقم المقرر":186,"رمز المقرر":"102 سلم","اسم المقرر":"الأسرة في الإسلام","الشعبة":"45989","النشاط":"محاضرة","الساعات":"2","الجنس":"ذكر","الحالة":"مغلقة"},{"رقم المقرر":187,"رمز المقرر":"102 سلم","اسم المقرر":"الأسرة في الإسلام","الشعبة":"45990","النشاط":"محاضرة","الساعات":"2","الجنس":"ذكر","الحالة":"مفتوحة"},{"رقم المقرر":188,"رمز المقرر":"102 سلم","اسم المقرر":"الأسرة في الإسلام","الشعبة":"46039","النشاط":"محاضرة","الساعات":"2","الجنس":"ذكر","الحالة":"مفتوحة"},{"رقم المقرر":189,"رمز المقرر":"102 سلم","اسم المقرر":"الأسرة في الإسلام","الشعبة":"46040","النشاط":"محاضرة","الساعات":"2","الجنس":"ذكر","الحالة":"مفتوحة"},{"رقم المقرر":190,"رمز المقرر":"102 سلم","اسم المقرر":"الأسرة في الإسلام","الشعبة":"51658","النشاط":"محاضرة","الساعات":"2","الجنس":"ذكر","الحالة":"مفتوحة"},{"رقم المقرر":191,"رمز المقرر":"102 سلم","اسم المقرر":"الأسرة في الإسلام","الشعبة":"56922","النشاط":"محاضرة","الساعات":"2","الجنس":"ذكر","الحالة":"مغلقة"},{"رقم المقرر":192,"رمز المقرر":"102 سلم","اسم المقرر":"الأسرة في الإسلام","الشعبة":"59656","النشاط":"محاضرة","الساعات":"2","الجنس":"ذكر","الحالة":"مغلقة"},{"رقم المقرر":193,"رمز المقرر":"102 سلم","اسم المقرر":"الأسرة في الإسلام","الشعبة":"59662","النشاط":"محاضرة","الساعات":"2","الجنس":"ذكر","الحالة":"مغلقة"},{"رقم المقرر":194,"رمز المقرر":"102 سلم","اسم المقرر":"الأسرة في الإسلام","الشعبة":"59932","النشاط":"محاضرة","الساعات":"2","الجنس":"ذكر","الحالة":"مغلقة"},{"رقم المقرر":195,"رمز المقرر":"102 سلم","اسم المقرر":"الأسرة في الإسلام","الشعبة":"59941","النشاط":"محاضرة","الساعات":"2","الجنس":"ذكر","الحالة":"مغلقة"},{"رقم المقرر":196,"رمز المقرر":"102 سلم","اسم المقرر":"الأسرة في الإسلام","الشعبة":"59942","النشاط":"محاضرة","الساعات":"2","الجنس":"ذكر","الحالة":"مغلقة"},{"رقم المقرر":197,"رمز المقرر":"102 سلم","اسم المقرر":"الأسرة في الإسلام","الشعبة":"59952","النشاط":"محاضرة","الساعات":"2","الجنس":"ذكر","الحالة":"مغلقة"},{"رقم المقرر":198,"رمز المقرر":"102 سلم","اسم المقرر":"الأسرة في الإسلام","الشعبة":"59953","النشاط":"محاضرة","الساعات":"2","الجنس":"ذكر","الحالة":"مغلقة"},{"رقم المقرر":199,"رمز المقرر":"102 سلم","اسم المقرر":"الأسرة في الإسلام","الشعبة":"60208","النشاط":"محاضرة","الساعات":"2","الجنس":"ذكر","الحالة":"مفتوحة"},{"رقم المقرر":200,"رمز المقرر":"103 سلم","اسم المقرر":"النظام الاقتصادي الإسلامي","الشعبة":"44148","النشاط":"محاضرة","الساعات":"2","الجنس":"ذكر","الحالة":"مغلقة"},{"رقم المقرر":201,"رمز المقرر":"103 سلم","اسم المقرر":"النظام الاقتصادي الإسلامي","الشعبة":"44149","النشاط":"محاضرة","الساعات":"2","الجنس":"ذكر","الحالة":"مفتوحة"},{"رقم المقرر":202,"رمز المقرر":"103 سلم","اسم المقرر":"النظام الاقتصادي الإسلامي","الشعبة":"44150","النشاط":"محاضرة","الساعات":"2","الجنس":"ذكر","الحالة":"مفتوحة"},{"رقم المقرر":203,"رمز المقرر":"103 سلم","اسم المقرر":"النظام الاقتصادي الإسلامي","الشعبة":"44320","النشاط":"محاضرة","الساعات":"2","الجنس":"ذكر","الحالة":"مغلقة"},{"رقم المقرر":204,"رمز المقرر":"103 سلم","اسم المقرر":"النظام الاقتصادي الإسلامي","الشعبة":"44963","النشاط":"محاضرة","الساعات":"2","الجنس":"ذكر","الحالة":"مغلقة"},{"رقم المقرر":205,"رمز المقرر":"103 سلم","اسم المقرر":"النظام الاقتصادي الإسلامي","الشعبة":"45091","النشاط":"محاضرة","الساعات":"2","الجنس":"ذكر","الحالة":"مغلقة"},{"رقم المقرر":206,"رمز المقرر":"103 سلم","اسم المقرر":"النظام الاقتصادي الإسلامي","الشعبة":"45092","النشاط":"محاضرة","الساعات":"2","الجنس":"ذكر","الحالة":"مغلقة"},{"رقم المقرر":207,"رمز المقرر":"103 سلم","اسم المقرر":"النظام الاقتصادي الإسلامي","الشعبة":"45680","النشاط":"محاضرة","الساعات":"2","الجنس":"ذكر","الحالة":"مغلقة"},{"رقم المقرر":208,"رمز المقرر":"103 سلم","اسم المقرر":"النظام الاقتصادي الإسلامي","الشعبة":"45979","النشاط":"محاضرة","الساعات":"2","الجنس":"ذكر","الحالة":"مغلقة"},{"رقم المقرر":209,"رمز المقرر":"103 سلم","اسم المقرر":"النظام الاقتصادي الإسلامي","الشعبة":"45980","النشاط":"محاضرة","الساعات":"2","الجنس":"ذكر","الحالة":"مغلقة"},{"رقم المقرر":210,"رمز المقرر":"103 سلم","اسم المقرر":"النظام الاقتصادي الإسلامي","الشعبة":"45981","النشاط":"محاضرة","الساعات":"2","الجنس":"ذكر","الحالة":"مغلقة"},{"رقم المقرر":211,"رمز المقرر":"103 سلم","اسم المقرر":"النظام الاقتصادي الإسلامي","الشعبة":"45991","النشاط":"محاضرة","الساعات":"2","الجنس":"ذكر","الحالة":"مفتوحة"},{"رقم المقرر":212,"رمز المقرر":"103 سلم","اسم المقرر":"النظام الاقتصادي الإسلامي","الشعبة":"46041","النشاط":"محاضرة","الساعات":"2","الجنس":"ذكر","الحالة":"مفتوحة"},{"رقم المقرر":213,"رمز المقرر":"103 سلم","اسم المقرر":"النظام الاقتصادي الإسلامي","الشعبة":"51659","النشاط":"محاضرة","الساعات":"2","الجنس":"ذكر","الحالة":"مفتوحة"},{"رقم المقرر":214,"رمز المقرر":"103 سلم","اسم المقرر":"النظام الاقتصادي الإسلامي","الشعبة":"59657","النشاط":"محاضرة","الساعات":"2","الجنس":"ذكر","الحالة":"مغلقة"},{"رقم المقرر":215,"رمز المقرر":"103 سلم","اسم المقرر":"النظام الاقتصادي الإسلامي","الشعبة":"59663","النشاط":"محاضرة","الساعات":"2","الجنس":"ذكر","الحالة":"مغلقة"},{"رقم المقرر":216,"رمز المقرر":"103 سلم","اسم المقرر":"النظام الاقتصادي الإسلامي","الشعبة":"60209","النشاط":"محاضرة","الساعات":"2","الجنس":"ذكر","الحالة":"مفتوحة"},{"رقم المقرر":217,"رمز المقرر":"104 سلم","اسم المقرر":"النظام السياسي الإسلامي","الشعبة":"44136","النشاط":"محاضرة","الساعات":"2","الجنس":"ذكر","الحالة":"مفتوحة"},{"رقم المقرر":218,"رمز المقرر":"104 سلم","اسم المقرر":"النظام السياسي الإسلامي","الشعبة":"44151","النشاط":"محاضرة","الساعات":"2","الجنس":"ذكر","الحالة":"مغلقة"},{"رقم المقرر":219,"رمز المقرر":"104 سلم","اسم المقرر":"النظام السياسي الإسلامي","الشعبة":"44152","النشاط":"محاضرة","الساعات":"2","الجنس":"ذكر","الحالة":"مغلقة"},{"رقم المقرر":220,"رمز المقرر":"104 سلم","اسم المقرر":"النظام السياسي الإسلامي","الشعبة":"44321","النشاط":"محاضرة","الساعات":"2","الجنس":"ذكر","الحالة":"مفتوحة"},{"رقم المقرر":221,"رمز المقرر":"104 سلم","اسم المقرر":"النظام السياسي الإسلامي","الشعبة":"44957","النشاط":"محاضرة","الساعات":"2","الجنس":"ذكر","الحالة":"مفتوحة"},{"رقم المقرر":222,"رمز المقرر":"104 سلم","اسم المقرر":"النظام السياسي الإسلامي","الشعبة":"44959","النشاط":"محاضرة","الساعات":"2","الجنس":"ذكر","الحالة":"مفتوحة"},{"رقم المقرر":223,"رمز المقرر":"104 سلم","اسم المقرر":"النظام السياسي الإسلامي","الشعبة":"45093","النشاط":"محاضرة","الساعات":"2","الجنس":"ذكر","الحالة":"مغلقة"},{"رقم المقرر":224,"رمز المقرر":"104 سلم","اسم المقرر":"النظام السياسي الإسلامي","الشعبة":"45094","النشاط":"محاضرة","الساعات":"2","الجنس":"ذكر","الحالة":"مغلقة"},{"رقم المقرر":225,"رمز المقرر":"104 سلم","اسم المقرر":"النظام السياسي الإسلامي","الشعبة":"45684","النشاط":"محاضرة","الساعات":"2","الجنس":"ذكر","الحالة":"مغلقة"},{"رقم المقرر":226,"رمز المقرر":"104 سلم","اسم المقرر":"النظام السياسي الإسلامي","الشعبة":"45983","النشاط":"محاضرة","الساعات":"2","الجنس":"ذكر","الحالة":"مغلقة"},{"رقم المقرر":227,"رمز المقرر":"104 سلم","اسم المقرر":"النظام السياسي الإسلامي","الشعبة":"45984","النشاط":"محاضرة","الساعات":"2","الجنس":"ذكر","الحالة":"مغلقة"},{"رقم المقرر":228,"رمز المقرر":"104 سلم","اسم المقرر":"النظام السياسي الإسلامي","الشعبة":"45992","النشاط":"محاضرة","الساعات":"2","الجنس":"ذكر","الحالة":"مفتوحة"},{"رقم المقرر":229,"رمز المقرر":"104 سلم","اسم المقرر":"النظام السياسي الإسلامي","الشعبة":"46044","النشاط":"محاضرة","الساعات":"2","الجنس":"ذكر","الحالة":"مفتوحة"},{"رقم المقرر":230,"رمز المقرر":"104 سلم","اسم المقرر":"النظام السياسي الإسلامي","الشعبة":"51660","النشاط":"محاضرة","الساعات":"2","الجنس":"ذكر","الحالة":"مغلقة"},{"رقم المقرر":231,"رمز المقرر":"104 سلم","اسم المقرر":"النظام السياسي الإسلامي","الشعبة":"56645","النشاط":"محاضرة","الساعات":"2","الجنس":"ذكر","الحالة":"مفتوحة"},{"رقم المقرر":232,"رمز المقرر":"104 سلم","اسم المقرر":"النظام السياسي الإسلامي","الشعبة":"57144","النشاط":"محاضرة","الساعات":"2","الجنس":"ذكر","الحالة":"مغلقة"},{"رقم المقرر":233,"رمز المقرر":"104 سلم","اسم المقرر":"النظام السياسي الإسلامي","الشعبة":"59658","النشاط":"محاضرة","الساعات":"2","الجنس":"ذكر","الحالة":"مغلقة"},{"رقم المقرر":234,"رمز المقرر":"104 سلم","اسم المقرر":"النظام السياسي الإسلامي","الشعبة":"59666","النشاط":"محاضرة","الساعات":"2","الجنس":"ذكر","الحالة":"مغلقة"},{"رقم المقرر":235,"رمز المقرر":"104 سلم","اسم المقرر":"النظام السياسي الإسلامي","الشعبة":"59933","النشاط":"محاضرة","الساعات":"2","الجنس":"ذكر","الحالة":"مغلقة"},{"رقم المقرر":236,"رمز المقرر":"104 سلم","اسم المقرر":"النظام السياسي الإسلامي","الشعبة":"59944","النشاط":"محاضرة","الساعات":"2","الجنس":"ذكر","الحالة":"مغلقة"},{"رقم المقرر":237,"رمز المقرر":"104 سلم","اسم المقرر":"النظام السياسي الإسلامي","الشعبة":"59955","النشاط":"محاضرة","الساعات":"2","الجنس":"ذكر","الحالة":"مفتوحة"},{"رقم المقرر":238,"رمز المقرر":"104 سلم","اسم المقرر":"النظام السياسي الإسلامي","الشعبة":"60210","النشاط":"محاضرة","الساعات":"2","الجنس":"ذكر","الحالة":"مفتوحة"},{"رقم المقرر":239,"رمز المقرر":"100 سلم","اسم المقرر":"دراسات في السيرة النبوية","الشعبة":"44101","النشاط":"محاضرة","الساعات":"2","الجنس":"ذكر","الحالة":"مغلقة"},{"رقم المقرر":240,"رمز المقرر":"100 سلم","اسم المقرر":"دراسات في السيرة النبوية","الشعبة":"45675","النشاط":"محاضرة","الساعات":"2","الجنس":"ذكر","الحالة":"مفتوحة"},{"رقم المقرر":241,"رمز المقرر":"100 سلم","اسم المقرر":"دراسات في السيرة النبوية","الشعبة":"45820","النشاط":"محاضرة","الساعات":"2","الجنس":"ذكر","الحالة":"مغلقة"},{"رقم المقرر":242,"رمز المقرر":"100 سلم","اسم المقرر":"دراسات في السيرة النبوية","الشعبة":"52568","النشاط":"محاضرة","الساعات":"2","الجنس":"ذكر","الحالة":"مغلقة"},{"رقم المقرر":243,"رمز المقرر":"100 سلم","اسم المقرر":"دراسات في السيرة النبوية","الشعبة":"59358","النشاط":"محاضرة","الساعات":"2","الجنس":"ذكر","الحالة":"مغلقة"},{"رقم المقرر":244,"رمز المقرر":"100 سلم","اسم المقرر":"دراسات في السيرة النبوية","الشعبة":"59938","النشاط":"محاضرة","الساعات":"2","الجنس":"ذكر","الحالة":"مغلقة"},{"رقم المقرر":245,"رمز المقرر":"100 سلم","اسم المقرر":"دراسات في السيرة النبوية","الشعبة":"59940","النشاط":"محاضرة","الساعات":"2","الجنس":"ذكر","الحالة":"مفتوحة"},{"رقم المقرر":246,"رمز المقرر":"100 سلم","اسم المقرر":"دراسات في السيرة النبوية","الشعبة":"60206","النشاط":"محاضرة","الساعات":"2","الجنس":"ذكر","الحالة":"مفتوحة"},{"رقم المقرر":247,"رمز المقرر":"100 سلم","اسم المقرر":"دراسات في السيرة النبوية","الشعبة":"60213","النشاط":"محاضرة","الساعات":"2","الجنس":"ذكر","الحالة":"مغلقة"},{"رقم المقرر":248,"رمز المقرر":"224 لمن","اسم المقرر":"قراءة 4","الشعبة":"44328","النشاط":"محاضرة","الساعات":"2","الجنس":"ذكر","الحالة":"مغلقة"},{"رقم المقرر":249,"رمز المقرر":"225 لمن","اسم المقرر":"الاستماع 4","الشعبة":"44331","النشاط":"محاضرة","الساعات":"2","الجنس":"ذكر","الحالة":"مغلقة"},{"رقم المقرر":250,"رمز المقرر":"226 لمن","اسم المقرر":"القواعد 4","الشعبة":"44334","النشاط":"محاضرة","الساعات":"2","الجنس":"ذكر","الحالة":"مفتوحة"},{"رقم المقرر":251,"رمز المقرر":"226 لمن","اسم المقرر":"القواعد 4","الشعبة":"44335","النشاط":"عملي","الساعات":"","الجنس":"ذكر","الحالة":"مفتوحة"},{"رقم المقرر":252,"رمز المقرر":"227 لمن","اسم المقرر":"الكتابة 4","الشعبة":"44341","النشاط":"محاضرة","الساعات":"2","الجنس":"ذكر","الحالة":"مغلقة"},{"رقم المقرر":253,"رمز المقرر":"228 لمن","اسم المقرر":"الحديث 4","الشعبة":"44342","النشاط":"محاضرة","الساعات":"2","الجنس":"ذكر","الحالة":"مغلقة"},{"رقم المقرر":254,"رمز المقرر":"229 لمن","اسم المقرر":"ثقافة اللغة الألمانية 1","الشعبة":"44351","النشاط":"محاضرة","الساعات":"2","الجنس":"ذكر","الحالة":"مفتوحة"},{"رقم المقرر":255,"رمز المقرر":"230 لمن","اسم المقرر":"مقدمة في علم اللسانيات","الشعبة":"44343","النشاط":"محاضرة","الساعات":"2","الجنس":"ذكر","الحالة":"مغلقة"},{"رقم المقرر":256,"رمز المقرر":"255 عرب","اسم المقرر":"الكتابة المتخصصة","الشعبة":"47073","النشاط":"محاضرة","الساعات":"2","الجنس":"ذكر","الحالة":"مغلقة"},{"رقم المقرر":257,"رمز المقرر":"255 عرب","اسم المقرر":"الكتابة المتخصصة","الشعبة":"57164","النشاط":"محاضرة","الساعات":"2","الجنس":"ذكر","الحالة":"مفتوحة"},{"رقم المقرر":258,"رمز المقرر":"255 عرب","اسم المقرر":"الكتابة المتخصصة","الشعبة":"57165","النشاط":"محاضرة","الساعات":"2","الجنس":"ذكر","الحالة":"مفتوحة"},{"رقم المقرر":259,"رمز المقرر":"255 عرب","اسم المقرر":"الكتابة المتخصصة","الشعبة":"61712","النشاط":"محاضرة","الساعات":"2","الجنس":"ذكر","الحالة":"مغلقة"},{"رقم المقرر":260,"رمز المقرر":"255 عرب","اسم المقرر":"الكتابة المتخصصة","الشعبة":"72239","النشاط":"محاضرة","الساعات":"2","الجنس":"ذكر","الحالة":"مغلقة"},{"رقم المقرر":261,"رمز المقرر":"255 عرب","اسم المقرر":"الكتابة المتخصصة","الشعبة":"72240","النشاط":"محاضرة","الساعات":"2","الجنس":"ذكر","الحالة":"مفتوحة"},{"رقم المقرر":262,"رمز المقرر":"160 نجم","اسم المقرر":"القراءة والكتابة -1-","الشعبة":"47053","النشاط":"محاضرة","الساعات":"3","الجنس":"ذكر","الحالة":"مغلقة"},{"رقم المقرر":263,"رمز المقرر":"160 نجم","اسم المقرر":"القراءة والكتابة -1-","الشعبة":"47054","النشاط":"محاضرة","الساعات":"3","الجنس":"ذكر","الحالة":"مغلقة"},{"رقم المقرر":264,"رمز المقرر":"160 نجم","اسم المقرر":"القراءة والكتابة -1-","الشعبة":"56744","النشاط":"محاضرة","الساعات":"3","الجنس":"ذكر","الحالة":"مغلقة"},{"رقم المقرر":265,"رمز المقرر":"170 نجم","اسم المقرر":"الاستماع والحديث -1-","الشعبة":"47056","النشاط":"محاضرة","الساعات":"2","الجنس":"ذكر","الحالة":"مفتوحة"},{"رقم المقرر":266,"رمز المقرر":"170 نجم","اسم المقرر":"الاستماع والحديث -1-","الشعبة":"47057","النشاط":"محاضرة","الساعات":"2","الجنس":"ذكر","الحالة":"مفتوحة"},{"رقم المقرر":267,"رمز المقرر":"170 نجم","اسم المقرر":"الاستماع والحديث -1-","الشعبة":"56745","النشاط":"محاضرة","الساعات":"2","الجنس":"ذكر","الحالة":"مفتوحة"},{"رقم المقرر":268,"رمز المقرر":"170 نجم","اسم المقرر":"الاستماع والحديث -1-","الشعبة":"72343","النشاط":"محاضرة","الساعات":"2","الجنس":"ذكر","الحالة":"مفتوحة"},{"رقم المقرر":269,"رمز المقرر":"315 لمن","اسم المقرر":"مقدمة في علم الترجمة","الشعبة":"47011","النشاط":"محاضرة","الساعات":"2","الجنس":"ذكر","الحالة":"مفتوحة"},{"رقم المقرر":270,"رمز المقرر":"315 لمن","اسم المقرر":"مقدمة في علم الترجمة","الشعبة":"47012","النشاط":"عملي","الساعات":"","الجنس":"ذكر","الحالة":"مفتوحة"},{"رقم المقرر":271,"رمز المقرر":"316 لمن","اسم المقرر":"تحليل الخطاب","الشعبة":"47013","النشاط":"محاضرة","الساعات":"2","الجنس":"ذكر","الحالة":"مفتوحة"},{"رقم المقرر":272,"رمز المقرر":"316 لمن","اسم المقرر":"تحليل الخطاب","الشعبة":"47014","النشاط":"عملي","الساعات":"","الجنس":"ذكر","الحالة":"مفتوحة"},{"رقم المقرر":273,"رمز المقرر":"317 لمن","اسم المقرر":"مقدمة في الدلالة والتداولية","الشعبة":"47017","النشاط":"محاضرة","الساعات":"2","الجنس":"ذكر","الحالة":"مفتوحة"},{"رقم المقرر":274,"رمز المقرر":"317 لمن","اسم المقرر":"مقدمة في الدلالة والتداولية","الشعبة":"47018","النشاط":"عملي","الساعات":"","الجنس":"ذكر","الحالة":"مفتوحة"},{"رقم المقرر":275,"رمز المقرر":"318 لمن","اسم المقرر":"ترجمة نصوص انسانية -1-","الشعبة":"47015","النشاط":"محاضرة","الساعات":"2","الجنس":"ذكر","الحالة":"مفتوحة"},{"رقم المقرر":276,"رمز المقرر":"318 لمن","اسم المقرر":"ترجمة نصوص انسانية -1-","الشعبة":"47016","النشاط":"عملي","الساعات":"","الجنس":"ذكر","الحالة":"مفتوحة"},{"رقم المقرر":277,"رمز المقرر":"350 عرب","اسم المقرر":"تطبيقات أسلوبية","الشعبة":"57166","النشاط":"محاضرة","الساعات":"3","الجنس":"ذكر","الحالة":"مغلقة"},{"رقم المقرر":278,"رمز المقرر":"350 عرب","اسم المقرر":"تطبيقات أسلوبية","الشعبة":"57167","النشاط":"محاضرة","الساعات":"3","الجنس":"ذكر","الحالة":"مفتوحة"},{"رقم المقرر":279,"رمز المقرر":"350 عرب","اسم المقرر":"تطبيقات أسلوبية","الشعبة":"61713","النشاط":"محاضرة","الساعات":"3","الجنس":"ذكر","الحالة":"مغلقة"},{"رقم المقرر":280,"رمز المقرر":"180 نجم","اسم المقرر":"القراءة والكتابة 2","الشعبة":"53741","النشاط":"محاضرة","الساعات":"3","الجنس":"ذكر","الحالة":"مفتوحة"},{"رقم المقرر":281,"رمز المقرر":"180 نجم","اسم المقرر":"القراءة والكتابة 2","الشعبة":"53742","النشاط":"محاضرة","الساعات":"3","الجنس":"ذكر","الحالة":"مفتوحة"},{"رقم المقرر":282,"رمز المقرر":"180 نجم","اسم المقرر":"القراءة والكتابة 2","الشعبة":"57172","النشاط":"محاضرة","الساعات":"3","الجنس":"ذكر","الحالة":"مغلقة"},{"رقم المقرر":283,"رمز المقرر":"190 نجم","اسم المقرر":"الاستماع والحديث 2","الشعبة":"53743","النشاط":"محاضرة","الساعات":"2","الجنس":"ذكر","الحالة":"مفتوحة"},{"رقم المقرر":284,"رمز المقرر":"190 نجم","اسم المقرر":"الاستماع والحديث 2","الشعبة":"53744","النشاط":"محاضرة","الساعات":"2","الجنس":"ذكر","الحالة":"مفتوحة"},{"رقم المقرر":285,"رمز المقرر":"190 نجم","اسم المقرر":"الاستماع والحديث 2","الشعبة":"57173","النشاط":"محاضرة","الساعات":"2","الجنس":"ذكر","الحالة":"مفتوحة"},{"رقم المقرر":286,"رمز المقرر":"200 نجم","اسم المقرر":"القراءة والكتابة 3","الشعبة":"53745","النشاط":"محاضرة","الساعات":"3","الجنس":"ذكر","الحالة":"مفتوحة"},{"رقم المقرر":287,"رمز المقرر":"200 نجم","اسم المقرر":"القراءة والكتابة 3","الشعبة":"53746","النشاط":"محاضرة","الساعات":"3","الجنس":"ذكر","الحالة":"مفتوحة"},{"رقم المقرر":288,"رمز المقرر":"210 نجم","اسم المقرر":"الاستماع والحديث 3","الشعبة":"53747","النشاط":"محاضرة","الساعات":"2","الجنس":"ذكر","الحالة":"مفتوحة"},{"رقم المقرر":289,"رمز المقرر":"210 نجم","اسم المقرر":"الاستماع والحديث 3","الشعبة":"53748","النشاط":"محاضرة","الساعات":"2","الجنس":"ذكر","الحالة":"مغلقة"},{"رقم المقرر":290,"رمز المقرر":"220 نجم","اسم المقرر":"القراءة والكتابة 4","الشعبة":"56939","النشاط":"محاضرة","الساعات":"3","الجنس":"ذكر","الحالة":"مفتوحة"},{"رقم المقرر":291,"رمز المقرر":"230 نجم","اسم المقرر":"الاستماع والحديث 4","الشعبة":"56940","النشاط":"محاضرة","الساعات":"2","الجنس":"ذكر","الحالة":"مفتوحة"},{"رقم المقرر":292,"رمز المقرر":"230 نجم","اسم المقرر":"الاستماع والحديث 4","الشعبة":"69105","النشاط":"محاضرة","الساعات":"2","الجنس":"ذكر","الحالة":"مغلقة"},{"رقم المقرر":293,"رمز المقرر":"322 لمن","اسم المقرر":"مقدمة في علم الأسلوب","الشعبة":"53392","النشاط":"محاضرة","الساعات":"2","الجنس":"ذكر","الحالة":"مغلقة"},{"رقم المقرر":294,"رمز المقرر":"323 لمن","اسم المقرر":"قراءات في أدب اللغة الألمانية","الشعبة":"53394","النشاط":"محاضرة","الساعات":"2","الجنس":"ذكر","الحالة":"مغلقة"},{"رقم المقرر":295,"رمز المقرر":"324 لمن","اسم المقرر":"ثقافة اللغة الألمانية 2","الشعبة":"53393","النشاط":"محاضرة","الساعات":"2","الجنس":"ذكر","الحالة":"مغلقة"},{"رقم المقرر":296,"رمز المقرر":"325 لمن","اسم المقرر":"ترجمة نصوص علمية وتقنية 1","الشعبة":"53395","النشاط":"محاضرة","الساعات":"2","الجنس":"ذكر","الحالة":"مفتوحة"},{"رقم المقرر":297,"رمز المقرر":"326 لمن","اسم المقرر":"ترجمة نصوص انسانية 2","الشعبة":"53396","النشاط":"محاضرة","الساعات":"2","الجنس":"ذكر","الحالة":"مغلقة"},{"رقم المقرر":298,"رمز المقرر":"415 لمن","اسم المقرر":"قضايا ومشكلات الترجمة والتعريب","الشعبة":"53398","النشاط":"محاضرة","الساعات":"2","الجنس":"ذكر","الحالة":"مغلقة"},{"رقم المقرر":299,"رمز المقرر":"416 لمن","اسم المقرر":"تطبيقات الحاسوب في الترجمة","الشعبة":"53399","النشاط":"محاضرة","الساعات":"2","الجنس":"ذكر","الحالة":"مغلقة"},{"رقم المقرر":300,"رمز المقرر":"417 لمن","اسم المقرر":"ترجمة نصوص انسانية 3","الشعبة":"53400","النشاط":"محاضرة","الساعات":"2","الجنس":"ذكر","الحالة":"مفتوحة"},{"رقم المقرر":301,"رمز المقرر":"418 لمن","اسم المقرر":"ترجمة نصوص علمية وتقنية 2","الشعبة":"53401","النشاط":"محاضرة","الساعات":"2","الجنس":"ذكر","الحالة":"مغلقة"},{"رقم المقرر":302,"رمز المقرر":"419 لمن","اسم المقرر":"ترجمة نصوص إسلامية","الشعبة":"53397","النشاط":"محاضرة","الساعات":"2","الجنس":"ذكر","الحالة":"مفتوحة"},{"رقم المقرر":303,"رمز المقرر":"420 لمن","اسم المقرر":"الترجمة الشفوية 1","الشعبة":"53402","النشاط":"محاضرة","الساعات":"2","الجنس":"ذكر","الحالة":"مغلقة"},{"رقم المقرر":304,"رمز المقرر":"423 لمن","اسم المقرر":"المشروع","الشعبة":"53403","النشاط":"محاضرة","الساعات":"4","الجنس":"ذكر","الحالة":"مغلقة"},{"رقم المقرر":305,"رمز المقرر":"424 لمن","اسم المقرر":"ترجمة نصوص انسانية 4","الشعبة":"53406","النشاط":"محاضرة","الساعات":"2","الجنس":"ذكر","الحالة":"مغلقة"},{"رقم المقرر":306,"رمز المقرر":"425 لمن","اسم المقرر":"ترجمة نصوص أدبية","الشعبة":"53404","النشاط":"محاضرة","الساعات":"2","الجنس":"ذكر","الحالة":"مغلقة"},{"رقم المقرر":307,"رمز المقرر":"426 لمن","اسم المقرر":"الترجمة الشفوية 2","الشعبة":"53405","النشاط":"محاضرة","الساعات":"2","الجنس":"ذكر","الحالة":"مغلقة"},{"رقم المقرر":308,"رمز المقرر":"100 قرأ","اسم المقرر":"القرآن الكريم","الشعبة":"58258","النشاط":"محاضرة","الساعات":"2","الجنس":"ذكر","الحالة":"مغلقة"},{"رقم المقرر":309,"رمز المقرر":"100 قرأ","اسم المقرر":"القرآن الكريم","الشعبة":"58259","النشاط":"محاضرة","الساعات":"2","الجنس":"ذكر","الحالة":"مغلقة"},{"رقم المقرر":310,"رمز المقرر":"100 قرأ","اسم المقرر":"القرآن الكريم","الشعبة":"58260","النشاط":"محاضرة","الساعات":"2","الجنس":"ذكر","الحالة":"مغلقة"},{"رقم المقرر":311,"رمز المقرر":"100 قرأ","اسم المقرر":"القرآن الكريم","الشعبة":"58261","النشاط":"محاضرة","الساعات":"2","الجنس":"ذكر","الحالة":"مغلقة"},{"رقم المقرر":312,"رمز المقرر":"100 قرأ","اسم المقرر":"القرآن الكريم","الشعبة":"58262","النشاط":"محاضرة","الساعات":"2","الجنس":"ذكر","الحالة":"مغلقة"},{"رقم المقرر":313,"رمز المقرر":"100 قرأ","اسم المقرر":"القرآن الكريم","الشعبة":"59905","النشاط":"محاضرة","الساعات":"2","الجنس":"ذكر","الحالة":"مغلقة"},{"رقم المقرر":314,"رمز المقرر":"100 قرأ","اسم المقرر":"القرآن الكريم","الشعبة":"59906","النشاط":"محاضرة","الساعات":"2","الجنس":"ذكر","الحالة":"مغلقة"},{"رقم المقرر":315,"رمز المقرر":"100 قرأ","اسم المقرر":"القرآن الكريم","الشعبة":"59907","النشاط":"محاضرة","الساعات":"2","الجنس":"ذكر","الحالة":"مغلقة"},{"رقم المقرر":316,"رمز المقرر":"100 قرأ","اسم المقرر":"القرآن الكريم","الشعبة":"60205","النشاط":"محاضرة","الساعات":"2","الجنس":"ذكر","الحالة":"مغلقة"},{"رقم المقرر":317,"رمز المقرر":"100 قرأ","اسم المقرر":"القرآن الكريم","الشعبة":"60212","النشاط":"محاضرة","الساعات":"2","الجنس":"ذكر","الحالة":"مغلقة"},{"رقم المقرر":318,"رمز المقرر":"100 قرأ","اسم المقرر":"القرآن الكريم","الشعبة":"60436","النشاط":"محاضرة","الساعات":"2","الجنس":"ذكر","الحالة":"مغلقة"},{"رقم المقرر":319,"رمز المقرر":"100 قرأ","اسم المقرر":"القرآن الكريم","الشعبة":"60437","النشاط":"محاضرة","الساعات":"2","الجنس":"ذكر","الحالة":"مغلقة"},{"رقم المقرر":320,"رمز المقرر":"100 قرأ","اسم المقرر":"القرآن الكريم","الشعبة":"64853","النشاط":"محاضرة","الساعات":"2","الجنس":"ذكر","الحالة":"مغلقة"},{"رقم المقرر":321,"رمز المقرر":"100 قرأ","اسم المقرر":"القرآن الكريم","الشعبة":"73068","النشاط":"محاضرة","الساعات":"2","الجنس":"ذكر","الحالة":"مغلقة"},{"رقم المقرر":322,"رمز المقرر":"100 قرأ","اسم المقرر":"القرآن الكريم","الشعبة":"73069","النشاط":"محاضرة","الساعات":"2","الجنس":"ذكر","الحالة":"مغلقة"}]