[{"رقم المقرر":1,"رمز المقرر":"171 نفس","اسم المقرر":"الصحة النفسية","الشعبة":"11718","النشاط":"محاضرة","الساعات":"2","الجنس":"ذكر","الحالة":"مغلقة"},{"رقم المقرر":2,"رمز المقرر":"101 عرب","اسم المقرر":"المهارات اللغوية","الشعبة":"1936","النشاط":"محاضرة","الساعات":"2","الجنس":"ذكر","الحالة":"مفتوحة"},{"رقم المقرر":3,"رمز المقرر":"101 عرب","اسم المقرر":"المهارات اللغوية","الشعبة":"1982","النشاط":"محاضرة","الساعات":"2","الجنس":"ذكر","الحالة":"مفتوحة"},{"رقم المقرر":4,"رمز المقرر":"101 عرب","اسم المقرر":"المهارات اللغوية","الشعبة":"3376","النشاط":"محاضرة","الساعات":"2","الجنس":"ذكر","الحالة":"مفتوحة"},{"رقم المقرر":5,"رمز المقرر":"101 عرب","اسم المقرر":"المهارات اللغوية","الشعبة":"3378","النشاط":"محاضرة","الساعات":"2","الجنس":"ذكر","الحالة":"مغلقة"},{"رقم المقرر":6,"رمز المقرر":"101 عرب","اسم المقرر":"المهارات اللغوية","الشعبة":"3596","النشاط":"محاضرة","الساعات":"2","الجنس":"ذكر","الحالة":"مفتوحة"},{"رقم المقرر":7,"رمز المقرر":"101 عرب","اسم المقرر":"المهارات اللغوية","الشعبة":"5328","النشاط":"محاضرة","الساعات":"2","الجنس":"ذكر","الحالة":"مغلقة"},{"رقم المقرر":8,"رمز المقرر":"101 عرب","اسم المقرر":"المهارات اللغوية","الشعبة":"5348","النشاط":"محاضرة","الساعات":"2","الجنس":"ذكر","الحالة":"مفتوحة"},{"رقم المقرر":9,"رمز المقرر":"101 عرب","اسم المقرر":"المهارات اللغوية","الشعبة":"5371","النشاط":"محاضرة","الساعات":"2","الجنس":"ذكر","الحالة":"مغلقة"},{"رقم المقرر":10,"رمز المقرر":"101 عرب","اسم المقرر":"المهارات اللغوية","الشعبة":"5395","النشاط":"محاضرة","الساعات":"2","الجنس":"ذكر","الحالة":"مغلقة"},{"رقم المقرر":11,"رمز المقرر":"101 عرب","اسم المقرر":"المهارات اللغوية","الشعبة":"5413","النشاط":"محاضرة","الساعات":"2","الجنس":"ذكر","الحالة":"مغلقة"},{"رقم المقرر":12,"رمز المقرر":"101 عرب","اسم المقرر":"المهارات اللغوية","الشعبة":"5424","النشاط":"محاضرة","الساعات":"2","الجنس":"ذكر","الحالة":"مفتوحة"},{"رقم المقرر":13,"رمز المقرر":"101 عرب","اسم المقرر":"المهارات اللغوية","الشعبة":"6022","النشاط":"محاضرة","الساعات":"2","الجنس":"ذكر","الحالة":"مفتوحة"},{"رقم المقرر":14,"رمز المقرر":"101 عرب","اسم المقرر":"المهارات اللغوية","الشعبة":"6027","النشاط":"محاضرة","الساعات":"2","الجنس":"ذكر","الحالة":"مفتوحة"},{"رقم المقرر":15,"رمز المقرر":"101 عرب","اسم المقرر":"المهارات اللغوية","الشعبة":"6038","النشاط":"محاضرة","الساعات":"2","الجنس":"ذكر","الحالة":"مغلقة"},{"رقم المقرر":16,"رمز المقرر":"101 عرب","اسم المقرر":"المهارات اللغوية","الشعبة":"6043","النشاط":"محاضرة","الساعات":"2","الجنس":"ذكر","الحالة":"مفتوحة"},{"رقم المقرر":17,"رمز المقرر":"101 عرب","اسم المقرر":"المهارات اللغوية","الشعبة":"6055","النشاط":"محاضرة","الساعات":"2","الجنس":"ذكر","الحالة":"مغلقة"},{"رقم المقرر":18,"رمز المقرر":"101 عرب","اسم المقرر":"المهارات اللغوية","الشعبة":"6075","النشاط":"محاضرة","الساعات":"2","الجنس":"ذكر","الحالة":"مفتوحة"},{"رقم المقرر":19,"رمز المقرر":"101 عرب","اسم المقرر":"المهارات اللغوية","الشعبة":"8751","النشاط":"محاضرة","الساعات":"2","الجنس":"ذكر","الحالة":"مفتوحة"},{"رقم المقرر":20,"رمز المقرر":"101 عرب","اسم المقرر":"المهارات اللغوية","الشعبة":"10650","النشاط":"محاضرة","الساعات":"2","الجنس":"ذكر","الحالة":"مفتوحة"},{"رقم المقرر":21,"رمز المقرر":"101 عرب","اسم المقرر":"المهارات اللغوية","الشعبة":"10658","النشاط":"محاضرة","الساعات":"2","الجنس":"ذكر","الحالة":"مفتوحة"},{"رقم المقرر":22,"رمز المقرر":"101 عرب","اسم المقرر":"المهارات اللغوية","الشعبة":"10659","النشاط":"محاضرة","الساعات":"2","الجنس":"ذكر","الحالة":"مفتوحة"},{"رقم المقرر":23,"رمز المقرر":"101 عرب","اسم المقرر":"المهارات اللغوية","الشعبة":"11652","النشاط":"محاضرة","الساعات":"2","الجنس":"ذكر","الحالة":"مفتوحة"},{"رقم المقرر":24,"رمز المقرر":"101 عرب","اسم المقرر":"المهارات اللغوية","الشعبة":"11653","النشاط":"محاضرة","الساعات":"2","الجنس":"ذكر","الحالة":"مفتوحة"},{"رقم المقرر":25,"رمز المقرر":"101 عرب","اسم المقرر":"المهارات اللغوية","الشعبة":"11655","النشاط":"محاضرة","الساعات":"2","الجنس":"ذكر","الحالة":"مفتوحة"},{"رقم المقرر":26,"رمز المقرر":"101 عرب","اسم المقرر":"المهارات اللغوية","الشعبة":"11656","النشاط":"محاضرة","الساعات":"2","الجنس":"ذكر","الحالة":"مغلقة"},{"رقم المقرر":27,"رمز المقرر":"101 عرب","اسم المقرر":"المهارات اللغوية","الشعبة":"11658","النشاط":"محاضرة","الساعات":"2","الجنس":"ذكر","الحالة":"مفتوحة"},{"رقم المقرر":28,"رمز المقرر":"101 عرب","اسم المقرر":"المهارات اللغوية","الشعبة":"17795","النشاط":"محاضرة","الساعات":"2","الجنس":"ذكر","الحالة":"مفتوحة"},{"رقم المقرر":29,"رمز المقرر":"101 عرب","اسم المقرر":"المهارات اللغوية","الشعبة":"18530","النشاط":"محاضرة","الساعات":"2","الجنس":"ذكر","الحالة":"مفتوحة"},{"رقم المقرر":30,"رمز المقرر":"101 عرب","اسم المقرر":"المهارات اللغوية","الشعبة":"18531","النشاط":"محاضرة","الساعات":"2","الجنس":"ذكر","الحالة":"مغلقة"},{"رقم المقرر":31,"رمز المقرر":"101 عرب","اسم المقرر":"المهارات اللغوية","الشعبة":"31412","النشاط":"محاضرة","الساعات":"2","الجنس":"ذكر","الحالة":"مفتوحة"},{"رقم المقرر":32,"رمز المقرر":"101 عرب","اسم المقرر":"المهارات اللغوية","الشعبة":"31415","النشاط":"محاضرة","الساعات":"2","الجنس":"ذكر","الحالة":"مفتوحة"},{"رقم المقرر":33,"رمز المقرر":"101 عرب","اسم المقرر":"المهارات اللغوية","الشعبة":"32426","النشاط":"محاضرة","الساعات":"2","الجنس":"ذكر","الحالة":"مفتوحة"},{"رقم المقرر":34,"رمز المقرر":"101 عرب","اسم المقرر":"المهارات اللغوية","الشعبة":"33613","النشاط":"محاضرة","الساعات":"2","الجنس":"ذكر","الحالة":"مفتوحة"},{"رقم المقرر":35,"رمز المقرر":"101 عرب","اسم المقرر":"المهارات اللغوية","الشعبة":"33614","النشاط":"محاضرة","الساعات":"2","الجنس":"ذكر","الحالة":"مفتوحة"},{"رقم المقرر":36,"رمز المقرر":"101 عرب","اسم المقرر":"المهارات اللغوية","الشعبة":"33709","النشاط":"محاضرة","الساعات":"2","الجنس":"ذكر","الحالة":"مفتوحة"},{"رقم المقرر":37,"رمز المقرر":"101 عرب","اسم المقرر":"المهارات اللغوية","الشعبة":"33757","النشاط":"محاضرة","الساعات":"2","الجنس":"ذكر","الحالة":"مغلقة"},{"رقم المقرر":38,"رمز المقرر":"101 عرب","اسم المقرر":"المهارات اللغوية","الشعبة":"37012","النشاط":"محاضرة","الساعات":"2","الجنس":"ذكر","الحالة":"مفتوحة"},{"رقم المقرر":39,"رمز المقرر":"101 عرب","اسم المقرر":"المهارات اللغوية","الشعبة":"37013","النشاط":"محاضرة","الساعات":"2","الجنس":"ذكر","الحالة":"مفتوحة"},{"رقم المقرر":40,"رمز المقرر":"101 عرب","اسم المقرر":"المهارات اللغوية","الشعبة":"37014","النشاط":"محاضرة","الساعات":"2","الجنس":"ذكر","الحالة":"مفتوحة"},{"رقم المقرر":41,"رمز المقرر":"101 عرب","اسم المقرر":"المهارات اللغوية","الشعبة":"37015","النشاط":"محاضرة","الساعات":"2","الجنس":"ذكر","الحالة":"مفتوحة"},{"رقم المقرر":42,"رمز المقرر":"101 عرب","اسم المقرر":"المهارات اللغوية","الشعبة":"42186","النشاط":"محاضرة","الساعات":"2","الجنس":"ذكر","الحالة":"مفتوحة"},{"رقم المقرر":43,"رمز المقرر":"101 عرب","اسم المقرر":"المهارات اللغوية","الشعبة":"42188","النشاط":"محاضرة","الساعات":"2","الجنس":"ذكر","الحالة":"مغلقة"},{"رقم المقرر":44,"رمز المقرر":"101 عرب","اسم المقرر":"المهارات اللغوية","الشعبة":"43494","النشاط":"محاضرة","الساعات":"2","الجنس":"ذكر","الحالة":"مفتوحة"},{"رقم المقرر":45,"رمز المقرر":"101 عرب","اسم المقرر":"المهارات اللغوية","الشعبة":"43495","النشاط":"محاضرة","الساعات":"2","الجنس":"ذكر","الحالة":"مفتوحة"},{"رقم المقرر":46,"رمز المقرر":"101 عرب","اسم المقرر":"المهارات اللغوية","الشعبة":"43511","النشاط":"محاضرة","الساعات":"2","الجنس":"ذكر","الحالة":"مفتوحة"},{"رقم المقرر":47,"رمز المقرر":"101 عرب","اسم المقرر":"المهارات اللغوية","الشعبة":"43513","النشاط":"محاضرة","الساعات":"2","الجنس":"ذكر","الحالة":"مفتوحة"},{"رقم المقرر":48,"رمز المقرر":"101 عرب","اسم المقرر":"المهارات اللغوية","الشعبة":"43514","النشاط":"محاضرة","الساعات":"2","الجنس":"ذكر","الحالة":"مفتوحة"},{"رقم المقرر":49,"رمز المقرر":"101 عرب","اسم المقرر":"المهارات اللغوية","الشعبة":"43518","النشاط":"محاضرة","الساعات":"2","الجنس":"ذكر","الحالة":"مفتوحة"},{"رقم المقرر":50,"رمز المقرر":"101 عرب","اسم المقرر":"المهارات اللغوية","الشعبة":"43519","النشاط":"محاضرة","الساعات":"2","الجنس":"ذكر","الحالة":"مفتوحة"},{"رقم المقرر":51,"رمز المقرر":"101 عرب","اسم المقرر":"المهارات اللغوية","الشعبة":"43520","النشاط":"محاضرة","الساعات":"2","الجنس":"ذكر","الحالة":"مغلقة"},{"رقم المقرر":52,"رمز المقرر":"101 عرب","اسم المقرر":"المهارات اللغوية","الشعبة":"43521","النشاط":"محاضرة","الساعات":"2","الجنس":"ذكر","الحالة":"مفتوحة"},{"رقم المقرر":53,"رمز المقرر":"101 عرب","اسم المقرر":"المهارات اللغوية","الشعبة":"44886","النشاط":"محاضرة","الساعات":"2","الجنس":"ذكر","الحالة":"مفتوحة"},{"رقم المقرر":54,"رمز المقرر":"101 عرب","اسم المقرر":"المهارات اللغوية","الشعبة":"44887","النشاط":"محاضرة","الساعات":"2","الجنس":"ذكر","الحالة":"مفتوحة"},{"رقم المقرر":55,"رمز المقرر":"101 عرب","اسم المقرر":"المهارات اللغوية","الشعبة":"45101","النشاط":"محاضرة","الساعات":"2","الجنس":"ذكر","الحالة":"مفتوحة"},{"رقم المقرر":56,"رمز المقرر":"101 عرب","اسم المقرر":"المهارات اللغوية","الشعبة":"52557","النشاط":"محاضرة","الساعات":"2","الجنس":"ذكر","الحالة":"مفتوحة"},{"رقم المقرر":57,"رمز المقرر":"101 عرب","اسم المقرر":"المهارات اللغوية","الشعبة":"52558","النشاط":"محاضرة","الساعات":"2","الجنس":"ذكر","الحالة":"مفتوحة"},{"رقم المقرر":58,"رمز المقرر":"101 عرب","اسم المقرر":"المهارات اللغوية","الشعبة":"53540","النشاط":"محاضرة","الساعات":"2","الجنس":"ذكر","الحالة":"مفتوحة"},{"رقم المقرر":59,"رمز المقرر":"101 عرب","اسم المقرر":"المهارات اللغوية","الشعبة":"55842","النشاط":"محاضرة","الساعات":"2","الجنس":"ذكر","الحالة":"مفتوحة"},{"رقم المقرر":60,"رمز المقرر":"101 عرب","اسم المقرر":"المهارات اللغوية","الشعبة":"56470","النشاط":"محاضرة","الساعات":"2","الجنس":"ذكر","الحالة":"مفتوحة"},{"رقم المقرر":61,"رمز المقرر":"101 عرب","اسم المقرر":"المهارات اللغوية","الشعبة":"56995","النشاط":"محاضرة","الساعات":"2","الجنس":"ذكر","الحالة":"مفتوحة"},{"رقم المقرر":62,"رمز المقرر":"101 عرب","اسم المقرر":"المهارات اللغوية","الشعبة":"56996","النشاط":"محاضرة","الساعات":"2","الجنس":"ذكر","الحالة":"مفتوحة"},{"رقم المقرر":63,"رمز المقرر":"101 عرب","اسم المقرر":"المهارات اللغوية","الشعبة":"59691","النشاط":"محاضرة","الساعات":"2","الجنس":"ذكر","الحالة":"مفتوحة"},{"رقم المقرر":64,"رمز المقرر":"101 عرب","اسم المقرر":"المهارات اللغوية","الشعبة":"59692","النشاط":"محاضرة","الساعات":"2","الجنس":"ذكر","الحالة":"مفتوحة"},{"رقم المقرر":65,"رمز المقرر":"101 عرب","اسم المقرر":"المهارات اللغوية","الشعبة":"59850","النشاط":"محاضرة","الساعات":"2","الجنس":"ذكر","الحالة":"مفتوحة"},{"رقم المقرر":66,"رمز المقرر":"101 عرب","اسم المقرر":"المهارات اللغوية","الشعبة":"60793","النشاط":"محاضرة","الساعات":"2","الجنس":"ذكر","الحالة":"مفتوحة"},{"رقم المقرر":67,"رمز المقرر":"101 عرب","اسم المقرر":"المهارات اللغوية","الشعبة":"62797","النشاط":"محاضرة","الساعات":"2","الجنس":"ذكر","الحالة":"مفتوحة"},{"رقم المقرر":68,"رمز المقرر":"101 عرب","اسم المقرر":"المهارات اللغوية","الشعبة":"64854","النشاط":"محاضرة","الساعات":"2","الجنس":"ذكر","الحالة":"مفتوحة"},{"رقم المقرر":69,"رمز المقرر":"101 عرب","اسم المقرر":"المهارات اللغوية","الشعبة":"64855","النشاط":"محاضرة","الساعات":"2","الجنس":"ذكر","الحالة":"مفتوحة"},{"رقم المقرر":70,"رمز المقرر":"385 خاص","اسم المقرر":"تربية غير العاديين في المدارس العادية","الشعبة":"2810","النشاط":"محاضرة","الساعات":"3","الجنس":"ذكر","الحالة":"مفتوحة"},{"رقم المقرر":71,"رمز المقرر":"385 خاص","اسم المقرر":"تربية غير العاديين في المدارس العادية","الشعبة":"2900","النشاط":"محاضرة","الساعات":"3","الجنس":"ذكر","الحالة":"مغلقة"},{"رقم المقرر":72,"رمز المقرر":"100 خاص","اسم المقرر":"مقدمة فى التربية الخاصة","الشعبة":"36250","النشاط":"محاضرة","الساعات":"4","الجنس":"ذكر","الحالة":"مفتوحة"},{"رقم المقرر":73,"رمز المقرر":"371 نفس","اسم المقرر":"اسس التوجية والارشاد","الشعبة":"2557","النشاط":"محاضرة","الساعات":"2","الجنس":"ذكر","الحالة":"مغلقة"},{"رقم المقرر":74,"رمز المقرر":"371 نفس","اسم المقرر":"اسس التوجية والارشاد","الشعبة":"11003","النشاط":"محاضرة","الساعات":"2","الجنس":"ذكر","الحالة":"مفتوحة"},{"رقم المقرر":75,"رمز المقرر":"371 نفس","اسم المقرر":"اسس التوجية والارشاد","الشعبة":"59911","النشاط":"محاضرة","الساعات":"2","الجنس":"ذكر","الحالة":"مفتوحة"},{"رقم المقرر":76,"رمز المقرر":"202 خاص","اسم المقرر":"اضطرابات النطق والكلام","الشعبة":"13520","النشاط":"محاضرة","الساعات":"3","الجنس":"ذكر","الحالة":"مفتوحة"},{"رقم المقرر":77,"رمز المقرر":"170 خاص","اسم المقرر":"الاضطرابات السلوكية لدى الاطفال غيرالعاديين","الشعبة":"9383","النشاط":"محاضرة","الساعات":"3","الجنس":"ذكر","الحالة":"مفتوحة"},{"رقم المقرر":78,"رمز المقرر":"151 خاص","اسم المقرر":"التقييم والتشخيص في التربية الخاصة","الشعبة":"39044","النشاط":"محاضرة","الساعات":"4","الجنس":"ذكر","الحالة":"مفتوحة"},{"رقم المقرر":79,"رمز المقرر":"111 نفس","اسم المقرر":"علم نفس النمو (1)","الشعبة":"11717","النشاط":"محاضرة","الساعات":"3","الجنس":"ذكر","الحالة":"مفتوحة"},{"رقم المقرر":80,"رمز المقرر":"111 نفس","اسم المقرر":"علم نفس النمو (1)","الشعبة":"14245","النشاط":"محاضرة","الساعات":"3","الجنس":"ذكر","الحالة":"مفتوحة"},{"رقم المقرر":81,"رمز المقرر":"461 نفس","اسم المقرر":"مناهج البحث فى علم النفس","الشعبة":"2562","النشاط":"محاضرة","الساعات":"2","الجنس":"ذكر","الحالة":"مفتوحة"},{"رقم المقرر":82,"رمز المقرر":"461 نفس","اسم المقرر":"مناهج البحث فى علم النفس","الشعبة":"3076","النشاط":"محاضرة","الساعات":"2","الجنس":"ذكر","الحالة":"مفتوحة"},{"رقم المقرر":83,"رمز المقرر":"461 نفس","اسم المقرر":"مناهج البحث فى علم النفس","الشعبة":"8660","النشاط":"محاضرة","الساعات":"2","الجنس":"ذكر","الحالة":"مفتوحة"},{"رقم المقرر":84,"رمز المقرر":"180 خاص","اسم المقرر":"مقدمة في تأهيل المعوقين","الشعبة":"2498","النشاط":"محاضرة","الساعات":"3","الجنس":"ذكر","الحالة":"مفتوحة"},{"رقم المقرر":85,"رمز المقرر":"160 خاص","اسم المقرر":"الاعاقة البدنية","الشعبة":"17904","النشاط":"محاضرة","الساعات":"3","الجنس":"ذكر","الحالة":"مفتوحة"},{"رقم المقرر":86,"رمز المقرر":"201 خاص","اسم المقرر":"تعديل وبناء السلوك","الشعبة":"2620","النشاط":"محاضرة","الساعات":"3","الجنس":"ذكر","الحالة":"مفتوحة"},{"رقم المقرر":87,"رمز المقرر":"228 وسل","اسم المقرر":"الوسائل السمعية للتربية الخاصة","الشعبة":"2294","النشاط":"محاضرة","الساعات":"2","الجنس":"ذكر","الحالة":"مغلقة"},{"رقم المقرر":88,"رمز المقرر":"228 وسل","اسم المقرر":"الوسائل السمعية للتربية الخاصة","الشعبة":"36258","النشاط":"محاضرة","الساعات":"2","الجنس":"ذكر","الحالة":"مغلقة"},{"رقم المقرر":89,"رمز المقرر":"263 خاص","اسم المقرر":"التخلف العقلي في ضوء النظريات","الشعبة":"9106","النشاط":"محاضرة","الساعات":"2","الجنس":"ذكر","الحالة":"مفتوحة"},{"رقم المقرر":90,"رمز المقرر":"371 خاص","اسم المقرر":"مناهج غير العاديين واسس بنائها","الشعبة":"2963","النشاط":"محاضرة","الساعات":"3","الجنس":"ذكر","الحالة":"مغلقة"},{"رقم المقرر":91,"رمز المقرر":"371 خاص","اسم المقرر":"مناهج غير العاديين واسس بنائها","الشعبة":"9384","النشاط":"محاضرة","الساعات":"3","الجنس":"ذكر","الحالة":"مفتوحة"},{"رقم المقرر":92,"رمز المقرر":"390 خاص","اسم المقرر":"العمل مع اسر غير العاديين","الشعبة":"9177","النشاط":"محاضرة","الساعات":"3","الجنس":"ذكر","الحالة":"مفتوحة"},{"رقم المقرر":93,"رمز المقرر":"101 خاص","اسم المقرر":"مباديء تربية غير العاديين","الشعبة":"2451","النشاط":"محاضرة","الساعات":"2","الجنس":"ذكر","الحالة":"مفتوحة"},{"رقم المقرر":94,"رمز المقرر":"101 خاص","اسم المقرر":"مباديء تربية غير العاديين","الشعبة":"54343","النشاط":"محاضرة","الساعات":"2","الجنس":"ذكر","الحالة":"مفتوحة"},{"رقم المقرر":95,"رمز المقرر":"353 خاص","اسم المقرر":"مهارات السلوك التكيفي","الشعبة":"3080","النشاط":"محاضرة","الساعات":"3","الجنس":"ذكر","الحالة":"مفتوحة"},{"رقم المقرر":96,"رمز المقرر":"411 خاص","اسم المقرر":"الادارة والاشراف في التربية الخاصة","الشعبة":"9385","النشاط":"محاضرة","الساعات":"2","الجنس":"ذكر","الحالة":"مغلقة"},{"رقم المقرر":97,"رمز المقرر":"360 ادت","اسم المقرر":"الادارة التربوية والاشراف التربوي","الشعبة":"52869","النشاط":"محاضرة","الساعات":"2","الجنس":"ذكر","الحالة":"مغلقة"},{"رقم المقرر":98,"رمز المقرر":"360 ادت","اسم المقرر":"الادارة التربوية والاشراف التربوي","الشعبة":"60068","النشاط":"محاضرة","الساعات":"2","الجنس":"ذكر","الحالة":"مغلقة"},{"رقم المقرر":99,"رمز المقرر":"440 خاص","اسم المقرر":"القضايا المعاصره في التربية الخاصه","الشعبة":"3067","النشاط":"محاضرة","الساعات":"3","الجنس":"ذكر","الحالة":"مفتوحة"},{"رقم المقرر":100,"رمز المقرر":"440 خاص","اسم المقرر":"القضايا المعاصره في التربية الخاصه","الشعبة":"53180","النشاط":"محاضرة","الساعات":"3","الجنس":"ذكر","الحالة":"مغلقة"},{"رقم المقرر":101,"رمز المقرر":"253 خاص","اسم المقرر":"مدخل الى التخلف العقلي","الشعبة":"2868","النشاط":"محاضرة","الساعات":"3","الجنس":"ذكر","الحالة":"مفتوحة"},{"رقم المقرر":102,"رمز المقرر":"253 خاص","اسم المقرر":"مدخل الى التخلف العقلي","الشعبة":"54096","النشاط":"محاضرة","الساعات":"3","الجنس":"ذكر","الحالة":"مغلقة"},{"رقم المقرر":103,"رمز المقرر":"303 خاص","اسم المقرر":"تربية القابلين للتعلم من المتخلفين عقليا","الشعبة":"2953","النشاط":"محاضرة","الساعات":"2","الجنس":"ذكر","الحالة":"مفتوحة"},{"رقم المقرر":104,"رمز المقرر":"254 خاص","اسم المقرر":"مدخل الى صعوبات التعلم","الشعبة":"2885","النشاط":"محاضرة","الساعات":"3","الجنس":"ذكر","الحالة":"مفتوحة"},{"رقم المقرر":105,"رمز المقرر":"265 خاص","اسم المقرر":"القدرات العقلية ونظريات التكوين العقلي","الشعبة":"14254","النشاط":"محاضرة","الساعات":"3","الجنس":"ذكر","الحالة":"مفتوحة"},{"رقم المقرر":106,"رمز المقرر":"313 خاص","اسم المقرر":"تربية القابلين للتدريب من المتخلفين عقليا","الشعبة":"2960","النشاط":"محاضرة","الساعات":"2","الجنس":"ذكر","الحالة":"مفتوحة"},{"رقم المقرر":107,"رمز المقرر":"106 سلم","اسم المقرر":"الفقه الطبي","الشعبة":"42773","النشاط":"محاضرة","الساعات":"2","الجنس":"ذكر","الحالة":"مفتوحة"},{"رقم المقرر":108,"رمز المقرر":"106 سلم","اسم المقرر":"الفقه الطبي","الشعبة":"42774","النشاط":"محاضرة","الساعات":"2","الجنس":"ذكر","الحالة":"مفتوحة"},{"رقم المقرر":109,"رمز المقرر":"106 سلم","اسم المقرر":"الفقه الطبي","الشعبة":"44134","النشاط":"محاضرة","الساعات":"2","الجنس":"ذكر","الحالة":"مفتوحة"},{"رقم المقرر":110,"رمز المقرر":"106 سلم","اسم المقرر":"الفقه الطبي","الشعبة":"44307","النشاط":"محاضرة","الساعات":"2","الجنس":"ذكر","الحالة":"مفتوحة"},{"رقم المقرر":111,"رمز المقرر":"106 سلم","اسم المقرر":"الفقه الطبي","الشعبة":"44308","النشاط":"محاضرة","الساعات":"2","الجنس":"ذكر","الحالة":"مفتوحة"},{"رقم المقرر":112,"رمز المقرر":"106 سلم","اسم المقرر":"الفقه الطبي","الشعبة":"44309","النشاط":"محاضرة","الساعات":"2","الجنس":"ذكر","الحالة":"مغلقة"},{"رقم المقرر":113,"رمز المقرر":"106 سلم","اسم المقرر":"الفقه الطبي","الشعبة":"44310","النشاط":"محاضرة","الساعات":"2","الجنس":"ذكر","الحالة":"مفتوحة"},{"رقم المقرر":114,"رمز المقرر":"106 سلم","اسم المقرر":"الفقه الطبي","الشعبة":"45025","النشاط":"محاضرة","الساعات":"2","الجنس":"ذكر","الحالة":"مفتوحة"},{"رقم المقرر":115,"رمز المقرر":"106 سلم","اسم المقرر":"الفقه الطبي","الشعبة":"45235","النشاط":"محاضرة","الساعات":"2","الجنس":"ذكر","الحالة":"مفتوحة"},{"رقم المقرر":116,"رمز المقرر":"106 سلم","اسم المقرر":"الفقه الطبي","الشعبة":"51665","النشاط":"محاضرة","الساعات":"2","الجنس":"ذكر","الحالة":"مغلقة"},{"رقم المقرر":117,"رمز المقرر":"106 سلم","اسم المقرر":"الفقه الطبي","الشعبة":"53083","النشاط":"محاضرة","الساعات":"2","الجنس":"ذكر","الحالة":"مغلقة"},{"رقم المقرر":118,"رمز المقرر":"106 سلم","اسم المقرر":"الفقه الطبي","الشعبة":"60226","النشاط":"محاضرة","الساعات":"2","الجنس":"ذكر","الحالة":"مفتوحة"},{"رقم المقرر":119,"رمز المقرر":"107 سلم","اسم المقرر":"اخلاقيات المهنة","الشعبة":"44120","النشاط":"محاضرة","الساعات":"2","الجنس":"ذكر","الحالة":"مفتوحة"},{"رقم المقرر":120,"رمز المقرر":"107 سلم","اسم المقرر":"اخلاقيات المهنة","الشعبة":"44135","النشاط":"محاضرة","الساعات":"2","الجنس":"ذكر","الحالة":"مغلقة"},{"رقم المقرر":121,"رمز المقرر":"107 سلم","اسم المقرر":"اخلاقيات المهنة","الشعبة":"44154","النشاط":"محاضرة","الساعات":"2","الجنس":"ذكر","الحالة":"مغلقة"},{"رقم المقرر":122,"رمز المقرر":"107 سلم","اسم المقرر":"اخلاقيات المهنة","الشعبة":"44295","النشاط":"محاضرة","الساعات":"2","الجنس":"ذكر","الحالة":"مفتوحة"},{"رقم المقرر":123,"رمز المقرر":"107 سلم","اسم المقرر":"اخلاقيات المهنة","الشعبة":"44296","النشاط":"محاضرة","الساعات":"2","الجنس":"ذكر","الحالة":"مغلقة"},{"رقم المقرر":124,"رمز المقرر":"107 سلم","اسم المقرر":"اخلاقيات المهنة","الشعبة":"44297","النشاط":"محاضرة","الساعات":"2","الجنس":"ذكر","الحالة":"مفتوحة"},{"رقم المقرر":125,"رمز المقرر":"107 سلم","اسم المقرر":"اخلاقيات المهنة","الشعبة":"44298","النشاط":"محاضرة","الساعات":"2","الجنس":"ذكر","الحالة":"مفتوحة"},{"رقم المقرر":126,"رمز المقرر":"107 سلم","اسم المقرر":"اخلاقيات المهنة","الشعبة":"44299","النشاط":"محاضرة","الساعات":"2","الجنس":"ذكر","الحالة":"مغلقة"},{"رقم المقرر":127,"رمز المقرر":"107 سلم","اسم المقرر":"اخلاقيات المهنة","الشعبة":"44300","النشاط":"محاضرة","الساعات":"2","الجنس":"ذكر","الحالة":"مغلقة"},{"رقم المقرر":128,"رمز المقرر":"107 سلم","اسم المقرر":"اخلاقيات المهنة","الشعبة":"45027","النشاط":"محاضرة","الساعات":"2","الجنس":"ذكر","الحالة":"مفتوحة"},{"رقم المقرر":129,"رمز المقرر":"107 سلم","اسم المقرر":"اخلاقيات المهنة","الشعبة":"45098","النشاط":"محاضرة","الساعات":"2","الجنس":"ذكر","الحالة":"مغلقة"},{"رقم المقرر":130,"رمز المقرر":"107 سلم","اسم المقرر":"اخلاقيات المهنة","الشعبة":"45228","النشاط":"محاضرة","الساعات":"2","الجنس":"ذكر","الحالة":"مفتوحة"},{"رقم المقرر":131,"رمز المقرر":"107 سلم","اسم المقرر":"اخلاقيات المهنة","الشعبة":"45232","النشاط":"محاضرة","الساعات":"2","الجنس":"ذكر","الحالة":"مفتوحة"},{"رقم المقرر":132,"رمز المقرر":"107 سلم","اسم المقرر":"اخلاقيات المهنة","الشعبة":"45682","النشاط":"محاضرة","الساعات":"2","الجنس":"ذكر","الحالة":"مغلقة"},{"رقم المقرر":133,"رمز المقرر":"107 سلم","اسم المقرر":"اخلاقيات المهنة","الشعبة":"45808","النشاط":"محاضرة","الساعات":"2","الجنس":"ذكر","الحالة":"مفتوحة"},{"رقم المقرر":134,"رمز المقرر":"107 سلم","اسم المقرر":"اخلاقيات المهنة","الشعبة":"45810","النشاط":"محاضرة","الساعات":"2","الجنس":"ذكر","الحالة":"مغلقة"},{"رقم المقرر":135,"رمز المقرر":"107 سلم","اسم المقرر":"اخلاقيات المهنة","الشعبة":"45811","النشاط":"محاضرة","الساعات":"2","الجنس":"ذكر","الحالة":"مغلقة"},{"رقم المقرر":136,"رمز المقرر":"107 سلم","اسم المقرر":"اخلاقيات المهنة","الشعبة":"45812","النشاط":"محاضرة","الساعات":"2","الجنس":"ذكر","الحالة":"مغلقة"},{"رقم المقرر":137,"رمز المقرر":"107 سلم","اسم المقرر":"اخلاقيات المهنة","الشعبة":"45813","النشاط":"محاضرة","الساعات":"2","الجنس":"ذكر","الحالة":"مفتوحة"},{"رقم المقرر":138,"رمز المقرر":"107 سلم","اسم المقرر":"اخلاقيات المهنة","الشعبة":"45814","النشاط":"محاضرة","الساعات":"2","الجنس":"ذكر","الحالة":"مغلقة"},{"رقم المقرر":139,"رمز المقرر":"107 سلم","اسم المقرر":"اخلاقيات المهنة","الشعبة":"45815","النشاط":"محاضرة","الساعات":"2","الجنس":"ذكر","الحالة":"مغلقة"},{"رقم المقرر":140,"رمز المقرر":"107 سلم","اسم المقرر":"اخلاقيات المهنة","الشعبة":"45816","النشاط":"محاضرة","الساعات":"2","الجنس":"ذكر","الحالة":"مغلقة"},{"رقم المقرر":141,"رمز المقرر":"107 سلم","اسم المقرر":"اخلاقيات المهنة","الشعبة":"45858","النشاط":"محاضرة","الساعات":"2","الجنس":"ذكر","الحالة":"مفتوحة"},{"رقم المقرر":142,"رمز المقرر":"107 سلم","اسم المقرر":"اخلاقيات المهنة","الشعبة":"45859","النشاط":"محاضرة","الساعات":"2","الجنس":"ذكر","الحالة":"مفتوحة"},{"رقم المقرر":143,"رمز المقرر":"107 سلم","اسم المقرر":"اخلاقيات المهنة","الشعبة":"45985","النشاط":"محاضرة","الساعات":"2","الجنس":"ذكر","الحالة":"مغلقة"},{"رقم المقرر":144,"رمز المقرر":"107 سلم","اسم المقرر":"اخلاقيات المهنة","الشعبة":"45994","النشاط":"محاضرة","الساعات":"2","الجنس":"ذكر","الحالة":"مغلقة"},{"رقم المقرر":145,"رمز المقرر":"107 سلم","اسم المقرر":"اخلاقيات المهنة","الشعبة":"54105","النشاط":"محاضرة","الساعات":"2","الجنس":"ذكر","الحالة":"مفتوحة"},{"رقم المقرر":146,"رمز المقرر":"107 سلم","اسم المقرر":"اخلاقيات المهنة","الشعبة":"56543","النشاط":"محاضرة","الساعات":"2","الجنس":"ذكر","الحالة":"مغلقة"},{"رقم المقرر":147,"رمز المقرر":"107 سلم","اسم المقرر":"اخلاقيات المهنة","الشعبة":"59359","النشاط":"محاضرة","الساعات":"2","الجنس":"ذكر","الحالة":"مفتوحة"},{"رقم المقرر":148,"رمز المقرر":"107 سلم","اسم المقرر":"اخلاقيات المهنة","الشعبة":"59661","النشاط":"محاضرة","الساعات":"2","الجنس":"ذكر","الحالة":"مفتوحة"},{"رقم المقرر":149,"رمز المقرر":"107 سلم","اسم المقرر":"اخلاقيات المهنة","الشعبة":"59667","النشاط":"محاضرة","الساعات":"2","الجنس":"ذكر","الحالة":"مغلقة"},{"رقم المقرر":150,"رمز المقرر":"107 سلم","اسم المقرر":"اخلاقيات المهنة","الشعبة":"59935","النشاط":"محاضرة","الساعات":"2","الجنس":"ذكر","الحالة":"مغلقة"},{"رقم المقرر":151,"رمز المقرر":"107 سلم","اسم المقرر":"اخلاقيات المهنة","الشعبة":"59948","النشاط":"محاضرة","الساعات":"2","الجنس":"ذكر","الحالة":"مغلقة"},{"رقم المقرر":152,"رمز المقرر":"107 سلم","اسم المقرر":"اخلاقيات المهنة","الشعبة":"59949","النشاط":"محاضرة","الساعات":"2","الجنس":"ذكر","الحالة":"مغلقة"},{"رقم المقرر":153,"رمز المقرر":"107 سلم","اسم المقرر":"اخلاقيات المهنة","الشعبة":"59957","النشاط":"محاضرة","الساعات":"2","الجنس":"ذكر","الحالة":"مفتوحة"},{"رقم المقرر":154,"رمز المقرر":"107 سلم","اسم المقرر":"اخلاقيات المهنة","الشعبة":"60302","النشاط":"محاضرة","الساعات":"2","الجنس":"ذكر","الحالة":"مغلقة"},{"رقم المقرر":155,"رمز المقرر":"107 سلم","اسم المقرر":"اخلاقيات المهنة","الشعبة":"64894","النشاط":"محاضرة","الساعات":"2","الجنس":"ذكر","الحالة":"مغلقة"},{"رقم المقرر":156,"رمز المقرر":"107 سلم","اسم المقرر":"اخلاقيات المهنة","الشعبة":"72203","النشاط":"محاضرة","الساعات":"2","الجنس":"ذكر","الحالة":"مغلقة"},{"رقم المقرر":157,"رمز المقرر":"107 سلم","اسم المقرر":"اخلاقيات المهنة","الشعبة":"72204","النشاط":"محاضرة","الساعات":"2","الجنس":"ذكر","الحالة":"مغلقة"},{"رقم المقرر":158,"رمز المقرر":"107 سلم","اسم المقرر":"اخلاقيات المهنة","الشعبة":"72205","النشاط":"محاضرة","الساعات":"2","الجنس":"ذكر","الحالة":"مغلقة"},{"رقم المقرر":159,"رمز المقرر":"105 سلم","اسم المقرر":"حقوق الإنسان","الشعبة":"43913","النشاط":"محاضرة","الساعات":"2","الجنس":"ذكر","الحالة":"مغلقة"},{"رقم المقرر":160,"رمز المقرر":"105 سلم","اسم المقرر":"حقوق الإنسان","الشعبة":"43914","النشاط":"محاضرة","الساعات":"2","الجنس":"ذكر","الحالة":"مغلقة"},{"رقم المقرر":161,"رمز المقرر":"105 سلم","اسم المقرر":"حقوق الإنسان","الشعبة":"43975","النشاط":"محاضرة","الساعات":"2","الجنس":"ذكر","الحالة":"مغلقة"},{"رقم المقرر":162,"رمز المقرر":"105 سلم","اسم المقرر":"حقوق الإنسان","الشعبة":"44012","النشاط":"محاضرة","الساعات":"2","الجنس":"ذكر","الحالة":"مغلقة"},{"رقم المقرر":163,"رمز المقرر":"105 سلم","اسم المقرر":"حقوق الإنسان","الشعبة":"44014","النشاط":"محاضرة","الساعات":"2","الجنس":"ذكر","الحالة":"مغلقة"},{"رقم المقرر":164,"رمز المقرر":"105 سلم","اسم المقرر":"حقوق الإنسان","الشعبة":"44018","النشاط":"محاضرة","الساعات":"2","الجنس":"ذكر","الحالة":"مغلقة"},{"رقم المقرر":165,"رمز المقرر":"105 سلم","اسم المقرر":"حقوق الإنسان","الشعبة":"44032","النشاط":"محاضرة","الساعات":"2","الجنس":"ذكر","الحالة":"مغلقة"},{"رقم المقرر":166,"رمز المقرر":"105 سلم","اسم المقرر":"حقوق الإنسان","الشعبة":"44133","النشاط":"محاضرة","الساعات":"2","الجنس":"ذكر","الحالة":"مغلقة"},{"رقم المقرر":167,"رمز المقرر":"105 سلم","اسم المقرر":"حقوق الإنسان","الشعبة":"45024","النشاط":"محاضرة","الساعات":"2","الجنس":"ذكر","الحالة":"مفتوحة"},{"رقم المقرر":168,"رمز المقرر":"105 سلم","اسم المقرر":"حقوق الإنسان","الشعبة":"45095","النشاط":"محاضرة","الساعات":"2","الجنس":"ذكر","الحالة":"مغلقة"},{"رقم المقرر":169,"رمز المقرر":"105 سلم","اسم المقرر":"حقوق الإنسان","الشعبة":"45096","النشاط":"محاضرة","الساعات":"2","الجنس":"ذكر","الحالة":"مغلقة"},{"رقم المقرر":170,"رمز المقرر":"105 سلم","اسم المقرر":"حقوق الإنسان","الشعبة":"45233","النشاط":"محاضرة","الساعات":"2","الجنس":"ذكر","الحالة":"مفتوحة"},{"رقم المقرر":171,"رمز المقرر":"105 سلم","اسم المقرر":"حقوق الإنسان","الشعبة":"45854","النشاط":"محاضرة","الساعات":"2","الجنس":"ذكر","الحالة":"مفتوحة"},{"رقم المقرر":172,"رمز المقرر":"105 سلم","اسم المقرر":"حقوق الإنسان","الشعبة":"45855","النشاط":"محاضرة","الساعات":"2","الجنس":"ذكر","الحالة":"مفتوحة"},{"رقم المقرر":173,"رمز المقرر":"105 سلم","اسم المقرر":"حقوق الإنسان","الشعبة":"51661","النشاط":"محاضرة","الساعات":"2","الجنس":"ذكر","الحالة":"مفتوحة"},{"رقم المقرر":174,"رمز المقرر":"105 سلم","اسم المقرر":"حقوق الإنسان","الشعبة":"59357","النشاط":"محاضرة","الساعات":"2","الجنس":"ذكر","الحالة":"مفتوحة"},{"رقم المقرر":175,"رمز المقرر":"105 سلم","اسم المقرر":"حقوق الإنسان","الشعبة":"59659","النشاط":"محاضرة","الساعات":"2","الجنس":"ذكر","الحالة":"مغلقة"},{"رقم المقرر":176,"رمز المقرر":"105 سلم","اسم المقرر":"حقوق الإنسان","الشعبة":"60211","النشاط":"محاضرة","الساعات":"2","الجنس":"ذكر","الحالة":"مغلقة"},{"رقم المقرر":177,"رمز المقرر":"105 سلم","اسم المقرر":"حقوق الإنسان","الشعبة":"60300","النشاط":"محاضرة","الساعات":"2","الجنس":"ذكر","الحالة":"مفتوحة"},{"رقم المقرر":178,"رمز المقرر":"105 سلم","اسم المقرر":"حقوق الإنسان","الشعبة":"60301","النشاط":"محاضرة","الساعات":"2","الجنس":"ذكر","الحالة":"مغلقة"},{"رقم المقرر":179,"رمز المقرر":"105 سلم","اسم المقرر":"حقوق الإنسان","الشعبة":"63085","النشاط":"محاضرة","الساعات":"2","الجنس":"ذكر","الحالة":"مفتوحة"},{"رقم المقرر":180,"رمز المقرر":"105 سلم","اسم المقرر":"حقوق الإنسان","الشعبة":"64892","النشاط":"محاضرة","الساعات":"2","الجنس":"ذكر","الحالة":"مفتوحة"},{"رقم المقرر":181,"رمز المقرر":"105 سلم","اسم المقرر":"حقوق الإنسان","الشعبة":"64893","النشاط":"محاضرة","الساعات":"2","الجنس":"ذكر","الحالة":"مفتوحة"},{"رقم المقرر":182,"رمز المقرر":"334 نهج","اسم المقرر":"مقدمة في التعلم والتعليم","الشعبة":"36242","النشاط":"محاضرة","الساعات":"3","الجنس":"ذكر","الحالة":"مفتوحة"},{"رقم المقرر":183,"رمز المقرر":"334 نهج","اسم المقرر":"مقدمة في التعلم والتعليم","الشعبة":"36255","النشاط":"محاضرة","الساعات":"3","الجنس":"ذكر","الحالة":"مغلقة"},{"رقم المقرر":184,"رمز المقرر":"334 نهج","اسم المقرر":"مقدمة في التعلم والتعليم","الشعبة":"59337","النشاط":"محاضرة","الساعات":"3","الجنس":"ذكر","الحالة":"مفتوحة"},{"رقم المقرر":185,"رمز المقرر":"334 نهج","اسم المقرر":"مقدمة في التعلم والتعليم","الشعبة":"59338","النشاط":"محاضرة","الساعات":"3","الجنس":"ذكر","الحالة":"مفتوحة"},{"رقم المقرر":186,"رمز المقرر":"109 ترف","اسم المقرر":"المدخل الى التربية الفنية","الشعبة":"36358","النشاط":"محاضرة","الساعات":"2","الجنس":"ذكر","الحالة":"مفتوحة"},{"رقم المقرر":187,"رمز المقرر":"109 ترف","اسم المقرر":"المدخل الى التربية الفنية","الشعبة":"51853","النشاط":"عملي","الساعات":"","الجنس":"ذكر","الحالة":"مفتوحة"},{"رقم المقرر":188,"رمز المقرر":"102 ترب","اسم المقرر":"اصول التربية الإسلامية","الشعبة":"36352","النشاط":"محاضرة","الساعات":"2","الجنس":"ذكر","الحالة":"مفتوحة"},{"رقم المقرر":189,"رمز المقرر":"102 ترب","اسم المقرر":"اصول التربية الإسلامية","الشعبة":"36353","النشاط":"محاضرة","الساعات":"2","الجنس":"ذكر","الحالة":"مفتوحة"},{"رقم المقرر":190,"رمز المقرر":"102 ترب","اسم المقرر":"اصول التربية الإسلامية","الشعبة":"36354","النشاط":"محاضرة","الساعات":"2","الجنس":"ذكر","الحالة":"مفتوحة"},{"رقم المقرر":191,"رمز المقرر":"102 ترب","اسم المقرر":"اصول التربية الإسلامية","الشعبة":"36355","النشاط":"محاضرة","الساعات":"2","الجنس":"ذكر","الحالة":"مفتوحة"},{"رقم المقرر":192,"رمز المقرر":"102 ترب","اسم المقرر":"اصول التربية الإسلامية","الشعبة":"36356","النشاط":"محاضرة","الساعات":"2","الجنس":"ذكر","الحالة":"مفتوحة"},{"رقم المقرر":193,"رمز المقرر":"102 ترب","اسم المقرر":"اصول التربية الإسلامية","الشعبة":"52422","النشاط":"محاضرة","الساعات":"2","الجنس":"ذكر","الحالة":"مغلقة"},{"رقم المقرر":194,"رمز المقرر":"102 ترب","اسم المقرر":"اصول التربية الإسلامية","الشعبة":"53221","النشاط":"محاضرة","الساعات":"2","الجنس":"ذكر","الحالة":"مفتوحة"},{"رقم المقرر":195,"رمز المقرر":"102 ترب","اسم المقرر":"اصول التربية الإسلامية","الشعبة":"53223","النشاط":"محاضرة","الساعات":"2","الجنس":"ذكر","الحالة":"مفتوحة"},{"رقم المقرر":196,"رمز المقرر":"242 وسل","اسم المقرر":"دمج التقنية في بيئة التعلم","الشعبة":"38010","النشاط":"محاضرة","الساعات":"2","الجنس":"ذكر","الحالة":"مغلقة"},{"رقم المقرر":197,"رمز المقرر":"242 وسل","اسم المقرر":"دمج التقنية في بيئة التعلم","الشعبة":"52870","النشاط":"محاضرة","الساعات":"2","الجنس":"ذكر","الحالة":"مفتوحة"},{"رقم المقرر":198,"رمز المقرر":"242 وسل","اسم المقرر":"دمج التقنية في بيئة التعلم","الشعبة":"52871","النشاط":"محاضرة","الساعات":"2","الجنس":"ذكر","الحالة":"مفتوحة"},{"رقم المقرر":199,"رمز المقرر":"242 وسل","اسم المقرر":"دمج التقنية في بيئة التعلم","الشعبة":"52872","النشاط":"محاضرة","الساعات":"2","الجنس":"ذكر","الحالة":"مفتوحة"},{"رقم المقرر":200,"رمز المقرر":"242 وسل","اسم المقرر":"دمج التقنية في بيئة التعلم","الشعبة":"56828","النشاط":"محاضرة","الساعات":"2","الجنس":"ذكر","الحالة":"مغلقة"},{"رقم المقرر":201,"رمز المقرر":"242 وسل","اسم المقرر":"دمج التقنية في بيئة التعلم","الشعبة":"56829","النشاط":"محاضرة","الساعات":"2","الجنس":"ذكر","الحالة":"مفتوحة"},{"رقم المقرر":202,"رمز المقرر":"242 وسل","اسم المقرر":"دمج التقنية في بيئة التعلم","الشعبة":"56830","النشاط":"محاضرة","الساعات":"2","الجنس":"ذكر","الحالة":"مغلقة"},{"رقم المقرر":203,"رمز المقرر":"242 وسل","اسم المقرر":"دمج التقنية في بيئة التعلم","الشعبة":"57175","النشاط":"محاضرة","الساعات":"2","الجنس":"ذكر","الحالة":"مفتوحة"},{"رقم المقرر":204,"رمز المقرر":"242 وسل","اسم المقرر":"دمج التقنية في بيئة التعلم","الشعبة":"57176","النشاط":"محاضرة","الساعات":"2","الجنس":"ذكر","الحالة":"مفتوحة"},{"رقم المقرر":205,"رمز المقرر":"222 نفس","اسم المقرر":"علم النفس التربوي","الشعبة":"38011","النشاط":"محاضرة","الساعات":"2","الجنس":"ذكر","الحالة":"مغلقة"},{"رقم المقرر":206,"رمز المقرر":"222 نفس","اسم المقرر":"علم النفس التربوي","الشعبة":"45222","النشاط":"محاضرة","الساعات":"2","الجنس":"ذكر","الحالة":"مغلقة"},{"رقم المقرر":207,"رمز المقرر":"222 نفس","اسم المقرر":"علم النفس التربوي","الشعبة":"53099","النشاط":"محاضرة","الساعات":"2","الجنس":"ذكر","الحالة":"مغلقة"},{"رقم المقرر":208,"رمز المقرر":"222 نفس","اسم المقرر":"علم النفس التربوي","الشعبة":"53628","النشاط":"محاضرة","الساعات":"2","الجنس":"ذكر","الحالة":"مفتوحة"},{"رقم المقرر":209,"رمز المقرر":"222 نفس","اسم المقرر":"علم النفس التربوي","الشعبة":"53629","النشاط":"محاضرة","الساعات":"2","الجنس":"ذكر","الحالة":"مفتوحة"},{"رقم المقرر":210,"رمز المقرر":"222 نفس","اسم المقرر":"علم النفس التربوي","الشعبة":"57147","النشاط":"محاضرة","الساعات":"2","الجنس":"ذكر","الحالة":"مغلقة"},{"رقم المقرر":211,"رمز المقرر":"251 نهج","اسم المقرر":"تطبيقات تقنية المعلومات والاتصال في التعلم والتعليم","الشعبة":"38012","النشاط":"محاضرة","الساعات":"2","الجنس":"ذكر","الحالة":"مغلقة"},{"رقم المقرر":212,"رمز المقرر":"251 نهج","اسم المقرر":"تطبيقات تقنية المعلومات والاتصال في التعلم والتعليم","الشعبة":"38013","النشاط":"عملي","الساعات":"","الجنس":"ذكر","الحالة":"مغلقة"},{"رقم المقرر":213,"رمز المقرر":"251 نهج","اسم المقرر":"تطبيقات تقنية المعلومات والاتصال في التعلم والتعليم","الشعبة":"38027","النشاط":"محاضرة","الساعات":"2","الجنس":"ذكر","الحالة":"مغلقة"},{"رقم المقرر":214,"رمز المقرر":"251 نهج","اسم المقرر":"تطبيقات تقنية المعلومات والاتصال في التعلم والتعليم","الشعبة":"38028","النشاط":"عملي","الساعات":"","الجنس":"ذكر","الحالة":"مغلقة"},{"رقم المقرر":215,"رمز المقرر":"251 نهج","اسم المقرر":"تطبيقات تقنية المعلومات والاتصال في التعلم والتعليم","الشعبة":"38029","النشاط":"محاضرة","الساعات":"2","الجنس":"ذكر","الحالة":"مغلقة"},{"رقم المقرر":216,"رمز المقرر":"251 نهج","اسم المقرر":"تطبيقات تقنية المعلومات والاتصال في التعلم والتعليم","الشعبة":"38030","النشاط":"عملي","الساعات":"","الجنس":"ذكر","الحالة":"مغلقة"},{"رقم المقرر":217,"رمز المقرر":"251 نهج","اسم المقرر":"تطبيقات تقنية المعلومات والاتصال في التعلم والتعليم","الشعبة":"38031","النشاط":"محاضرة","الساعات":"2","الجنس":"ذكر","الحالة":"مغلقة"},{"رقم المقرر":218,"رمز المقرر":"251 نهج","اسم المقرر":"تطبيقات تقنية المعلومات والاتصال في التعلم والتعليم","الشعبة":"38032","النشاط":"عملي","الساعات":"","الجنس":"ذكر","الحالة":"مغلقة"},{"رقم المقرر":219,"رمز المقرر":"251 نهج","اسم المقرر":"تطبيقات تقنية المعلومات والاتصال في التعلم والتعليم","الشعبة":"54247","النشاط":"محاضرة","الساعات":"2","الجنس":"ذكر","الحالة":"مغلقة"},{"رقم المقرر":220,"رمز المقرر":"251 نهج","اسم المقرر":"تطبيقات تقنية المعلومات والاتصال في التعلم والتعليم","الشعبة":"54248","النشاط":"عملي","الساعات":"","الجنس":"ذكر","الحالة":"مغلقة"},{"رقم المقرر":221,"رمز المقرر":"251 نهج","اسم المقرر":"تطبيقات تقنية المعلومات والاتصال في التعلم والتعليم","الشعبة":"57087","النشاط":"محاضرة","الساعات":"2","الجنس":"ذكر","الحالة":"مغلقة"},{"رقم المقرر":222,"رمز المقرر":"251 نهج","اسم المقرر":"تطبيقات تقنية المعلومات والاتصال في التعلم والتعليم","الشعبة":"57088","النشاط":"عملي","الساعات":"","الجنس":"ذكر","الحالة":"مغلقة"},{"رقم المقرر":223,"رمز المقرر":"251 نهج","اسم المقرر":"تطبيقات تقنية المعلومات والاتصال في التعلم والتعليم","الشعبة":"57089","النشاط":"محاضرة","الساعات":"2","الجنس":"ذكر","الحالة":"مغلقة"},{"رقم المقرر":224,"رمز المقرر":"251 نهج","اسم المقرر":"تطبيقات تقنية المعلومات والاتصال في التعلم والتعليم","الشعبة":"57090","النشاط":"عملي","الساعات":"","الجنس":"ذكر","الحالة":"مغلقة"},{"رقم المقرر":225,"رمز المقرر":"251 نهج","اسم المقرر":"تطبيقات تقنية المعلومات والاتصال في التعلم والتعليم","الشعبة":"73070","النشاط":"محاضرة","الساعات":"2","الجنس":"ذكر","الحالة":"مغلقة"},{"رقم المقرر":226,"رمز المقرر":"251 نهج","اسم المقرر":"تطبيقات تقنية المعلومات والاتصال في التعلم والتعليم","الشعبة":"73071","النشاط":"عملي","الساعات":"","الجنس":"ذكر","الحالة":"مغلقة"},{"رقم المقرر":227,"رمز المقرر":"251 نهج","اسم المقرر":"تطبيقات تقنية المعلومات والاتصال في التعلم والتعليم","الشعبة":"73112","النشاط":"محاضرة","الساعات":"2","الجنس":"ذكر","الحالة":"مفتوحة"},{"رقم المقرر":228,"رمز المقرر":"251 نهج","اسم المقرر":"تطبيقات تقنية المعلومات والاتصال في التعلم والتعليم","الشعبة":"73113","النشاط":"عملي","الساعات":"","الجنس":"ذكر","الحالة":"مفتوحة"},{"رقم المقرر":229,"رمز المقرر":"264 خاص","اسم المقرر":"صعوبات التعليم في القراءة والكتابة","الشعبة":"39043","النشاط":"محاضرة","الساعات":"3","الجنس":"ذكر","الحالة":"مفتوحة"},{"رقم المقرر":230,"رمز المقرر":"264 خاص","اسم المقرر":"صعوبات التعليم في القراءة والكتابة","الشعبة":"53179","النشاط":"محاضرة","الساعات":"3","الجنس":"ذكر","الحالة":"مفتوحة"},{"رقم المقرر":231,"رمز المقرر":"413 خاص","اسم المقرر":"استراتيجيات التدريس والتعلم في مجال التخلف العقلي (2)","الشعبة":"44972","النشاط":"محاضرة","الساعات":"3","الجنس":"ذكر","الحالة":"مفتوحة"},{"رقم المقرر":232,"رمز المقرر":"477 خاص","اسم المقرر":"التدريب الميداني في مجال التخلف العقلي","الشعبة":"52788","النشاط":"تدريب","الساعات":"12","الجنس":"ذكر","الحالة":"مفتوحة"},{"رقم المقرر":233,"رمز المقرر":"477 خاص","اسم المقرر":"التدريب الميداني في مجال التخلف العقلي","الشعبة":"63118","النشاط":"تدريب","الساعات":"12","الجنس":"ذكر","الحالة":"مفتوحة"},{"رقم المقرر":234,"رمز المقرر":"477 خاص","اسم المقرر":"التدريب الميداني في مجال التخلف العقلي","الشعبة":"63119","النشاط":"تدريب","الساعات":"12","الجنس":"ذكر","الحالة":"مفتوحة"},{"رقم المقرر":235,"رمز المقرر":"477 خاص","اسم المقرر":"التدريب الميداني في مجال التخلف العقلي","الشعبة":"63120","النشاط":"تدريب","الساعات":"12","الجنس":"ذكر","الحالة":"مفتوحة"},{"رقم المقرر":236,"رمز المقرر":"477 خاص","اسم المقرر":"التدريب الميداني في مجال التخلف العقلي","الشعبة":"63121","النشاط":"تدريب","الساعات":"12","الجنس":"ذكر","الحالة":"مفتوحة"},{"رقم المقرر":237,"رمز المقرر":"108 سلم","اسم المقرر":"قضايا معاصرة","الشعبة":"45099","النشاط":"محاضرة","الساعات":"2","الجنس":"ذكر","الحالة":"مغلقة"},{"رقم المقرر":238,"رمز المقرر":"108 سلم","اسم المقرر":"قضايا معاصرة","الشعبة":"45100","النشاط":"محاضرة","الساعات":"2","الجنس":"ذكر","الحالة":"مغلقة"},{"رقم المقرر":239,"رمز المقرر":"108 سلم","اسم المقرر":"قضايا معاصرة","الشعبة":"45685","النشاط":"محاضرة","الساعات":"2","الجنس":"ذكر","الحالة":"مفتوحة"},{"رقم المقرر":240,"رمز المقرر":"108 سلم","اسم المقرر":"قضايا معاصرة","الشعبة":"45817","النشاط":"محاضرة","الساعات":"2","الجنس":"ذكر","الحالة":"مغلقة"},{"رقم المقرر":241,"رمز المقرر":"108 سلم","اسم المقرر":"قضايا معاصرة","الشعبة":"45818","النشاط":"محاضرة","الساعات":"2","الجنس":"ذكر","الحالة":"مغلقة"},{"رقم المقرر":242,"رمز المقرر":"108 سلم","اسم المقرر":"قضايا معاصرة","الشعبة":"45819","النشاط":"محاضرة","الساعات":"2","الجنس":"ذكر","الحالة":"مغلقة"},{"رقم المقرر":243,"رمز المقرر":"108 سلم","اسم المقرر":"قضايا معاصرة","الشعبة":"45839","النشاط":"محاضرة","الساعات":"2","الجنس":"ذكر","الحالة":"مغلقة"},{"رقم المقرر":244,"رمز المقرر":"108 سلم","اسم المقرر":"قضايا معاصرة","الشعبة":"45856","النشاط":"محاضرة","الساعات":"2","الجنس":"ذكر","الحالة":"مفتوحة"},{"رقم المقرر":245,"رمز المقرر":"108 سلم","اسم المقرر":"قضايا معاصرة","الشعبة":"45857","النشاط":"محاضرة","الساعات":"2","الجنس":"ذكر","الحالة":"مفتوحة"},{"رقم المقرر":246,"رمز المقرر":"108 سلم","اسم المقرر":"قضايا معاصرة","الشعبة":"45987","النشاط":"محاضرة","الساعات":"2","الجنس":"ذكر","الحالة":"مغلقة"},{"رقم المقرر":247,"رمز المقرر":"108 سلم","اسم المقرر":"قضايا معاصرة","الشعبة":"45988","النشاط":"محاضرة","الساعات":"2","الجنس":"ذكر","الحالة":"مغلقة"},{"رقم المقرر":248,"رمز المقرر":"108 سلم","اسم المقرر":"قضايا معاصرة","الشعبة":"51653","النشاط":"محاضرة","الساعات":"2","الجنس":"ذكر","الحالة":"مغلقة"},{"رقم المقرر":249,"رمز المقرر":"108 سلم","اسم المقرر":"قضايا معاصرة","الشعبة":"51667","النشاط":"محاضرة","الساعات":"2","الجنس":"ذكر","الحالة":"مغلقة"},{"رقم المقرر":250,"رمز المقرر":"108 سلم","اسم المقرر":"قضايا معاصرة","الشعبة":"59936","النشاط":"محاضرة","الساعات":"2","الجنس":"ذكر","الحالة":"مغلقة"},{"رقم المقرر":251,"رمز المقرر":"108 سلم","اسم المقرر":"قضايا معاصرة","الشعبة":"59937","النشاط":"محاضرة","الساعات":"2","الجنس":"ذكر","الحالة":"مغلقة"},{"رقم المقرر":252,"رمز المقرر":"101 سلم","اسم المقرر":"أصول الثقافة الإسلامية","الشعبة":"43904","النشاط":"محاضرة","الساعات":"2","الجنس":"ذكر","الحالة":"مغلقة"},{"رقم المقرر":253,"رمز المقرر":"101 سلم","اسم المقرر":"أصول الثقافة الإسلامية","الشعبة":"43905","النشاط":"محاضرة","الساعات":"2","الجنس":"ذكر","الحالة":"مغلقة"},{"رقم المقرر":254,"رمز المقرر":"101 سلم","اسم المقرر":"أصول الثقافة الإسلامية","الشعبة":"43907","النشاط":"محاضرة","الساعات":"2","الجنس":"ذكر","الحالة":"مغلقة"},{"رقم المقرر":255,"رمز المقرر":"101 سلم","اسم المقرر":"أصول الثقافة الإسلامية","الشعبة":"43990","النشاط":"محاضرة","الساعات":"2","الجنس":"ذكر","الحالة":"مغلقة"},{"رقم المقرر":256,"رمز المقرر":"101 سلم","اسم المقرر":"أصول الثقافة الإسلامية","الشعبة":"43991","النشاط":"محاضرة","الساعات":"2","الجنس":"ذكر","الحالة":"مفتوحة"},{"رقم المقرر":257,"رمز المقرر":"101 سلم","اسم المقرر":"أصول الثقافة الإسلامية","الشعبة":"44010","النشاط":"محاضرة","الساعات":"2","الجنس":"ذكر","الحالة":"مفتوحة"},{"رقم المقرر":258,"رمز المقرر":"101 سلم","اسم المقرر":"أصول الثقافة الإسلامية","الشعبة":"44011","النشاط":"محاضرة","الساعات":"2","الجنس":"ذكر","الحالة":"مغلقة"},{"رقم المقرر":259,"رمز المقرر":"101 سلم","اسم المقرر":"أصول الثقافة الإسلامية","الشعبة":"44016","النشاط":"محاضرة","الساعات":"2","الجنس":"ذكر","الحالة":"مغلقة"},{"رقم المقرر":260,"رمز المقرر":"101 سلم","اسم المقرر":"أصول الثقافة الإسلامية","الشعبة":"44030","النشاط":"محاضرة","الساعات":"2","الجنس":"ذكر","الحالة":"مغلقة"},{"رقم المقرر":261,"رمز المقرر":"101 سلم","اسم المقرر":"أصول الثقافة الإسلامية","الشعبة":"44031","النشاط":"محاضرة","الساعات":"2","الجنس":"ذكر","الحالة":"مغلقة"},{"رقم المقرر":262,"رمز المقرر":"101 سلم","اسم المقرر":"أصول الثقافة الإسلامية","الشعبة":"44034","النشاط":"محاضرة","الساعات":"2","الجنس":"ذكر","الحالة":"مفتوحة"},{"رقم المقرر":263,"رمز المقرر":"101 سلم","اسم المقرر":"أصول الثقافة الإسلامية","الشعبة":"44035","النشاط":"محاضرة","الساعات":"2","الجنس":"ذكر","الحالة":"مفتوحة"},{"رقم المقرر":264,"رمز المقرر":"101 سلم","اسم المقرر":"أصول الثقافة الإسلامية","الشعبة":"44102","النشاط":"محاضرة","الساعات":"2","الجنس":"ذكر","الحالة":"مفتوحة"},{"رقم المقرر":265,"رمز المقرر":"101 سلم","اسم المقرر":"أصول الثقافة الإسلامية","الشعبة":"44140","النشاط":"محاضرة","الساعات":"2","الجنس":"ذكر","الحالة":"مغلقة"},{"رقم المقرر":266,"رمز المقرر":"101 سلم","اسم المقرر":"أصول الثقافة الإسلامية","الشعبة":"44142","النشاط":"محاضرة","الساعات":"2","الجنس":"ذكر","الحالة":"مغلقة"},{"رقم المقرر":267,"رمز المقرر":"101 سلم","اسم المقرر":"أصول الثقافة الإسلامية","الشعبة":"44143","النشاط":"محاضرة","الساعات":"2","الجنس":"ذكر","الحالة":"مغلقة"},{"رقم المقرر":268,"رمز المقرر":"101 سلم","اسم المقرر":"أصول الثقافة الإسلامية","الشعبة":"44144","النشاط":"محاضرة","الساعات":"2","الجنس":"ذكر","الحالة":"مغلقة"},{"رقم المقرر":269,"رمز المقرر":"101 سلم","اسم المقرر":"أصول الثقافة الإسلامية","الشعبة":"44346","النشاط":"محاضرة","الساعات":"2","الجنس":"ذكر","الحالة":"مفتوحة"},{"رقم المقرر":270,"رمز المقرر":"101 سلم","اسم المقرر":"أصول الثقافة الإسلامية","الشعبة":"44347","النشاط":"محاضرة","الساعات":"2","الجنس":"ذكر","الحالة":"مغلقة"},{"رقم المقرر":271,"رمز المقرر":"101 سلم","اسم المقرر":"أصول الثقافة الإسلامية","الشعبة":"44955","النشاط":"محاضرة","الساعات":"2","الجنس":"ذكر","الحالة":"مفتوحة"},{"رقم المقرر":272,"رمز المقرر":"101 سلم","اسم المقرر":"أصول الثقافة الإسلامية","الشعبة":"44960","النشاط":"محاضرة","الساعات":"2","الجنس":"ذكر","الحالة":"مفتوحة"},{"رقم المقرر":273,"رمز المقرر":"101 سلم","اسم المقرر":"أصول الثقافة الإسلامية","الشعبة":"44962","النشاط":"محاضرة","الساعات":"2","الجنس":"ذكر","الحالة":"مغلقة"},{"رقم المقرر":274,"رمز المقرر":"101 سلم","اسم المقرر":"أصول الثقافة الإسلامية","الشعبة":"45088","النشاط":"محاضرة","الساعات":"2","الجنس":"ذكر","الحالة":"مغلقة"},{"رقم المقرر":275,"رمز المقرر":"101 سلم","اسم المقرر":"أصول الثقافة الإسلامية","الشعبة":"45089","النشاط":"محاضرة","الساعات":"2","الجنس":"ذكر","الحالة":"مغلقة"},{"رقم المقرر":276,"رمز المقرر":"101 سلم","اسم المقرر":"أصول الثقافة الإسلامية","الشعبة":"45677","النشاط":"محاضرة","الساعات":"2","الجنس":"ذكر","الحالة":"مفتوحة"},{"رقم المقرر":277,"رمز المقرر":"101 سلم","اسم المقرر":"أصول الثقافة الإسلامية","الشعبة":"45823","النشاط":"محاضرة","الساعات":"2","الجنس":"ذكر","الحالة":"مغلقة"},{"رقم المقرر":278,"رمز المقرر":"101 سلم","اسم المقرر":"أصول الثقافة الإسلامية","الشعبة":"45824","النشاط":"محاضرة","الساعات":"2","الجنس":"ذكر","الحالة":"مغلقة"},{"رقم المقرر":279,"رمز المقرر":"101 سلم","اسم المقرر":"أصول الثقافة الإسلامية","الشعبة":"45972","النشاط":"محاضرة","الساعات":"2","الجنس":"ذكر","الحالة":"مغلقة"},{"رقم المقرر":280,"رمز المقرر":"101 سلم","اسم المقرر":"أصول الثقافة الإسلامية","الشعبة":"46003","النشاط":"محاضرة","الساعات":"2","الجنس":"ذكر","الحالة":"مغلقة"},{"رقم المقرر":281,"رمز المقرر":"101 سلم","اسم المقرر":"أصول الثقافة الإسلامية","الشعبة":"46007","النشاط":"محاضرة","الساعات":"2","الجنس":"ذكر","الحالة":"مفتوحة"},{"رقم المقرر":282,"رمز المقرر":"101 سلم","اسم المقرر":"أصول الثقافة الإسلامية","الشعبة":"51892","النشاط":"محاضرة","الساعات":"2","الجنس":"ذكر","الحالة":"مغلقة"},{"رقم المقرر":283,"رمز المقرر":"101 سلم","اسم المقرر":"أصول الثقافة الإسلامية","الشعبة":"53088","النشاط":"محاضرة","الساعات":"2","الجنس":"ذكر","الحالة":"مغلقة"},{"رقم المقرر":284,"رمز المقرر":"101 سلم","اسم المقرر":"أصول الثقافة الإسلامية","الشعبة":"53091","النشاط":"محاضرة","الساعات":"2","الجنس":"ذكر","الحالة":"مفتوحة"},{"رقم المقرر":285,"رمز المقرر":"101 سلم","اسم المقرر":"أصول الثقافة الإسلامية","الشعبة":"56642","النشاط":"محاضرة","الساعات":"2","الجنس":"ذكر","الحالة":"مغلقة"},{"رقم المقرر":286,"رمز المقرر":"101 سلم","اسم المقرر":"أصول الثقافة الإسلامية","الشعبة":"57141","النشاط":"محاضرة","الساعات":"2","الجنس":"ذكر","الحالة":"مفتوحة"},{"رقم المقرر":287,"رمز المقرر":"101 سلم","اسم المقرر":"أصول الثقافة الإسلامية","الشعبة":"59330","النشاط":"محاضرة","الساعات":"2","الجنس":"ذكر","الحالة":"مغلقة"},{"رقم المقرر":288,"رمز المقرر":"101 سلم","اسم المقرر":"أصول الثقافة الإسلامية","الشعبة":"60207","النشاط":"محاضرة","الساعات":"2","الجنس":"ذكر","الحالة":"مغلقة"},{"رقم المقرر":289,"رمز المقرر":"102 سلم","اسم المقرر":"الأسرة في الإسلام","الشعبة":"44146","النشاط":"محاضرة","الساعات":"2","الجنس":"ذكر","الحالة":"مغلقة"},{"رقم المقرر":290,"رمز المقرر":"102 سلم","اسم المقرر":"الأسرة في الإسلام","الشعبة":"44319","النشاط":"محاضرة","الساعات":"2","الجنس":"ذكر","الحالة":"مفتوحة"},{"رقم المقرر":291,"رمز المقرر":"102 سلم","اسم المقرر":"الأسرة في الإسلام","الشعبة":"44961","النشاط":"محاضرة","الساعات":"2","الجنس":"ذكر","الحالة":"مفتوحة"},{"رقم المقرر":292,"رمز المقرر":"102 سلم","اسم المقرر":"الأسرة في الإسلام","الشعبة":"45023","النشاط":"محاضرة","الساعات":"2","الجنس":"ذكر","الحالة":"مفتوحة"},{"رقم المقرر":293,"رمز المقرر":"102 سلم","اسم المقرر":"الأسرة في الإسلام","الشعبة":"45678","النشاط":"محاضرة","الساعات":"2","الجنس":"ذكر","الحالة":"مفتوحة"},{"رقم المقرر":294,"رمز المقرر":"102 سلم","اسم المقرر":"الأسرة في الإسلام","الشعبة":"45825","النشاط":"محاضرة","الساعات":"2","الجنس":"ذكر","الحالة":"مغلقة"},{"رقم المقرر":295,"رمز المقرر":"102 سلم","اسم المقرر":"الأسرة في الإسلام","الشعبة":"45973","النشاط":"محاضرة","الساعات":"2","الجنس":"ذكر","الحالة":"مغلقة"},{"رقم المقرر":296,"رمز المقرر":"102 سلم","اسم المقرر":"الأسرة في الإسلام","الشعبة":"45974","النشاط":"محاضرة","الساعات":"2","الجنس":"ذكر","الحالة":"مغلقة"},{"رقم المقرر":297,"رمز المقرر":"102 سلم","اسم المقرر":"الأسرة في الإسلام","الشعبة":"45975","النشاط":"محاضرة","الساعات":"2","الجنس":"ذكر","الحالة":"مغلقة"},{"رقم المقرر":298,"رمز المقرر":"102 سلم","اسم المقرر":"الأسرة في الإسلام","الشعبة":"45978","النشاط":"محاضرة","الساعات":"2","الجنس":"ذكر","الحالة":"مغلقة"},{"رقم المقرر":299,"رمز المقرر":"102 سلم","اسم المقرر":"الأسرة في الإسلام","الشعبة":"45989","النشاط":"محاضرة","الساعات":"2","الجنس":"ذكر","الحالة":"مغلقة"},{"رقم المقرر":300,"رمز المقرر":"102 سلم","اسم المقرر":"الأسرة في الإسلام","الشعبة":"45990","النشاط":"محاضرة","الساعات":"2","الجنس":"ذكر","الحالة":"مفتوحة"},{"رقم المقرر":301,"رمز المقرر":"102 سلم","اسم المقرر":"الأسرة في الإسلام","الشعبة":"46039","النشاط":"محاضرة","الساعات":"2","الجنس":"ذكر","الحالة":"مفتوحة"},{"رقم المقرر":302,"رمز المقرر":"102 سلم","اسم المقرر":"الأسرة في الإسلام","الشعبة":"46040","النشاط":"محاضرة","الساعات":"2","الجنس":"ذكر","الحالة":"مفتوحة"},{"رقم المقرر":303,"رمز المقرر":"102 سلم","اسم المقرر":"الأسرة في الإسلام","الشعبة":"51658","النشاط":"محاضرة","الساعات":"2","الجنس":"ذكر","الحالة":"مفتوحة"},{"رقم المقرر":304,"رمز المقرر":"102 سلم","اسم المقرر":"الأسرة في الإسلام","الشعبة":"56922","النشاط":"محاضرة","الساعات":"2","الجنس":"ذكر","الحالة":"مغلقة"},{"رقم المقرر":305,"رمز المقرر":"102 سلم","اسم المقرر":"الأسرة في الإسلام","الشعبة":"59656","النشاط":"محاضرة","الساعات":"2","الجنس":"ذكر","الحالة":"مغلقة"},{"رقم المقرر":306,"رمز المقرر":"102 سلم","اسم المقرر":"الأسرة في الإسلام","الشعبة":"59662","النشاط":"محاضرة","الساعات":"2","الجنس":"ذكر","الحالة":"مغلقة"},{"رقم المقرر":307,"رمز المقرر":"102 سلم","اسم المقرر":"الأسرة في الإسلام","الشعبة":"59932","النشاط":"محاضرة","الساعات":"2","الجنس":"ذكر","الحالة":"مغلقة"},{"رقم المقرر":308,"رمز المقرر":"102 سلم","اسم المقرر":"الأسرة في الإسلام","الشعبة":"59941","النشاط":"محاضرة","الساعات":"2","الجنس":"ذكر","الحالة":"مغلقة"},{"رقم المقرر":309,"رمز المقرر":"102 سلم","اسم المقرر":"الأسرة في الإسلام","الشعبة":"59942","النشاط":"محاضرة","الساعات":"2","الجنس":"ذكر","الحالة":"مغلقة"},{"رقم المقرر":310,"رمز المقرر":"102 سلم","اسم المقرر":"الأسرة في الإسلام","الشعبة":"59952","النشاط":"محاضرة","الساعات":"2","الجنس":"ذكر","الحالة":"مغلقة"},{"رقم المقرر":311,"رمز المقرر":"102 سلم","اسم المقرر":"الأسرة في الإسلام","الشعبة":"59953","النشاط":"محاضرة","الساعات":"2","الجنس":"ذكر","الحالة":"مغلقة"},{"رقم المقرر":312,"رمز المقرر":"102 سلم","اسم المقرر":"الأسرة في الإسلام","الشعبة":"60208","النشاط":"محاضرة","الساعات":"2","الجنس":"ذكر","الحالة":"مفتوحة"},{"رقم المقرر":313,"رمز المقرر":"103 سلم","اسم المقرر":"النظام الاقتصادي الإسلامي","الشعبة":"44148","النشاط":"محاضرة","الساعات":"2","الجنس":"ذكر","الحالة":"مغلقة"},{"رقم المقرر":314,"رمز المقرر":"103 سلم","اسم المقرر":"النظام الاقتصادي الإسلامي","الشعبة":"44149","النشاط":"محاضرة","الساعات":"2","الجنس":"ذكر","الحالة":"مفتوحة"},{"رقم المقرر":315,"رمز المقرر":"103 سلم","اسم المقرر":"النظام الاقتصادي الإسلامي","الشعبة":"44150","النشاط":"محاضرة","الساعات":"2","الجنس":"ذكر","الحالة":"مفتوحة"},{"رقم المقرر":316,"رمز المقرر":"103 سلم","اسم المقرر":"النظام الاقتصادي الإسلامي","الشعبة":"44320","النشاط":"محاضرة","الساعات":"2","الجنس":"ذكر","الحالة":"مغلقة"},{"رقم المقرر":317,"رمز المقرر":"103 سلم","اسم المقرر":"النظام الاقتصادي الإسلامي","الشعبة":"44963","النشاط":"محاضرة","الساعات":"2","الجنس":"ذكر","الحالة":"مغلقة"},{"رقم المقرر":318,"رمز المقرر":"103 سلم","اسم المقرر":"النظام الاقتصادي الإسلامي","الشعبة":"45091","النشاط":"محاضرة","الساعات":"2","الجنس":"ذكر","الحالة":"مغلقة"},{"رقم المقرر":319,"رمز المقرر":"103 سلم","اسم المقرر":"النظام الاقتصادي الإسلامي","الشعبة":"45092","النشاط":"محاضرة","الساعات":"2","الجنس":"ذكر","الحالة":"مغلقة"},{"رقم المقرر":320,"رمز المقرر":"103 سلم","اسم المقرر":"النظام الاقتصادي الإسلامي","الشعبة":"45680","النشاط":"محاضرة","الساعات":"2","الجنس":"ذكر","الحالة":"مغلقة"},{"رقم المقرر":321,"رمز المقرر":"103 سلم","اسم المقرر":"النظام الاقتصادي الإسلامي","الشعبة":"45979","النشاط":"محاضرة","الساعات":"2","الجنس":"ذكر","الحالة":"مغلقة"},{"رقم المقرر":322,"رمز المقرر":"103 سلم","اسم المقرر":"النظام الاقتصادي الإسلامي","الشعبة":"45980","النشاط":"محاضرة","الساعات":"2","الجنس":"ذكر","الحالة":"مغلقة"},{"رقم المقرر":323,"رمز المقرر":"103 سلم","اسم المقرر":"النظام الاقتصادي الإسلامي","الشعبة":"45981","النشاط":"محاضرة","الساعات":"2","الجنس":"ذكر","الحالة":"مغلقة"},{"رقم المقرر":324,"رمز المقرر":"103 سلم","اسم المقرر":"النظام الاقتصادي الإسلامي","الشعبة":"45991","النشاط":"محاضرة","الساعات":"2","الجنس":"ذكر","الحالة":"مفتوحة"},{"رقم المقرر":325,"رمز المقرر":"103 سلم","اسم المقرر":"النظام الاقتصادي الإسلامي","الشعبة":"46041","النشاط":"محاضرة","الساعات":"2","الجنس":"ذكر","الحالة":"مفتوحة"},{"رقم المقرر":326,"رمز المقرر":"103 سلم","اسم المقرر":"النظام الاقتصادي الإسلامي","الشعبة":"51659","النشاط":"محاضرة","الساعات":"2","الجنس":"ذكر","الحالة":"مفتوحة"},{"رقم المقرر":327,"رمز المقرر":"103 سلم","اسم المقرر":"النظام الاقتصادي الإسلامي","الشعبة":"59657","النشاط":"محاضرة","الساعات":"2","الجنس":"ذكر","الحالة":"مغلقة"},{"رقم المقرر":328,"رمز المقرر":"103 سلم","اسم المقرر":"النظام الاقتصادي الإسلامي","الشعبة":"59663","النشاط":"محاضرة","الساعات":"2","الجنس":"ذكر","الحالة":"مغلقة"},{"رقم المقرر":329,"رمز المقرر":"103 سلم","اسم المقرر":"النظام الاقتصادي الإسلامي","الشعبة":"60209","النشاط":"محاضرة","الساعات":"2","الجنس":"ذكر","الحالة":"مفتوحة"},{"رقم المقرر":330,"رمز المقرر":"104 سلم","اسم المقرر":"النظام السياسي الإسلامي","الشعبة":"44136","النشاط":"محاضرة","الساعات":"2","الجنس":"ذكر","الحالة":"مفتوحة"},{"رقم المقرر":331,"رمز المقرر":"104 سلم","اسم المقرر":"النظام السياسي الإسلامي","الشعبة":"44151","النشاط":"محاضرة","الساعات":"2","الجنس":"ذكر","الحالة":"مغلقة"},{"رقم المقرر":332,"رمز المقرر":"104 سلم","اسم المقرر":"النظام السياسي الإسلامي","الشعبة":"44152","النشاط":"محاضرة","الساعات":"2","الجنس":"ذكر","الحالة":"مغلقة"},{"رقم المقرر":333,"رمز المقرر":"104 سلم","اسم المقرر":"النظام السياسي الإسلامي","الشعبة":"44321","النشاط":"محاضرة","الساعات":"2","الجنس":"ذكر","الحالة":"مفتوحة"},{"رقم المقرر":334,"رمز المقرر":"104 سلم","اسم المقرر":"النظام السياسي الإسلامي","الشعبة":"44957","النشاط":"محاضرة","الساعات":"2","الجنس":"ذكر","الحالة":"مفتوحة"},{"رقم المقرر":335,"رمز المقرر":"104 سلم","اسم المقرر":"النظام السياسي الإسلامي","الشعبة":"44959","النشاط":"محاضرة","الساعات":"2","الجنس":"ذكر","الحالة":"مفتوحة"},{"رقم المقرر":336,"رمز المقرر":"104 سلم","اسم المقرر":"النظام السياسي الإسلامي","الشعبة":"45093","النشاط":"محاضرة","الساعات":"2","الجنس":"ذكر","الحالة":"مغلقة"},{"رقم المقرر":337,"رمز المقرر":"104 سلم","اسم المقرر":"النظام السياسي الإسلامي","الشعبة":"45094","النشاط":"محاضرة","الساعات":"2","الجنس":"ذكر","الحالة":"مغلقة"},{"رقم المقرر":338,"رمز المقرر":"104 سلم","اسم المقرر":"النظام السياسي الإسلامي","الشعبة":"45684","النشاط":"محاضرة","الساعات":"2","الجنس":"ذكر","الحالة":"مغلقة"},{"رقم المقرر":339,"رمز المقرر":"104 سلم","اسم المقرر":"النظام السياسي الإسلامي","الشعبة":"45983","النشاط":"محاضرة","الساعات":"2","الجنس":"ذكر","الحالة":"مغلقة"},{"رقم المقرر":340,"رمز المقرر":"104 سلم","اسم المقرر":"النظام السياسي الإسلامي","الشعبة":"45984","النشاط":"محاضرة","الساعات":"2","الجنس":"ذكر","الحالة":"مغلقة"},{"رقم المقرر":341,"رمز المقرر":"104 سلم","اسم المقرر":"النظام السياسي الإسلامي","الشعبة":"45992","النشاط":"محاضرة","الساعات":"2","الجنس":"ذكر","الحالة":"مفتوحة"},{"رقم المقرر":342,"رمز المقرر":"104 سلم","اسم المقرر":"النظام السياسي الإسلامي","الشعبة":"46044","النشاط":"محاضرة","الساعات":"2","الجنس":"ذكر","الحالة":"مفتوحة"},{"رقم المقرر":343,"رمز المقرر":"104 سلم","اسم المقرر":"النظام السياسي الإسلامي","الشعبة":"51660","النشاط":"محاضرة","الساعات":"2","الجنس":"ذكر","الحالة":"مغلقة"},{"رقم المقرر":344,"رمز المقرر":"104 سلم","اسم المقرر":"النظام السياسي الإسلامي","الشعبة":"56645","النشاط":"محاضرة","الساعات":"2","الجنس":"ذكر","الحالة":"مفتوحة"},{"رقم المقرر":345,"رمز المقرر":"104 سلم","اسم المقرر":"النظام السياسي الإسلامي","الشعبة":"57144","النشاط":"محاضرة","الساعات":"2","الجنس":"ذكر","الحالة":"مغلقة"},{"رقم المقرر":346,"رمز المقرر":"104 سلم","اسم المقرر":"النظام السياسي الإسلامي","الشعبة":"59658","النشاط":"محاضرة","الساعات":"2","الجنس":"ذكر","الحالة":"مغلقة"},{"رقم المقرر":347,"رمز المقرر":"104 سلم","اسم المقرر":"النظام السياسي الإسلامي","الشعبة":"59666","النشاط":"محاضرة","الساعات":"2","الجنس":"ذكر","الحالة":"مغلقة"},{"رقم المقرر":348,"رمز المقرر":"104 سلم","اسم المقرر":"النظام السياسي الإسلامي","الشعبة":"59933","النشاط":"محاضرة","الساعات":"2","الجنس":"ذكر","الحالة":"مغلقة"},{"رقم المقرر":349,"رمز المقرر":"104 سلم","اسم المقرر":"النظام السياسي الإسلامي","الشعبة":"59944","النشاط":"محاضرة","الساعات":"2","الجنس":"ذكر","الحالة":"مغلقة"},{"رقم المقرر":350,"رمز المقرر":"104 سلم","اسم المقرر":"النظام السياسي الإسلامي","الشعبة":"59955","النشاط":"محاضرة","الساعات":"2","الجنس":"ذكر","الحالة":"مفتوحة"},{"رقم المقرر":351,"رمز المقرر":"104 سلم","اسم المقرر":"النظام السياسي الإسلامي","الشعبة":"60210","النشاط":"محاضرة","الساعات":"2","الجنس":"ذكر","الحالة":"مفتوحة"},{"رقم المقرر":352,"رمز المقرر":"100 سلم","اسم المقرر":"دراسات في السيرة النبوية","الشعبة":"44101","النشاط":"محاضرة","الساعات":"2","الجنس":"ذكر","الحالة":"مغلقة"},{"رقم المقرر":353,"رمز المقرر":"100 سلم","اسم المقرر":"دراسات في السيرة النبوية","الشعبة":"45675","النشاط":"محاضرة","الساعات":"2","الجنس":"ذكر","الحالة":"مفتوحة"},{"رقم المقرر":354,"رمز المقرر":"100 سلم","اسم المقرر":"دراسات في السيرة النبوية","الشعبة":"45820","النشاط":"محاضرة","الساعات":"2","الجنس":"ذكر","الحالة":"مغلقة"},{"رقم المقرر":355,"رمز المقرر":"100 سلم","اسم المقرر":"دراسات في السيرة النبوية","الشعبة":"52568","النشاط":"محاضرة","الساعات":"2","الجنس":"ذكر","الحالة":"مغلقة"},{"رقم المقرر":356,"رمز المقرر":"100 سلم","اسم المقرر":"دراسات في السيرة النبوية","الشعبة":"59358","النشاط":"محاضرة","الساعات":"2","الجنس":"ذكر","الحالة":"مغلقة"},{"رقم المقرر":357,"رمز المقرر":"100 سلم","اسم المقرر":"دراسات في السيرة النبوية","الشعبة":"59938","النشاط":"محاضرة","الساعات":"2","الجنس":"ذكر","الحالة":"مغلقة"},{"رقم المقرر":358,"رمز المقرر":"100 سلم","اسم المقرر":"دراسات في السيرة النبوية","الشعبة":"59940","النشاط":"محاضرة","الساعات":"2","الجنس":"ذكر","الحالة":"مفتوحة"},{"رقم المقرر":359,"رمز المقرر":"100 سلم","اسم المقرر":"دراسات في السيرة النبوية","الشعبة":"60206","النشاط":"محاضرة","الساعات":"2","الجنس":"ذكر","الحالة":"مفتوحة"},{"رقم المقرر":360,"رمز المقرر":"100 سلم","اسم المقرر":"دراسات في السيرة النبوية","الشعبة":"60213","النشاط":"محاضرة","الساعات":"2","الجنس":"ذكر","الحالة":"مغلقة"},{"رقم المقرر":361,"رمز المقرر":"410 خاص","اسم المقرر":"استراتيجيات التدريس والتعلم في مجال التخلف العقلي (1)","الشعبة":"44968","النشاط":"محاضرة","الساعات":"2","الجنس":"ذكر","الحالة":"مفتوحة"},{"رقم المقرر":362,"رمز المقرر":"100 قرأ","اسم المقرر":"القرآن الكريم","الشعبة":"58258","النشاط":"محاضرة","الساعات":"2","الجنس":"ذكر","الحالة":"مغلقة"},{"رقم المقرر":363,"رمز المقرر":"100 قرأ","اسم المقرر":"القرآن الكريم","الشعبة":"58259","النشاط":"محاضرة","الساعات":"2","الجنس":"ذكر","الحالة":"مغلقة"},{"رقم المقرر":364,"رمز المقرر":"100 قرأ","اسم المقرر":"القرآن الكريم","الشعبة":"58260","النشاط":"محاضرة","الساعات":"2","الجنس":"ذكر","الحالة":"مغلقة"},{"رقم المقرر":365,"رمز المقرر":"100 قرأ","اسم المقرر":"القرآن الكريم","الشعبة":"58261","النشاط":"محاضرة","الساعات":"2","الجنس":"ذكر","الحالة":"مغلقة"},{"رقم المقرر":366,"رمز المقرر":"100 قرأ","اسم المقرر":"القرآن الكريم","الشعبة":"58262","النشاط":"محاضرة","الساعات":"2","الجنس":"ذكر","الحالة":"مغلقة"},{"رقم المقرر":367,"رمز المقرر":"100 قرأ","اسم المقرر":"القرآن الكريم","الشعبة":"59905","النشاط":"محاضرة","الساعات":"2","الجنس":"ذكر","الحالة":"مغلقة"},{"رقم المقرر":368,"رمز المقرر":"100 قرأ","اسم المقرر":"القرآن الكريم","الشعبة":"59906","النشاط":"محاضرة","الساعات":"2","الجنس":"ذكر","الحالة":"مغلقة"},{"رقم المقرر":369,"رمز المقرر":"100 قرأ","اسم المقرر":"القرآن الكريم","الشعبة":"59907","النشاط":"محاضرة","الساعات":"2","الجنس":"ذكر","الحالة":"مغلقة"},{"رقم المقرر":370,"رمز المقرر":"100 قرأ","اسم المقرر":"القرآن الكريم","الشعبة":"60205","النشاط":"محاضرة","الساعات":"2","الجنس":"ذكر","الحالة":"مغلقة"},{"رقم المقرر":371,"رمز المقرر":"100 قرأ","اسم المقرر":"القرآن الكريم","الشعبة":"60212","النشاط":"محاضرة","الساعات":"2","الجنس":"ذكر","الحالة":"مغلقة"},{"رقم المقرر":372,"رمز المقرر":"100 قرأ","اسم المقرر":"القرآن الكريم","الشعبة":"60436","النشاط":"محاضرة","الساعات":"2","الجنس":"ذكر","الحالة":"مغلقة"},{"رقم المقرر":373,"رمز المقرر":"100 قرأ","اسم المقرر":"القرآن الكريم","الشعبة":"60437","النشاط":"محاضرة","الساعات":"2","الجنس":"ذكر","الحالة":"مغلقة"},{"رقم المقرر":374,"رمز المقرر":"100 قرأ","اسم المقرر":"القرآن الكريم","الشعبة":"64853","النشاط":"محاضرة","الساعات":"2","الجنس":"ذكر","الحالة":"مغلقة"},{"رقم المقرر":375,"رمز المقرر":"100 قرأ","اسم المقرر":"القرآن الكريم","الشعبة":"73068","النشاط":"محاضرة","الساعات":"2","الجنس":"ذكر","الحالة":"مغلقة"},{"رقم المقرر":376,"رمز المقرر":"100 قرأ","اسم المقرر":"القرآن الكريم","الشعبة":"73069","النشاط":"محاضرة","الساعات":"2","الجنس":"ذكر","الحالة":"مغلقة"}]